contract_id,tender_id,supplier_id,award_amount_kes,contract_start_date,days_delayed,cost_overrun_percentage,delivery_quality,contract_status,supplier_age_at_award_days
C-1,1,385,39673952.49124118,2023-06-16,51,0.84,Good,Completed,-502
C-2,2,402,46443771.10490891,2022-12-08,16,5.54,Good,Completed,1397
C-3,3,4,7480439.270042791,2024-09-04,23,0.71,Fair,Completed,2150
C-4,4,46,4520952.650168879,2023-09-08,2,3.32,Good,Completed,227
C-5,5,470,4967366.203568449,2022-07-29,16,10.72,Good,Completed,1207
C-6,6,410,9612382.741952784,2025-10-16,0,1.46,Good,Completed,2753
C-7,7,68,395807213.31616527,2020-01-11,163,32.91,Poor,Completed,-160
C-8,8,263,8427660.57862951,2021-03-12,25,0.0,Good,Completed,386
C-9,9,248,1957380.1233251952,2025-09-12,0,4.58,Fair,Completed,2374
C-10,10,370,9747600.792762266,2021-12-06,0,6.56,Good,Completed,155
C-11,11,217,218420.16291991982,2023-03-09,5,0.0,Good,Completed,627
C-12,12,436,3243923.7274334626,2024-01-22,38,8.61,Good,Completed,2845
C-13,13,262,9745633.628206918,2024-05-26,52,5.45,Good,Completed,2950
C-14,14,180,3797824.7615272575,2024-02-28,62,9.1,Good,Completed,1384
C-15,15,412,1926353.9102078448,2021-11-14,10,11.07,Good,Completed,1974
C-16,16,376,7602915.8656954495,2022-04-20,7,10.84,Good,Completed,-1301
C-17,17,125,170222245.30607024,2021-11-01,2,3.19,Good,Completed,1969
C-18,18,268,5548822.913506131,2024-12-10,16,2.5,Good,Completed,-147
C-19,19,347,9637686.185468048,2025-09-09,39,8.79,Good,Completed,1223
C-20,20,404,4337572.610004638,2024-05-13,7,2.59,Good,Completed,2551
C-21,21,131,2798324.88747067,2023-02-22,23,0.0,Good,Completed,-694
C-22,22,411,1966567.5751327823,2025-04-29,0,3.91,Fair,Completed,2042
C-23,23,223,6692012.36503531,2022-01-20,6,10.22,Good,Completed,1234
C-24,24,141,8201638.846248309,2022-12-09,9,8.87,Good,Completed,-349
C-25,25,237,2646254.3615622767,2021-02-16,0,0.0,Good,Completed,1601
C-26,26,387,3331154.3925278615,2025-06-10,52,1.37,Good,Completed,1878
C-27,27,285,6407274.843777028,2022-06-02,53,12.14,Good,Completed,999
C-28,28,94,22904807.87594195,2021-05-06,46,0.39,Fair,Completed,741
C-29,29,117,42711104.863881774,2021-04-07,32,0.17,Fair,Completed,-1468
C-30,30,117,1191879.623737215,2023-07-16,42,3.6,Good,Completed,-638
C-31,31,322,108514021.94401161,2020-09-26,4,8.73,Good,Completed,1439
C-32,32,253,1390794.401257297,2023-11-26,8,12.53,Good,Completed,1309
C-33,33,99,2657162.274531694,2022-04-02,35,3.22,Fair,Completed,183
C-34,34,182,8610066.481772387,2021-07-14,0,5.15,Good,Completed,1697
C-35,35,446,2142804.744323338,2023-09-27,47,0.83,Good,Completed,452
C-36,36,81,406604944.1884819,2025-12-19,24,5.24,Good,Completed,1192
C-37,37,259,4875977.42102733,2020-08-24,3,4.52,Fair,Completed,-474
C-38,38,238,2827308.836650981,2020-02-13,25,0.41,Good,Completed,1033
C-39,39,151,33243588.960084226,2020-09-10,1,5.73,Poor,Completed,1592
C-40,40,428,9053531.38962576,2022-04-13,0,3.57,Good,Completed,164
C-41,41,37,8760697.352874747,2021-07-07,0,6.75,Good,Completed,-455
C-42,42,234,4471815.01359625,2020-12-01,51,4.08,Good,Completed,-1106
C-43,43,378,35380536.90563777,2024-02-11,11,8.87,Good,Completed,2056
C-44,44,186,2326333.3774086013,2021-10-21,31,7.27,Good,Completed,1842
C-45,45,404,260872576.83638215,2020-08-09,0,10.13,Good,Completed,1178
C-46,46,108,29207091.953603134,2021-08-14,28,8.51,Good,Completed,-124
C-47,47,290,10323390.523249637,2024-03-15,50,5.52,Good,Completed,1366
C-48,48,185,422420.0090228205,2024-12-24,12,4.42,Good,Completed,2414
C-49,49,384,52146421.90935801,2023-01-25,16,2.78,Good,Completed,2519
C-50,50,409,9981365.569830598,2020-09-14,36,3.14,Good,Completed,1548
C-51,51,456,4139163.0987803037,2024-09-15,0,7.66,Fair,Completed,-265
C-52,52,178,4565439.437219421,2021-03-11,1,13.51,Good,Completed,-910
C-53,53,288,6800548.798597977,2024-08-31,42,7.76,Good,Completed,2753
C-54,54,108,3934977.937423146,2023-02-20,70,0.0,Good,Completed,431
C-55,55,176,1407713.9050569662,2022-02-23,26,0.87,Good,Completed,982
C-56,56,167,7601822.173504622,2021-10-09,0,6.94,Good,Completed,901
C-57,57,182,4107752.8153034113,2023-04-15,0,1.01,Fair,Completed,2337
C-58,58,351,458419.7944347782,2021-03-31,5,2.84,Good,Completed,-1614
C-59,59,237,463231494.9526021,2022-11-19,5,0.0,Good,Completed,2242
C-60,60,286,6080049.503008544,2020-01-06,11,16.22,Good,Completed,-56
C-61,61,275,164654165.7752391,2020-07-14,1,4.64,Good,Completed,805
C-62,62,308,7442699.79448759,2025-01-03,26,0.0,Fair,Completed,642
C-63,63,369,1968718.5191412624,2022-12-18,16,7.54,Poor,Completed,2421
C-64,64,110,391676275.79592884,2024-09-03,38,3.73,Good,Completed,3071
C-65,65,322,1404812.903952048,2024-05-04,5,4.51,Good,Completed,2755
C-66,66,454,2023696.809155596,2025-06-05,13,0.0,Fair,Completed,521
C-67,67,289,4178904.2115791477,2021-05-21,1,8.64,Good,Completed,64
C-68,68,370,97095490.997286,2021-08-01,72,39.42,Poor,Completed,28
C-69,69,161,8741240.477581838,2020-08-06,0,0.0,Fair,Completed,1408
C-70,70,115,4324029.21576092,2025-03-30,17,1.5,Good,Completed,214
C-71,71,196,2982353.409962615,2021-09-28,6,10.13,Good,Completed,-1254
C-72,72,37,6617331.826470318,2024-01-22,0,12.24,Poor,Completed,474
C-73,73,412,47829327.250009924,2024-06-06,17,8.69,Good,Completed,2909
C-74,74,283,8449100.26050933,2025-02-08,25,5.85,Good,Completed,3282
C-75,75,335,50142765.31547339,2020-04-10,55,0.0,Good,Completed,241
C-76,76,213,3602097.177913335,2020-10-30,6,0.83,Good,Completed,-484
C-77,77,485,237784268.96723703,2021-01-08,130,24.67,Poor,Completed,-364
C-78,78,475,8016138.749825433,2025-05-13,57,7.89,Fair,Completed,2282
C-79,79,109,2186689.8530911584,2021-08-10,0,0.0,Good,Completed,-1398
C-80,80,284,466398182.2870251,2020-07-22,164,43.74,Poor,Terminated,-845
C-81,81,455,5822691.904360711,2022-01-20,0,0.0,Good,Completed,1621
C-82,82,390,9926032.055437926,2022-05-28,44,9.32,Fair,Completed,1836
C-83,83,381,2549541.5787850074,2021-08-18,36,0.0,Good,Completed,-617
C-84,84,497,326079835.2061873,2024-02-20,168,39.25,Poor,Terminated,-480
C-85,85,341,4447075.10475441,2024-10-18,11,1.73,Good,Completed,1538
C-86,86,370,4376417.982506896,2025-04-25,18,0.0,Good,Completed,1391
C-87,87,321,3777471.674446863,2020-09-04,0,4.97,Good,Completed,-210
C-88,88,445,1046441.4418302345,2024-05-10,1,3.55,Fair,Completed,909
C-89,89,294,7603343.213402309,2025-01-23,0,3.42,Good,Completed,1669
C-90,90,197,2997720.268809262,2022-06-30,30,5.99,Good,Completed,1239
C-91,91,281,4044035.260365471,2022-11-23,0,6.07,Good,Completed,1318
C-92,92,334,4593860.860116686,2024-01-26,0,5.69,Good,Completed,2645
C-93,93,325,1412787.0555548917,2023-09-01,28,0.0,Good,Completed,730
C-94,94,142,7164074.97127651,2022-02-24,73,11.51,Fair,Completed,1602
C-95,95,131,383876805.83958894,2025-03-04,83,44.2,Poor,Completed,47
C-96,96,131,3431541.4954059836,2025-01-11,53,0.39,Good,Completed,-5
C-97,97,152,28465177.503312968,2020-10-13,50,0.28,Good,Completed,-244
C-98,98,212,1359974.7513110798,2022-12-05,0,5.96,Good,Completed,348
C-99,99,198,4458930.332453334,2022-06-20,44,6.77,Good,Completed,1038
C-100,100,260,1851632.0538641252,2020-05-18,0,5.57,Good,Completed,251
C-101,101,432,355860770.18028206,2021-11-19,12,0.39,Fair,Completed,2020
C-102,102,361,1553957.859749136,2025-03-17,4,2.41,Poor,Completed,1689
C-103,103,31,9934633.321262315,2024-08-08,0,0.0,Fair,Completed,-55
C-104,104,279,49279201.317017786,2024-05-04,48,10.23,Good,Completed,1836
C-105,105,451,3167992.3636855325,2025-11-12,19,1.62,Good,Completed,2835
C-106,106,233,6193402.880582742,2025-03-28,0,1.21,Fair,Completed,932
C-107,107,467,7053975.2954931315,2023-02-20,53,9.68,Good,Completed,964
C-108,108,305,4369113.933759689,2023-09-16,4,10.88,Good,Completed,1714
C-109,109,240,442073525.21285933,2023-12-20,59,4.81,Good,Completed,1729
C-110,110,280,965702.1295208841,2022-11-21,5,10.14,Good,Completed,-375
C-111,111,418,5415529.509921756,2024-01-21,57,5.93,Fair,Completed,2779
C-112,112,488,5325006.385752834,2020-11-21,0,6.01,Fair,Completed,693
C-113,113,254,399417056.7482001,2023-05-08,20,0.0,Good,Completed,2495
C-114,114,202,8736019.621310426,2020-04-29,7,9.21,Good,Completed,723
C-115,115,139,42102915.69474386,2025-08-09,11,5.38,Good,Completed,672
C-116,116,343,334010937.67031354,2025-02-02,138,46.32,Poor,Completed,-143
C-117,117,484,1301811.360913499,2022-12-22,12,1.21,Good,Completed,164
C-118,118,407,138872422.01578388,2020-06-13,0,1.73,Good,Completed,1420
C-119,119,67,5115486.688050484,2021-12-03,0,0.78,Fair,Completed,220
C-120,120,366,267222257.8084543,2025-10-26,9,0.5,Good,Completed,2528
C-121,121,481,3443771.1570371105,2023-01-15,0,0.0,Good,Completed,80
C-122,122,359,402880283.39780414,2023-11-10,7,8.1,Good,Completed,1225
C-123,123,85,4901165.3524147095,2024-11-25,60,2.92,Good,Completed,1980
C-124,124,486,7540973.586175224,2022-10-02,17,10.99,Good,Completed,915
C-125,125,403,52191604.77130986,2023-06-09,5,3.81,Good,Completed,2290
C-126,126,249,7975476.01312236,2025-02-19,65,5.12,Fair,Completed,-119
C-127,127,332,136178478.81427705,2021-11-23,15,0.94,Good,Completed,2042
C-128,128,200,15455330.105351022,2024-06-20,16,14.04,Poor,Completed,909
C-129,129,145,406593011.66577494,2020-08-12,167,54.18,Poor,Completed,346
C-130,130,392,830789.4844946524,2020-03-19,9,2.03,Good,Completed,-1824
C-131,131,40,8765790.672359623,2020-01-01,0,3.36,Good,Completed,-2180
C-132,132,359,3045376.303248133,2024-09-30,4,3.85,Poor,Completed,1550
C-133,133,228,2431924.516137494,2023-10-28,53,10.37,Poor,Completed,1532
C-134,134,326,3781722.643820212,2023-01-18,40,14.52,Poor,Completed,43
C-135,135,167,9014285.187185947,2023-12-05,0,12.28,Good,Completed,1688
C-136,136,118,6435792.051271905,2025-09-13,44,7.48,Good,Completed,948
C-137,137,227,215808743.32809287,2024-12-13,0,13.15,Poor,Completed,1047
C-138,138,288,2642804.7627131464,2021-05-03,15,13.16,Good,Completed,1537
C-139,139,129,364451814.74940515,2021-12-28,3,18.52,Good,Completed,797
C-140,140,28,5264590.179522519,2023-09-19,0,18.03,Fair,Completed,-134
C-141,141,29,2076237.0209643194,2024-04-19,0,5.65,Good,Completed,-127
C-142,142,211,3745720.021271056,2024-04-17,0,11.16,Good,Completed,2158
C-143,143,381,7193713.37849272,2020-08-01,34,8.48,Good,Completed,-999
C-144,144,461,7482932.677784855,2021-04-30,0,0.0,Good,Completed,157
C-145,145,358,390835191.4656061,2022-02-17,192,38.46,Poor,Completed,-64
C-146,146,250,216833592.9676992,2025-10-14,3,7.49,Good,Completed,2878
C-147,147,64,276580035.4146979,2023-04-14,6,6.07,Good,Completed,1947
C-148,148,401,4870179.280999016,2024-03-18,45,1.34,Good,Completed,2708
C-149,149,484,2322518.2221923163,2025-05-19,0,6.77,Fair,Completed,1043
C-150,150,259,7841760.690862385,2020-11-03,0,5.32,Fair,Completed,-403
C-151,151,241,41443496.675172225,2024-06-14,2,3.83,Good,Completed,2082
C-152,152,224,2009659.584260021,2020-08-22,53,3.14,Poor,Completed,1318
C-153,153,151,345293.455627086,2021-03-05,0,2.23,Fair,Completed,1768
C-154,154,34,41580801.170409754,2025-07-31,28,4.41,Good,Completed,2454
C-155,155,154,9691893.525315853,2021-04-17,8,0.0,Good,Completed,-1682
C-156,156,486,5851285.943854387,2024-09-08,13,1.82,Poor,Completed,1622
C-157,157,499,25190152.92122323,2022-01-10,43,9.89,Good,Completed,118
C-158,158,471,1772504.2374521533,2022-06-27,29,7.09,Good,Completed,1825
C-159,159,16,621893.9370800123,2023-10-19,0,0.0,Good,Completed,667
C-160,160,251,2297071.545858401,2023-07-14,8,6.66,Good,Completed,-704
C-161,161,65,2975256.822409062,2025-05-07,31,0.0,Fair,Completed,151
C-162,162,146,7296807.004339717,2023-12-13,33,3.36,Fair,Completed,765
C-163,163,14,9254436.365894739,2020-10-21,0,4.48,Fair,Completed,793
C-164,164,406,5282802.89611395,2020-01-10,1,2.94,Fair,Completed,-446
C-165,165,393,8852011.629775899,2020-04-16,2,7.63,Fair,Completed,-1102
C-166,166,50,4339649.99164123,2022-08-06,11,7.76,Fair,Completed,-284
C-167,167,151,6853161.6547915125,2022-11-24,5,10.16,Good,Completed,2397
C-168,168,1,142021696.9445664,2024-09-07,35,2.56,Good,Completed,834
C-169,169,233,5104649.164681178,2021-01-23,3,0.0,Fair,Completed,-593
C-170,170,439,8653019.596068617,2021-01-15,5,7.17,Good,Completed,-1074
C-171,171,399,339592.34367010987,2020-10-08,7,7.2,Good,Completed,782
C-172,172,22,10500743.143021738,2023-12-11,17,5.99,Good,Completed,826
C-173,173,478,800266.1286530232,2025-04-17,15,11.58,Fair,Completed,392
C-174,174,113,8740583.512683246,2025-04-15,2,1.91,Fair,Completed,2217
C-175,175,121,8864272.714884536,2025-11-16,16,3.33,Good,Completed,1415
C-176,176,85,499853.03409200086,2024-02-26,39,9.68,Good,Completed,1707
C-177,177,9,4399351.3430098435,2021-08-22,0,0.0,Good,Completed,-391
C-178,178,119,5465256.423008006,2025-10-27,29,0.0,Good,Completed,1899
C-179,179,73,28417324.579601686,2024-10-29,67,2.27,Good,Completed,1832
C-180,180,19,3178217.1291388543,2022-06-23,31,10.43,Good,Completed,508
C-181,181,105,6791249.166449107,2025-04-26,8,7.17,Fair,Completed,2337
C-182,182,351,5887101.918823299,2021-10-16,26,2.63,Good,Completed,-1415
C-183,183,253,7827351.464556141,2023-04-15,0,12.86,Good,Completed,1084
C-184,184,224,7341846.286067283,2024-04-08,46,0.0,Poor,Completed,2643
C-185,185,212,8800725.285008792,2023-04-27,0,8.3,Good,Completed,491
C-186,186,289,5726756.586859742,2021-03-16,0,4.85,Good,Completed,-2
C-187,187,343,306261276.6236157,2024-04-14,31,54.45,Poor,Completed,-437
C-188,188,441,7937967.418658793,2022-01-26,12,4.25,Good,Completed,1695
C-189,189,72,4726991.741166339,2020-10-17,17,0.23,Good,Completed,1521
C-190,190,422,2100766.4913042258,2023-11-25,0,0.0,Good,Completed,1180
C-191,191,60,1581452.8094877803,2023-01-09,6,6.66,Good,Completed,1452
C-192,192,241,10248440.73697153,2023-10-27,0,4.77,Fair,Completed,1851
C-193,193,95,320546.3792720226,2020-09-09,36,5.35,Poor,Completed,558
C-194,194,275,6424400.796440756,2023-05-16,3,0.0,Good,Completed,1841
C-195,195,177,6227314.207653658,2023-06-04,70,0.0,Good,Completed,2543
C-196,196,391,41183159.45681564,2024-04-04,22,3.97,Good,Completed,2983
C-197,197,231,6527761.456073685,2024-06-26,0,8.8,Good,Completed,2140
C-198,198,120,6474500.229747982,2023-03-15,0,3.15,Good,Completed,1110
C-199,199,367,6975126.618894565,2025-01-30,1,0.0,Good,Completed,1544
C-200,200,40,495139626.7871779,2020-01-28,121,25.69,Poor,Terminated,-2153
C-201,201,304,5361163.817138038,2020-02-25,18,1.13,Fair,Completed,-1030
C-202,202,286,46837642.88750686,2020-04-26,16,6.94,Fair,Completed,55
C-203,203,226,8675985.734651826,2021-03-13,0,0.0,Good,Completed,1621
C-204,204,261,3803898.2408581185,2024-09-17,6,4.33,Good,Completed,1069
C-205,205,338,4647112.957101279,2024-02-06,11,3.39,Good,Completed,1539
C-206,206,322,5501072.224581922,2025-01-13,11,3.41,Good,Completed,3009
C-207,207,454,193993652.8923356,2024-09-14,130,39.79,Poor,Completed,257
C-208,208,379,4154681.643620068,2024-07-09,0,9.64,Good,Completed,1458
C-209,209,461,8724615.809072327,2022-02-24,0,0.0,Good,Completed,457
C-210,210,90,17771645.176612485,2020-08-12,19,1.99,Fair,Completed,386
C-211,211,71,911396.1117514339,2024-01-20,44,0.11,Poor,Completed,404
C-212,212,474,244877735.58684227,2025-03-09,6,1.58,Good,Completed,830
C-213,213,82,6230570.930914748,2023-11-18,12,7.99,Fair,Completed,662
C-214,214,200,7738567.489467589,2021-06-04,2,13.0,Good,Completed,-203
C-215,215,324,5300094.640640656,2024-10-11,27,1.84,Good,Completed,1184
C-216,216,234,32637867.391323905,2021-09-22,14,11.23,Fair,Completed,-811
C-217,217,385,3017794.3397815214,2020-04-12,32,10.61,Good,Completed,-1662
C-218,218,376,74321355.24326612,2022-04-29,41,46.75,Poor,Terminated,-1292
C-219,219,268,35211914.67257756,2025-11-08,12,3.3,Good,Completed,186
C-220,220,309,380603.7622129786,2025-10-17,3,3.24,Good,Completed,2801
C-221,221,112,5219120.295862389,2020-01-29,67,2.91,Good,Completed,-2155
C-222,222,132,2062365.9626886742,2021-03-20,0,5.93,Good,Completed,1010
C-223,223,347,7655894.001744412,2024-09-07,59,0.0,Good,Completed,856
C-224,224,52,80201544.31539711,2022-08-28,1,0.0,Good,Completed,1151
C-225,225,316,5638534.794426448,2025-06-20,47,8.26,Good,Completed,1672
C-226,226,317,9135024.956536837,2024-04-03,1,0.0,Good,Completed,220
C-227,227,165,6920077.528732854,2024-07-12,47,2.9,Good,Completed,1745
C-228,228,61,41386479.38160711,2024-06-05,63,4.18,Fair,Completed,607
C-229,229,381,34305734.2968837,2024-08-27,51,13.86,Good,Completed,488
C-230,230,30,5695028.2013398865,2021-10-06,14,4.88,Fair,Completed,1194
C-231,231,257,3407613.8812926775,2025-11-24,1,0.36,Fair,Completed,2146
C-232,232,364,432088191.3095098,2021-02-13,55,14.61,Good,Completed,752
C-233,233,434,532762.9983823257,2024-05-29,7,8.45,Fair,Completed,1148
C-234,234,411,4397495.40102979,2022-04-06,0,7.05,Fair,Completed,923
C-235,235,253,368713634.96420825,2021-09-03,29,7.76,Good,Completed,495
C-236,236,433,15383277.564415693,2020-10-11,5,2.66,Good,Completed,-7
C-237,237,199,4414426.791638404,2025-01-27,0,0.33,Good,Completed,2745
C-238,238,273,1937605.787132565,2021-12-25,31,7.0,Good,Completed,1815
C-239,239,307,1748460.3889447972,2025-08-16,0,5.86,Good,Completed,1556
C-240,240,196,4635651.2083701175,2020-12-02,0,8.5,Good,Completed,-1554
C-241,241,320,6679613.447785158,2023-07-31,12,9.39,Good,Completed,2703
C-242,242,145,45079194.337447,2025-08-04,0,13.1,Good,Completed,2164
C-243,243,342,6945937.418433688,2025-01-21,6,6.07,Fair,Completed,1697
C-244,244,180,908314.4603752696,2022-12-10,23,14.03,Good,Completed,939
C-245,245,14,1581200.8177071908,2023-04-20,0,16.44,Fair,Completed,1704
C-246,246,218,7164355.874826588,2024-09-13,7,2.34,Good,Completed,868
C-247,247,453,2570539.53950465,2023-02-25,41,11.59,Good,Completed,2239
C-248,248,363,9829161.16880268,2023-02-14,48,7.78,Good,Completed,-326
C-249,249,274,4294868.768794621,2023-01-11,46,0.0,Good,Completed,820
C-250,250,223,191301715.81902108,2023-04-04,7,1.95,Fair,Completed,1673
C-251,251,331,13396307.731768861,2020-07-20,0,2.43,Poor,Completed,811
C-252,252,15,4726435.420283898,2025-04-19,4,3.7,Good,Completed,1532
C-253,253,70,9914798.223041879,2021-12-28,67,2.98,Good,Completed,1329
C-254,254,499,416521.66694841476,2021-10-05,27,0.67,Good,Completed,21
C-255,255,44,3591222.564155463,2023-09-16,66,7.31,Fair,Completed,301
C-256,256,159,9506941.622707399,2025-12-23,58,0.0,Good,Completed,985
C-257,257,303,1338207.0848794044,2024-07-05,0,2.74,Poor,Completed,819
C-258,258,322,3721611.844267421,2020-01-20,0,5.58,Good,Completed,1189
C-259,259,126,432927.8974979819,2022-01-28,27,7.33,Fair,Completed,407
C-260,260,499,1431663.0810454884,2025-06-04,19,2.25,Good,Completed,1359
C-261,261,222,5109011.067523682,2025-07-05,0,12.43,Good,Completed,202
C-262,262,325,6414248.865845076,2025-10-01,18,1.37,Good,Completed,1491
C-263,263,47,219843774.23577484,2025-04-24,3,0.72,Poor,Completed,2050
C-264,264,155,5489734.8594760075,2025-06-29,8,0.67,Fair,Completed,288
C-265,265,200,497953889.743107,2020-09-05,109,45.45,Poor,Completed,-475
C-266,266,219,3278303.3825700637,2023-03-29,32,7.11,Fair,Completed,2481
C-267,267,312,7252317.043964285,2020-02-24,15,14.56,Good,Completed,-1270
C-268,268,16,4042217.7905731825,2024-12-06,10,7.16,Good,Completed,1081
C-269,269,129,3431876.334330442,2023-01-31,0,18.71,Good,Completed,1196
C-270,270,270,3603646.2821672354,2022-09-03,0,7.98,Good,Completed,1169
C-271,271,330,408973276.30473256,2021-10-11,138,46.96,Poor,Terminated,-780
C-272,272,272,22173155.66796946,2021-02-25,35,0.0,Fair,Completed,-1427
C-273,273,473,48885959.9889423,2020-06-29,0,6.86,Good,Completed,1502
C-274,274,140,4603278.437683337,2021-01-01,65,9.47,Good,Completed,-936
C-275,275,402,8870301.090782722,2023-03-24,21,11.37,Good,Completed,1503
C-276,276,209,30951358.511622366,2023-10-05,60,9.84,Good,Completed,2692
C-277,277,364,719015.7853391737,2024-01-08,39,0.0,Fair,Completed,1811
C-278,278,407,6188542.256677871,2021-04-12,12,8.14,Good,Completed,1723
C-279,279,175,3742868.0407282757,2022-07-18,4,0.0,Good,Completed,-31
C-280,280,6,779281.6158532166,2021-03-26,20,2.28,Good,Completed,-1040
C-281,281,306,1899868.0170591376,2024-03-19,0,4.77,Good,Completed,1061
C-282,282,170,5823536.787888942,2024-08-25,58,2.15,Good,Completed,208
C-283,283,478,3061733.611983353,2024-11-24,0,0.0,Good,Completed,248
C-284,284,248,12716374.958615327,2024-06-24,0,8.79,Fair,Completed,1929
C-285,285,35,4941539.92054334,2020-02-22,0,2.67,Poor,Completed,715
C-286,286,167,5716970.141255262,2021-12-27,2,4.62,Good,Completed,980
C-287,287,252,4378851.9862591205,2020-06-09,0,6.99,Good,Completed,-189
C-288,288,225,10208230.988998435,2024-10-06,55,7.11,Good,Completed,1914
C-289,289,287,7819642.237475073,2020-06-03,0,0.0,Fair,Completed,-1145
C-290,290,405,4348975.729160242,2021-05-13,0,13.74,Good,Completed,-782
C-291,291,10,18104670.32264903,2022-06-12,52,0.0,Good,Completed,1755
C-292,292,316,1667044.7231363158,2023-10-12,66,4.62,Good,Completed,1055
C-293,293,472,43393560.26697645,2021-11-24,53,0.91,Good,Completed,-1064
C-294,294,281,32578194.13184704,2024-01-15,9,10.75,Good,Completed,1736
C-295,295,85,5524510.488226105,2020-01-13,45,2.53,Good,Completed,202
C-296,296,185,3927105.383265083,2023-09-16,8,11.26,Good,Completed,1949
C-297,297,472,3164677.2701103347,2024-06-22,37,2.04,Good,Completed,-123
C-298,298,50,5342163.141304994,2024-03-15,11,0.0,Good,Completed,303
C-299,299,481,4778864.3152918,2022-02-22,0,5.66,Good,Completed,-247
C-300,300,203,1106276.1412715681,2020-08-20,0,9.28,Good,Completed,-393
C-301,301,51,8297639.8703025095,2024-02-11,4,0.0,Good,Completed,399
C-302,302,61,1533545.5443056668,2020-07-08,44,5.63,Good,Completed,-821
C-303,303,65,27183554.708936762,2025-07-23,69,0.0,Good,Completed,228
C-304,304,314,9772221.868057089,2022-05-15,6,11.68,Fair,Completed,1119
C-305,305,81,471245181.4871889,2020-03-08,160,29.47,Poor,Completed,-920
C-306,306,304,7306287.873762757,2023-03-14,21,6.58,Fair,Completed,83
C-307,307,266,4695795.499724773,2024-06-24,0,10.13,Good,Completed,866
C-308,308,459,9417098.300313963,2024-10-13,0,4.42,Good,Completed,1643
C-309,309,456,8510085.404920988,2021-10-08,0,0.0,Good,Completed,-1338
C-310,310,491,869786.5881597786,2020-11-11,0,7.82,Fair,Completed,-861
C-311,311,237,878587.7683569884,2025-04-27,4,16.54,Fair,Completed,3132
C-312,312,9,9571358.613703696,2025-03-14,3,5.97,Good,Completed,909
C-313,313,84,3920270.5256271386,2022-03-28,1,9.72,Poor,Completed,-759
C-314,314,451,6284103.171533032,2023-04-27,0,4.65,Good,Completed,1905
C-315,315,317,7637757.531777946,2020-11-05,1,14.02,Good,Completed,-1025
C-316,316,471,1734342.809804237,2020-01-12,51,4.66,Poor,Completed,928
C-317,317,70,41127391.04058213,2022-05-13,35,2.76,Good,Completed,1465
C-318,318,71,1489451.2092100056,2025-09-05,49,12.04,Good,Completed,998
C-319,319,459,1609812.8874309736,2021-04-05,7,5.75,Good,Completed,356
C-320,320,435,2307842.899812448,2025-06-02,3,3.86,Good,Completed,1685
C-321,321,36,226871165.82177615,2021-04-08,67,57.01,Poor,Terminated,180
C-322,322,66,7294315.885310518,2023-11-16,11,5.48,Good,Completed,1176
C-323,323,342,1395683.661805144,2020-11-08,0,4.69,Good,Completed,162
C-324,324,440,8591829.27591564,2021-04-28,46,5.26,Fair,Completed,-755
C-325,325,232,3718443.4213496023,2021-07-07,0,6.22,Good,Completed,1280
C-326,326,450,1606475.4219756944,2021-02-01,34,5.7,Good,Completed,1242
C-327,327,497,6326694.551349793,2023-05-27,12,0.56,Good,Completed,-749
C-328,328,309,8585825.807305586,2025-02-08,0,2.99,Good,Completed,2550
C-329,329,417,6459055.434968946,2025-12-09,15,5.69,Good,Completed,3248
C-330,330,207,1599670.998368296,2022-10-07,0,8.25,Good,Completed,-931
C-331,331,175,7056882.249392004,2020-06-09,0,11.02,Good,Completed,-800
C-332,332,70,2755134.2372562042,2020-05-27,33,1.05,Fair,Completed,749
C-333,333,435,2437459.242338734,2021-03-08,0,4.44,Good,Completed,138
C-334,334,47,391857.1236421732,2022-12-03,28,0.0,Good,Completed,1177
C-335,335,61,4635683.627391944,2022-02-21,47,5.62,Good,Completed,-228
C-336,336,150,1599786.8446938696,2023-12-07,0,0.0,Fair,Completed,-340
C-337,337,134,8754418.952823846,2021-09-16,60,15.63,Fair,Completed,1155
C-338,338,143,4067227.503656476,2025-05-26,19,1.53,Good,Completed,91
C-339,339,302,5146199.422418523,2022-11-30,65,1.35,Poor,Completed,-1078
C-340,340,282,581964.0909589806,2023-09-12,7,5.51,Good,Completed,2784
C-341,341,6,37152860.10346435,2024-02-28,0,2.34,Good,Completed,29
C-342,342,12,10343321.352959441,2023-05-24,40,10.11,Good,Completed,1927
C-343,343,243,7956407.688297314,2024-11-04,4,6.68,Fair,Completed,3061
C-344,344,15,288617272.3949601,2021-01-04,163,43.76,Poor,Completed,-34
C-345,345,368,10271339.62943978,2021-06-23,0,10.04,Fair,Completed,479
C-346,346,309,18627553.349668074,2024-04-09,10,2.65,Good,Completed,2245
C-347,347,158,3216083.8686514134,2022-08-13,0,7.76,Fair,Completed,674
C-348,348,400,1391856.9023957278,2022-02-26,0,10.39,Good,Completed,-557
C-349,349,477,1045555.4867612154,2024-05-24,4,2.84,Good,Completed,2377
C-350,350,176,6476694.212369951,2022-11-17,39,0.0,Good,Completed,1249
C-351,351,33,2842318.9303974523,2022-02-25,55,4.68,Good,Completed,-914
C-352,352,193,3367773.6945325034,2022-12-02,10,6.14,Good,Completed,919
C-353,353,483,9858190.176083189,2021-01-20,21,11.94,Poor,Completed,1248
C-354,354,250,5933076.581588956,2020-06-28,6,0.83,Good,Completed,944
C-355,355,228,5570045.230569106,2025-02-24,23,2.52,Good,Completed,2017
C-356,356,417,8601814.461372081,2025-05-06,3,0.09,Fair,Completed,3031
C-357,357,17,515125712.698906,2021-07-30,171,39.07,Poor,Terminated,-451
C-358,358,490,859300.4202420498,2023-10-04,11,2.89,Good,Completed,-456
C-359,359,466,7485522.915705639,2020-06-14,41,7.48,Poor,Completed,181
C-360,360,31,6510043.444014314,2025-02-04,0,5.1,Fair,Completed,125
C-361,361,337,338818390.57055485,2020-03-09,122,46.32,Poor,Completed,234
C-362,362,80,149786418.76517758,2023-06-22,174,50.29,Poor,Completed,-29
C-363,363,237,267476467.941119,2023-07-16,11,0.85,Good,Completed,2481
C-364,364,416,246460595.3844741,2020-03-21,100,40.33,Poor,Completed,-1528
C-365,365,234,10453071.994927164,2023-04-05,67,2.84,Good,Completed,-251
C-366,366,266,8697101.707540974,2022-10-31,8,0.0,Good,Completed,264
C-367,367,356,36896233.35163679,2020-11-21,44,6.88,Good,Completed,1620
C-368,368,457,12753251.724629508,2021-05-04,12,3.3,Good,Completed,452
C-369,369,432,2641526.4531895476,2023-07-15,0,0.0,Good,Completed,2623
C-370,370,229,2203550.5189836277,2021-09-29,39,9.78,Good,Completed,474
C-371,371,378,2824177.020995856,2023-01-02,13,0.3,Fair,Completed,1651
C-372,372,231,1728964.8362167408,2022-05-19,16,7.26,Poor,Completed,1371
C-373,373,341,1060492.376067031,2020-01-24,20,4.35,Good,Completed,-191
C-374,374,31,8077909.750986324,2025-01-31,0,7.65,Good,Completed,121
C-375,375,83,2452205.2031706553,2025-11-21,54,9.6,Good,Completed,3516
C-376,376,11,2444992.705974305,2020-12-29,0,6.41,Good,Completed,-985
C-377,377,317,529574.2397014258,2020-11-03,26,0.59,Good,Completed,-1027
C-378,378,173,7086633.621072058,2021-01-27,72,7.62,Poor,Completed,476
C-379,379,105,3776425.952557097,2023-12-15,2,3.54,Good,Completed,1839
C-380,380,311,1619514.9685246788,2024-05-31,14,0.0,Good,Completed,1944
C-381,381,221,385307488.9663803,2025-08-19,44,55.67,Poor,Terminated,353
C-382,382,32,3980790.3172772117,2021-04-24,39,9.07,Good,Completed,-1602
C-383,383,148,39346493.63407593,2021-05-22,54,1.18,Good,Completed,-406
C-384,384,115,8780995.176215647,2022-03-20,58,0.0,Poor,Completed,-892
C-385,385,77,4865567.228066852,2024-01-04,0,5.7,Good,Completed,-244
C-386,386,123,5347024.06518439,2025-06-11,0,2.04,Poor,Completed,1479
C-387,387,193,6481607.628142873,2022-04-30,9,4.55,Fair,Completed,703
C-388,388,81,9950777.330607653,2022-09-23,13,9.02,Good,Completed,9
C-389,389,138,20276726.406927187,2020-03-28,0,0.08,Good,Completed,-1615
C-390,390,268,708017.0915098998,2021-12-11,3,5.69,Good,Completed,-1242
C-391,391,444,6160469.688951351,2025-10-22,0,8.18,Good,Completed,751
C-392,392,130,771407.5635247197,2024-12-22,63,4.9,Good,Completed,-368
C-393,393,406,1929452.2612788125,2024-06-13,0,4.61,Good,Completed,1170
C-394,394,47,5187180.587758458,2023-04-07,4,0.0,Poor,Completed,1302
C-395,395,362,434565436.1375478,2022-04-05,61,46.68,Poor,Completed,139
C-396,396,135,50594714.584564045,2022-03-11,0,0.48,Fair,Completed,1989
C-397,397,50,42837425.03189215,2025-05-22,0,8.03,Poor,Completed,736
C-398,398,433,30109011.03823549,2023-02-06,15,0.3,Poor,Completed,841
C-399,399,310,5060667.82511059,2025-11-01,15,1.05,Good,Completed,2141
C-400,400,405,84495470.21929304,2023-02-05,77,20.45,Poor,Completed,-149
C-401,401,227,124837959.61858515,2024-11-25,0,11.07,Good,Completed,1029
C-402,402,253,5672357.728841346,2022-12-02,12,4.74,Fair,Completed,950
C-403,403,181,44941031.80881086,2025-04-27,46,13.06,Good,Completed,2344
C-404,404,217,1131088.3111851588,2023-01-04,3,7.02,Poor,Completed,563
C-405,405,88,6725292.436788643,2022-08-21,7,7.36,Fair,Completed,1441
C-406,406,100,32882569.148832668,2020-06-17,15,5.65,Good,Completed,1210
C-407,407,213,1753160.9400573121,2021-09-07,0,13.12,Poor,Completed,-172
C-408,408,174,5505658.614080413,2021-02-13,13,1.67,Good,Completed,-311
C-409,409,121,1884055.221787413,2023-08-12,0,0.0,Fair,Completed,588
C-410,410,121,3107226.840421672,2020-09-16,5,4.01,Fair,Completed,-472
C-411,411,437,6215568.213318345,2022-06-27,0,5.92,Good,Completed,432
C-412,412,447,24087875.14150354,2024-04-27,4,1.09,Good,Completed,61
C-413,413,467,9743364.598223666,2024-01-19,25,5.59,Good,Completed,1297
C-414,414,446,8863264.080261394,2021-04-06,56,0.0,Good,Completed,-452
C-415,415,345,16615022.594949523,2023-11-19,0,2.79,Poor,Completed,2147
C-416,416,331,25380809.785921823,2020-02-19,0,10.72,Good,Completed,659
C-417,417,335,1887843.46293932,2020-10-07,62,0.0,Good,Completed,421
C-418,418,13,9671495.724309182,2020-12-19,22,10.44,Fair,Completed,-1420
C-419,419,102,957640.6034733279,2023-01-28,0,8.41,Good,Completed,-252
C-420,420,182,86865744.23974663,2023-06-07,0,0.0,Good,Completed,2390
C-421,421,71,3053527.1468864195,2020-12-30,63,0.0,Good,Completed,-712
C-422,422,350,15318211.033552533,2021-01-29,76,14.3,Good,Completed,1245
C-423,423,446,8339055.417259751,2023-08-06,29,6.04,Good,Completed,400
C-424,424,276,2879097.269847031,2023-10-29,5,4.58,Good,Completed,-556
C-425,425,340,178901769.76898688,2024-04-25,55,9.14,Fair,Completed,1940
C-426,426,346,43577519.92994744,2024-12-04,17,3.08,Good,Completed,1656
C-427,427,206,7438070.628263981,2020-07-06,46,6.88,Good,Completed,649
C-428,428,488,8034685.977692798,2023-08-21,13,7.57,Fair,Completed,1696
C-429,429,352,4216791.958949172,2025-03-15,19,7.49,Poor,Completed,1320
C-430,430,109,7601661.110567085,2021-04-25,3,6.68,Fair,Completed,-1505
C-431,431,71,1489979.5610335697,2023-08-09,50,10.66,Fair,Completed,240
C-432,432,14,258846350.29959095,2023-06-30,23,4.18,Good,Completed,1775
C-433,433,498,1063412.760823717,2021-02-02,41,0.0,Good,Completed,767
C-434,434,138,3022839.6720674816,2023-01-24,0,9.93,Good,Completed,-583
C-435,435,373,27781628.427547913,2024-05-05,52,13.37,Good,Completed,211
C-436,436,422,8040982.471344408,2025-07-13,0,11.71,Fair,Completed,1776
C-437,437,361,1287322.3096316578,2023-07-17,12,4.13,Good,Completed,1080
C-438,438,84,587965.6592642255,2022-04-08,19,5.19,Good,Completed,-748
C-439,439,252,9954680.960945694,2020-08-25,15,4.21,Fair,Completed,-112
C-440,440,43,1759640.0774183995,2023-02-19,18,10.53,Good,Completed,2212
C-441,441,25,5322250.985322661,2023-01-10,3,0.0,Good,Completed,914
C-442,442,245,3051369.418255798,2024-12-15,44,0.0,Good,Completed,1504
C-443,443,465,6264873.282465612,2020-07-29,8,9.6,Good,Completed,-1859
C-444,444,225,8767279.418490138,2025-05-29,55,9.63,Good,Completed,2149
C-445,445,490,9746442.128211627,2020-03-26,0,6.51,Good,Completed,-1743
C-446,446,430,2935619.786846201,2023-03-10,21,4.87,Good,Completed,2438
C-447,447,29,45159512.52169892,2020-09-14,20,2.51,Good,Completed,-1440
C-448,448,221,402558148.4526656,2023-12-15,110,35.86,Poor,Completed,-260
C-449,449,185,2747017.8374631833,2023-08-15,0,9.46,Good,Completed,1917
C-450,450,226,4112050.3787767366,2020-01-03,0,0.0,Good,Completed,1186
C-451,451,140,6035502.6092178915,2024-08-24,36,4.35,Poor,Completed,395
C-452,452,178,1944633.7845324571,2022-08-03,7,11.3,Good,Completed,-400
C-453,453,397,7346588.153946982,2022-03-22,5,1.99,Good,Completed,-61
C-454,454,154,1660604.0933480563,2024-03-08,1,5.25,Fair,Completed,-626
C-455,455,455,6105560.669795516,2021-05-17,0,6.27,Good,Completed,1373
C-456,456,321,3015460.6103422423,2022-11-22,0,0.0,Good,Completed,599
C-457,457,143,1877333.6079263669,2022-04-15,19,8.49,Good,Completed,-1046
C-458,458,476,18911300.86434001,2024-10-28,16,9.6,Good,Completed,-338
C-459,459,207,4831451.66635449,2024-07-26,17,0.34,Good,Completed,-273
C-460,460,364,3529359.5601347676,2023-06-16,32,8.3,Good,Completed,1605
C-461,461,41,2068887.9537029376,2020-10-20,0,9.3,Good,Completed,-1460
C-462,462,285,4167735.753717082,2024-08-04,70,8.52,Good,Completed,1793
C-463,463,145,7655338.647767455,2025-02-25,4,7.47,Fair,Completed,2004
C-464,464,361,1021526.4212900245,2023-08-03,0,0.2,Good,Completed,1097
C-465,465,450,42377758.41710883,2022-06-14,52,1.05,Good,Completed,1740
C-466,466,146,5062581.811268929,2020-01-12,15,10.37,Good,Completed,-666
C-467,467,146,7485162.247579636,2024-09-25,52,1.24,Fair,Completed,1052
C-468,468,189,8190329.520783613,2023-02-18,78,3.54,Good,Completed,916
C-469,469,309,186930.95159750813,2020-01-16,6,5.91,Good,Completed,700
C-470,470,84,5375353.713757443,2021-03-26,0,4.24,Good,Completed,-1126
C-471,471,456,10595386.944540918,2021-11-23,16,4.05,Fair,Completed,-1292
C-472,472,425,2046309.569977214,2020-08-21,0,0.0,Good,Completed,1513
C-473,473,303,6951217.052601868,2023-11-28,23,4.27,Good,Completed,599
C-474,474,6,8875233.016636426,2021-07-26,10,7.41,Good,Completed,-918
C-475,475,174,27351790.864945482,2022-07-17,14,4.78,Fair,Completed,208
C-476,476,429,9419538.031125207,2023-09-02,40,5.7,Good,Completed,-158
C-477,477,364,23059808.538691398,2022-05-20,16,5.02,Good,Completed,1213
C-478,478,333,37915985.95238589,2022-06-24,0,10.8,Good,Completed,786
C-479,479,472,3538268.222110412,2023-05-06,12,7.55,Good,Completed,-536
C-480,480,488,8507749.229268966,2022-03-22,3,9.06,Good,Completed,1179
C-481,481,77,2754276.3723070915,2022-11-25,16,3.44,Good,Completed,-649
C-482,482,378,518434.1543645759,2023-06-19,19,8.61,Fair,Completed,1819
C-483,483,375,6980952.102691461,2024-03-25,0,16.93,Fair,Completed,823
C-484,484,88,4060728.4430159065,2020-10-29,13,7.1,Good,Completed,780
C-485,485,299,5885061.860199252,2023-12-15,0,11.32,Good,Completed,2780
C-486,486,97,5242737.158928173,2021-05-18,6,4.59,Fair,Completed,879
C-487,487,287,6499057.936851057,2024-03-12,0,7.89,Good,Completed,233
C-488,488,444,8870347.557974774,2020-08-07,4,5.74,Poor,Completed,-1151
C-489,489,8,457641244.59648734,2022-05-27,128,42.27,Poor,Completed,-830
C-490,490,387,5458371.595481953,2024-10-20,54,5.19,Good,Completed,1645
C-491,491,112,9876977.553411873,2024-03-07,37,7.24,Good,Completed,-656
C-492,492,26,249552808.17954335,2020-04-24,4,2.3,Good,Completed,1313
C-493,493,170,7754752.589962149,2025-10-14,54,4.82,Good,Completed,623
C-494,494,81,208049043.86049458,2024-10-28,3,14.16,Good,Completed,775
C-495,495,275,388841.5432107227,2020-11-14,0,6.9,Good,Completed,928
C-496,496,450,4947693.825708939,2023-08-08,42,0.0,Fair,Completed,2160
C-497,497,1,5071394.172791095,2020-05-20,34,9.5,Good,Completed,-737
C-498,498,307,8133368.486835293,2022-03-23,0,6.84,Good,Completed,314
C-499,499,226,343014494.3388972,2020-03-23,10,2.74,Poor,Completed,1266
C-500,500,71,4192065.289335438,2025-08-01,18,9.25,Poor,Completed,963
C-501,501,100,4942263.771924559,2023-09-07,30,6.26,Good,Completed,2387
C-502,502,372,4298690.286480247,2021-09-19,7,0.0,Good,Completed,1968
C-503,503,349,393026838.7300358,2020-05-05,56,41.43,Poor,Completed,-980
C-504,504,30,2433947.180626692,2024-12-02,18,4.12,Good,Completed,2347
C-505,505,125,8050136.311038883,2022-12-19,8,6.85,Good,Completed,2382
C-506,506,363,6606421.4816042185,2021-03-17,45,2.61,Fair,Completed,-1025
C-507,507,164,38996740.164365046,2025-08-01,17,3.05,Good,Completed,2663
C-508,508,450,7658329.591363645,2021-09-18,54,7.1,Poor,Completed,1471
C-509,509,177,9894648.983069671,2024-09-13,23,0.0,Good,Completed,3010
C-510,510,234,1838320.161684295,2023-02-04,11,5.75,Good,Completed,-311
C-511,511,402,242206817.1701067,2023-09-09,39,6.95,Poor,Completed,1672
C-512,512,411,13389223.19713075,2020-03-20,0,5.65,Good,Completed,176
C-513,513,262,9517183.114984104,2023-12-06,42,3.55,Good,Completed,2778
C-514,514,323,5911108.734187379,2020-07-09,44,0.0,Good,Completed,-1449
C-515,515,151,1618950.7497259076,2024-09-04,1,0.0,Good,Completed,3047
C-516,516,482,4118065.045768764,2024-01-07,52,7.02,Good,Completed,911
C-517,517,346,1900796.9027664466,2023-07-08,35,8.84,Good,Completed,1141
C-518,518,430,3089973.2189332573,2020-02-03,14,5.05,Good,Completed,1307
C-519,519,29,385436576.5592755,2020-05-30,94,32.85,Poor,Completed,-1547
C-520,520,357,6784664.924118044,2023-04-19,43,4.65,Poor,Completed,778
C-521,521,186,7504090.57155908,2024-12-23,0,15.19,Good,Completed,3001
C-522,522,490,4941783.273877528,2023-07-01,0,9.92,Good,Completed,-551
C-523,523,237,10809709.80259685,2025-10-11,10,14.36,Fair,Completed,3299
C-524,524,319,10200398.378798027,2021-05-10,0,3.6,Good,Completed,1929
C-525,525,475,7931205.170127272,2022-09-23,38,2.87,Good,Completed,1319
C-526,526,492,25970848.945676602,2023-06-13,44,10.85,Good,Completed,588
C-527,527,447,2193649.397307862,2021-01-18,3,7.11,Poor,Completed,-1134
C-528,528,27,123035855.05796774,2020-08-21,61,0.0,Good,Completed,674
C-529,529,102,603374.8467887331,2023-01-07,0,3.86,Good,Completed,-273
C-530,530,130,7135272.180320835,2025-09-05,36,10.28,Good,Completed,-111
C-531,531,150,741084.3832105591,2023-01-29,1,4.23,Good,Completed,-652
C-532,532,249,1414251.5590602711,2025-04-03,52,0.63,Good,Completed,-76
C-533,533,299,9714888.643101111,2024-10-04,24,9.2,Good,Completed,3074
C-534,534,186,3896535.444606561,2024-02-29,8,0.16,Good,Completed,2703
C-535,535,286,2093491.2083720453,2023-05-18,0,2.23,Good,Completed,1172
C-536,536,417,10866370.432014765,2021-06-17,6,0.49,Good,Completed,1612
C-537,537,98,6690741.215029971,2025-10-07,8,0.04,Good,Completed,3365
C-538,538,487,6594116.680637917,2024-02-02,7,6.14,Good,Completed,1050
C-539,539,202,29893841.02448627,2023-07-09,2,13.33,Poor,Completed,1889
C-540,540,171,1660138.8884159634,2022-11-21,7,9.39,Good,Completed,2408
C-541,541,288,3360210.1267270795,2020-05-28,25,0.0,Good,Completed,1197
C-542,542,458,2052606.1112356363,2024-09-23,8,3.24,Good,Completed,2318
C-543,543,354,575479.034897961,2024-01-23,44,9.55,Good,Completed,2517
C-544,544,211,294824508.17487544,2024-10-19,0,3.79,Fair,Completed,2343
C-545,545,428,8472243.68104172,2025-09-24,20,11.68,Good,Completed,1424
C-546,546,477,3331477.752888147,2023-03-19,0,4.45,Poor,Completed,1945
C-547,547,450,106035291.03585288,2024-12-28,32,1.88,Poor,Completed,2668
C-548,548,434,179411.1007357423,2021-09-21,13,3.44,Good,Completed,167
C-549,549,254,43770228.25177301,2024-01-16,2,0.25,Good,Completed,2748
C-550,550,154,775260.2130373312,2022-01-19,3,5.66,Fair,Completed,-1405
C-551,551,109,10154409.247360187,2025-08-02,16,6.8,Good,Completed,55
C-552,552,135,441741483.4565973,2021-11-18,11,7.18,Good,Completed,1876
C-553,553,304,3826001.336374967,2025-05-13,48,10.71,Fair,Completed,874
C-554,554,393,17467246.691783335,2021-02-04,3,0.0,Fair,Completed,-808
C-555,555,328,5732837.792883586,2024-02-05,6,5.72,Good,Completed,-43
C-556,556,75,3724361.3240690664,2021-02-20,53,5.61,Good,Completed,100
C-557,557,248,200652206.17739666,2021-03-13,8,0.0,Good,Completed,730
C-558,558,217,15238490.481120836,2021-06-14,8,6.57,Good,Completed,-6
C-559,559,417,5859355.298815159,2021-03-29,0,6.54,Poor,Completed,1532
C-560,560,194,1863448.4296490524,2025-01-03,0,4.89,Good,Completed,807
C-561,561,3,43406482.68814943,2023-09-17,3,0.0,Good,Completed,614
C-562,562,319,1869655.4443819544,2024-09-02,15,8.06,Good,Completed,3140
C-563,563,269,5763872.966631527,2025-07-09,36,8.53,Fair,Completed,485
C-564,564,24,17259902.70005227,2025-09-25,3,3.38,Good,Completed,1032
C-565,565,104,11465942.165527381,2023-09-06,55,12.18,Good,Completed,2229
C-566,566,59,7164436.699375089,2025-02-20,60,5.71,Good,Completed,-100
C-567,567,224,3810584.9326231056,2025-01-31,36,5.96,Good,Completed,2941
C-568,568,453,7815925.024277591,2023-09-21,30,9.14,Good,Completed,2447
C-569,569,348,9681571.669320459,2025-05-21,55,6.51,Good,Completed,1785
C-570,570,155,4712626.104610033,2025-05-19,0,6.73,Fair,Completed,247
C-571,571,497,5133278.907051524,2021-08-24,0,9.75,Good,Completed,-1390
C-572,572,151,341734131.93973935,2025-11-26,2,6.19,Good,Completed,3495
C-573,573,233,4881192.588028091,2023-01-24,5,2.14,Poor,Completed,138
C-574,574,234,7641311.795277324,2021-05-01,40,0.0,Good,Completed,-955
C-575,575,72,2909859.3492504484,2020-10-07,9,9.3,Good,Completed,1511
C-576,576,89,871156.3993859697,2024-10-17,13,4.84,Good,Completed,1128
C-577,577,458,7980817.170299305,2025-08-20,8,12.41,Good,Completed,2649
C-578,578,404,2748439.8963551424,2023-01-05,4,4.8,Fair,Completed,2057
C-579,579,129,6609072.171298548,2025-02-28,0,2.2,Good,Completed,1955
C-580,580,118,5823132.305571885,2021-01-17,26,3.85,Good,Completed,-752
C-581,581,202,261944000.075537,2024-03-09,7,9.66,Good,Completed,2133
C-582,582,11,3337424.8411636455,2021-11-22,0,12.95,Good,Completed,-657
C-583,583,414,50539480.316997215,2020-01-26,38,11.31,Fair,Completed,-211
C-584,584,236,8121994.714915019,2022-04-11,3,0.11,Good,Completed,2049
C-585,585,51,369135935.00451785,2021-12-14,53,24.83,Poor,Completed,-390
C-586,586,154,4919209.8376034275,2025-03-03,0,12.95,Good,Completed,-266
C-587,587,427,74241916.04478191,2023-04-16,150,44.92,Poor,Terminated,-374
C-588,588,188,6932033.706656503,2021-08-13,7,6.27,Good,Completed,433
C-589,589,57,3665863.9956596494,2022-01-21,20,0.0,Good,Completed,-1257
C-590,590,173,7147511.056620042,2022-12-28,37,4.68,Good,Completed,1176
C-591,591,188,7129165.906195603,2022-07-07,0,6.0,Good,Completed,761
C-592,592,85,9454649.780194402,2022-03-26,16,0.0,Good,Completed,1005
C-593,593,91,1258044.1571019627,2022-05-27,59,3.31,Fair,Completed,-1128
C-594,594,338,1255814.8786180338,2021-01-29,7,9.23,Poor,Completed,436
C-595,595,388,7566798.689003604,2025-11-15,17,0.0,Poor,Completed,2777
C-596,596,247,8742590.224201247,2021-05-15,16,7.87,Good,Completed,792
C-597,597,249,2578436.290875625,2024-04-28,41,0.0,Good,Completed,-416
C-598,598,78,7785305.406135273,2021-05-31,0,3.71,Fair,Completed,-806
C-599,599,12,8536497.828976419,2025-02-19,25,1.72,Good,Completed,2564
C-600,600,473,2403715.2763182716,2020-11-15,8,12.75,Good,Completed,1641
C-601,601,336,1355646.3390214408,2020-11-23,5,14.1,Good,Completed,1301
C-602,602,476,17507507.377341833,2020-01-22,0,0.15,Good,Completed,-2079
C-603,603,126,3911354.727026158,2022-12-30,35,8.16,Good,Completed,743
C-604,604,127,453898.53510746843,2025-02-04,15,4.94,Good,Completed,1398
C-605,605,157,9670774.422044283,2023-03-15,3,6.18,Good,Completed,476
C-606,606,297,8845194.529209357,2024-09-16,0,12.56,Good,Completed,2274
C-607,607,81,386497.0855248787,2021-07-03,15,8.63,Good,Completed,-438
C-608,608,323,2861174.902564284,2023-05-29,37,11.47,Good,Completed,-395
C-609,609,356,7743026.99556676,2020-08-04,48,10.17,Fair,Completed,1511
C-610,610,313,6182132.70446797,2020-05-11,59,5.88,Good,Completed,-1118
C-611,611,325,2027272.628428713,2021-07-11,16,0.0,Fair,Completed,-52
C-612,612,349,5722193.131678229,2023-10-12,14,0.14,Fair,Completed,275
C-613,613,415,9822566.697877003,2024-06-19,8,5.43,Good,Completed,311
C-614,614,459,170662805.1761695,2022-03-01,0,13.64,Good,Completed,686
C-615,615,67,6205350.901884123,2023-05-06,4,0.0,Good,Completed,739
C-616,616,17,8189597.69930885,2021-07-18,53,2.32,Poor,Completed,-463
C-617,617,368,43995236.86546228,2022-06-21,0,3.93,Fair,Completed,842
C-618,618,39,7550640.854416353,2025-03-15,25,1.11,Good,Completed,2880
C-619,619,399,8655187.836845532,2021-03-11,4,15.21,Good,Completed,936
C-620,620,388,5189383.220590008,2023-11-24,0,1.54,Poor,Completed,2055
C-621,621,475,368222.00251939846,2021-01-17,46,2.91,Good,Completed,705
C-622,622,236,2694910.2061403333,2021-09-15,7,0.0,Good,Completed,1841
C-623,623,284,5471182.153214166,2024-01-14,70,3.97,Good,Completed,426
C-624,624,363,4132262.511369686,2024-08-24,19,0.0,Good,Completed,231
C-625,625,71,3671200.72159264,2025-05-03,41,1.16,Good,Completed,873
C-626,626,157,1214627.4369370139,2023-09-06,3,8.24,Good,Completed,651
C-627,627,42,6973946.938672295,2023-10-16,0,0.0,Good,Completed,2814
C-628,628,119,8458378.932496166,2025-03-17,51,10.33,Fair,Completed,1675
C-629,629,388,6212202.2990241945,2024-11-04,16,8.35,Poor,Completed,2401
C-630,630,97,9441698.371436145,2022-07-13,0,9.92,Poor,Completed,1300
C-631,631,237,493815957.6817565,2023-06-06,9,11.89,Fair,Completed,2441
C-632,632,283,30156913.582130894,2025-06-10,30,2.23,Poor,Completed,3404
C-633,633,203,4370489.968189277,2020-12-20,0,8.93,Poor,Completed,-271
C-634,634,42,8837935.930822397,2021-11-17,8,7.33,Good,Completed,2116
C-635,635,28,45420720.29651891,2021-09-30,15,8.66,Good,Completed,-853
C-636,636,62,7961256.031432039,2023-08-19,10,2.9,Poor,Completed,902
C-637,637,476,31234923.927374527,2021-08-17,15,2.0,Good,Completed,-1506
C-638,638,459,543749325.8870926,2024-09-07,13,2.27,Good,Completed,1607
C-639,639,306,6400037.482580681,2022-03-06,18,11.48,Good,Completed,317
C-640,640,366,18110141.00215013,2023-02-15,3,8.79,Good,Completed,1544
C-641,641,487,5296090.367835243,2022-06-26,10,11.83,Good,Completed,464
C-642,642,63,17796591.90107602,2025-02-14,18,8.26,Good,Completed,383
C-643,643,134,282048616.4600223,2024-05-13,35,1.66,Good,Completed,2125
C-644,644,148,6450244.154062933,2021-07-05,53,11.46,Good,Completed,-362
C-645,645,438,428909.6433964471,2024-03-15,0,5.6,Fair,Completed,1044
C-646,646,9,5197395.520474796,2021-04-06,6,5.97,Good,Completed,-529
C-647,647,99,1777639.5755553867,2020-08-13,46,7.4,Poor,Completed,-414
C-648,648,91,10049200.617279751,2025-08-14,45,8.82,Poor,Completed,47
C-649,649,214,8511227.429692462,2023-04-16,79,1.35,Fair,Completed,-823
C-650,650,225,1212832.7675968972,2024-08-16,56,3.16,Good,Completed,1863
C-651,651,244,2686753.1299125412,2024-08-03,11,13.04,Poor,Completed,877
C-652,652,419,380829158.58660996,2020-08-15,197,30.56,Poor,Completed,-436
C-653,653,387,8248003.564393673,2020-12-06,51,1.78,Poor,Completed,231
C-654,654,313,2261614.4544586404,2025-08-03,51,2.52,Fair,Completed,792
C-655,655,17,4026866.2565139015,2021-11-08,37,4.46,Good,Completed,-350
C-656,656,222,3031263.3274530955,2024-06-04,19,12.66,Good,Completed,-194
C-657,657,269,7605105.835532195,2023-10-04,24,5.22,Fair,Completed,-159
C-658,658,116,7614379.503732667,2023-02-28,8,4.68,Good,Completed,719
C-659,659,420,217890752.11773428,2020-03-03,72,46.04,Poor,Terminated,-899
C-660,660,402,3671856.885389297,2022-02-20,27,4.78,Good,Completed,1106
C-661,661,318,3486753.226840222,2021-12-13,12,6.69,Good,Completed,323
C-662,662,308,518425.3531668579,2022-10-20,0,10.24,Good,Completed,-164
C-663,663,274,75136514.87057877,2023-03-30,45,3.48,Good,Completed,898
C-664,664,114,185562399.6001557,2023-04-16,174,54.24,Poor,Terminated,-312
C-665,665,135,4322317.564217614,2025-10-25,14,7.65,Good,Completed,3313
C-666,666,19,4556728.524196127,2023-03-27,34,3.94,Good,Completed,785
C-667,667,366,853191.4837230432,2023-08-02,26,3.18,Good,Completed,1712
C-668,668,478,4628901.2566326875,2024-06-28,11,9.92,Fair,Completed,99
C-669,669,375,8184235.013441851,2023-05-20,2,8.67,Good,Completed,513
C-670,670,23,750051.9601612319,2023-11-02,0,2.5,Good,Completed,-599
C-671,671,127,6393697.791929047,2021-11-09,0,1.52,Good,Completed,215
C-672,672,98,1114648.2750076395,2022-11-21,0,5.33,Good,Completed,2314
C-673,673,65,5498615.190227571,2024-10-29,29,10.24,Good,Completed,-39
C-674,674,270,3014125.9825113146,2021-11-05,21,4.32,Fair,Completed,867
C-675,675,16,192215361.9533408,2021-07-23,100,43.97,Poor,Completed,-151
C-676,676,138,549517.1225247486,2020-01-24,21,0.0,Poor,Completed,-1679
C-677,677,162,2696088.8809897495,2024-11-21,21,8.25,Good,Completed,1106
C-678,678,23,645122.014346113,2020-10-25,0,4.4,Poor,Completed,-1702
C-679,679,307,7247211.2887074575,2022-10-25,3,8.76,Good,Completed,530
C-680,680,366,34412542.64660575,2024-02-15,0,6.12,Good,Completed,1909
C-681,681,204,5821263.036042798,2025-09-05,5,14.49,Good,Completed,3
C-682,682,184,1275975.5917425526,2021-10-18,6,14.09,Good,Completed,1698
C-683,683,252,2724476.2088989206,2022-08-01,2,3.24,Good,Completed,594
C-684,684,81,5163500.404461639,2023-08-01,3,6.49,Good,Completed,321
C-685,685,383,150208686.93938947,2020-01-16,46,8.96,Fair,Completed,996
C-686,686,6,7613560.629425027,2021-02-17,3,11.84,Fair,Completed,-1077
C-687,687,217,2341013.004302327,2023-05-13,11,0.0,Fair,Completed,692
C-688,688,281,7746728.483370458,2021-07-01,0,7.18,Poor,Completed,808
C-689,689,411,7593951.774601392,2024-06-03,0,1.15,Poor,Completed,1712
C-690,690,419,2827679.0018385043,2024-12-20,31,0.74,Good,Completed,1152
C-691,691,274,389173125.8281254,2021-07-30,219,46.08,Poor,Completed,290
C-692,692,418,1969993.176721323,2023-10-02,60,13.11,Good,Completed,2668
C-693,693,242,3116198.9314682027,2024-08-02,2,4.88,Good,Completed,2570
C-694,694,71,1637726.7702077627,2023-09-05,66,6.41,Fair,Completed,267
C-695,695,86,200345286.6714695,2024-02-09,74,27.3,Poor,Completed,-45
C-696,696,213,4858527.765727842,2023-11-21,15,14.01,Good,Completed,633
C-697,697,7,196081185.00264338,2024-11-07,0,0.0,Good,Completed,1121
C-698,698,259,2529680.4871056797,2021-02-15,10,0.0,Good,Completed,-299
C-699,699,37,3107559.1814484657,2021-02-03,15,5.26,Good,Completed,-609
C-700,700,409,11252875.834280096,2020-08-29,31,3.12,Good,Completed,1532
C-701,701,475,2374675.619908991,2023-09-15,58,10.11,Good,Completed,1676
C-702,702,359,465126752.4354727,2024-03-14,0,4.66,Good,Completed,1350
C-703,703,310,4718733.884301458,2021-02-15,0,9.52,Good,Completed,421
C-704,704,465,420692.2196627469,2020-11-29,11,6.03,Good,Completed,-1736
C-705,705,250,9610437.999510987,2020-02-18,9,0.0,Good,Completed,813
C-706,706,159,158761683.2582199,2021-09-10,66,47.21,Poor,Completed,-580
C-707,707,56,3094444.1498307553,2024-04-15,15,0.0,Good,Completed,2094
C-708,708,156,477254.2590077056,2020-01-18,19,5.36,Good,Completed,-2132
C-709,709,145,43899428.69805995,2020-11-26,0,0.0,Fair,Completed,452
C-710,710,217,5061544.153125954,2021-04-20,1,3.79,Good,Completed,-61
C-711,711,144,6990927.068263172,2021-11-13,0,0.36,Good,Completed,-1377
C-712,712,495,505305.33089482307,2022-12-27,8,12.47,Good,Completed,159
C-713,713,150,522315578.584666,2022-10-12,106,28.52,Poor,Terminated,-761
C-714,714,312,8169819.269328249,2020-03-10,19,2.57,Good,Completed,-1255
C-715,715,367,6114783.225034692,2025-01-22,0,3.25,Good,Completed,1536
C-716,716,281,6252885.419514474,2020-05-02,4,4.48,Good,Completed,383
C-717,717,35,262922521.84323496,2022-05-09,0,5.09,Good,Completed,1522
C-718,718,236,109705847.9835583,2022-10-27,2,4.18,Fair,Completed,2248
C-719,719,158,3455672.5126295984,2025-05-16,0,5.77,Good,Completed,1681
C-720,720,468,2380181.097489624,2024-11-25,4,6.01,Good,Completed,2962
C-721,721,402,2095546.7558442687,2020-01-28,35,7.4,Good,Completed,352
C-722,722,465,1650333.579513186,2024-04-14,0,8.29,Good,Completed,-504
C-723,723,211,8634165.670624612,2024-08-16,3,4.77,Good,Completed,2279
C-724,724,327,9124831.706944218,2021-06-25,69,2.14,Poor,Completed,-405
C-725,725,446,6856786.663458219,2021-03-12,47,7.32,Good,Completed,-477
C-726,726,304,7682946.567450144,2024-08-16,24,7.28,Good,Completed,604
C-727,727,149,331763047.8682651,2023-12-30,108,28.67,Poor,Completed,-324
C-728,728,320,3083855.2177589373,2022-11-01,18,0.0,Good,Completed,2431
C-729,729,309,8135699.591966949,2025-10-07,0,3.05,Good,Completed,2791
C-730,730,227,9548587.471241606,2021-12-08,4,10.08,Good,Completed,-54
C-731,731,141,4415106.780057673,2024-05-14,0,9.04,Good,Completed,173
C-732,732,24,23690633.54361906,2025-08-15,0,0.87,Good,Completed,991
C-733,733,378,18086209.890153788,2020-09-24,28,15.26,Poor,Completed,821
C-734,734,199,5663622.7040500045,2023-10-30,23,10.69,Fair,Completed,2290
C-735,735,420,2757187.1752251745,2022-02-28,15,7.21,Good,Completed,-172
C-736,736,165,2026811.948678588,2025-03-07,71,18.57,Good,Completed,1983
C-737,737,349,11370465.63321856,2025-11-02,0,3.15,Good,Completed,1027
C-738,738,114,5223000.035897896,2023-10-18,17,0.0,Fair,Completed,-127
C-739,739,380,3618649.9854035703,2020-02-03,7,5.07,Good,Completed,-1046
C-740,740,52,318370315.7203308,2021-08-27,0,12.2,Good,Completed,785
C-741,741,387,1311973.5441354064,2022-05-17,40,16.08,Poor,Completed,758
C-742,742,422,305789651.39194345,2020-01-20,160,29.84,Poor,Completed,-225
C-743,743,380,6108393.15107778,2023-06-27,0,0.0,Good,Completed,194
C-744,744,343,6492615.755428522,2022-11-07,0,0.0,Fair,Completed,-961
C-745,745,9,80833009.80582386,2020-12-05,172,38.93,Poor,Completed,-651
C-746,746,164,7027553.77763666,2020-07-15,5,11.02,Fair,Completed,820
C-747,747,153,36907138.64573877,2022-12-31,3,0.0,Fair,Completed,-913
C-748,748,434,404450461.17068034,2023-09-17,0,0.41,Good,Completed,893
C-749,749,450,819974.7727223262,2025-10-25,56,1.36,Good,Completed,2969
C-750,750,331,7530238.22462792,2023-10-01,1,0.0,Good,Completed,1979
C-751,751,436,4528038.299648672,2022-02-17,41,7.67,Fair,Completed,2141
C-752,752,172,442175960.81161386,2024-03-16,29,11.31,Good,Completed,926
C-753,753,103,9858942.126005363,2020-08-23,0,6.33,Good,Completed,-533
C-754,754,416,6471548.835584418,2021-05-24,20,3.36,Poor,Completed,-1099
C-755,755,123,2015924.5630892564,2024-09-23,22,4.2,Good,Completed,1218
C-756,756,252,270783700.19412965,2022-01-30,4,4.57,Fair,Completed,411
C-757,757,405,8611873.865108963,2022-08-19,13,3.24,Fair,Completed,-319
C-758,758,295,6070698.692653886,2020-02-16,7,10.07,Good,Completed,1071
C-759,759,178,2258861.3943402767,2022-02-23,0,9.41,Good,Completed,-561
C-760,760,326,122264188.2232896,2021-07-03,159,32.58,Poor,Completed,-521
C-761,761,401,8447793.300340945,2022-11-29,51,2.2,Good,Completed,2233
C-762,762,70,6145914.06484425,2023-05-09,32,6.16,Good,Completed,1826
C-763,763,338,6086608.5059045125,2024-03-07,18,0.79,Good,Completed,1569
C-764,764,198,280270.13660835114,2023-05-26,46,5.86,Good,Completed,1378
C-765,765,379,3846420.338456576,2022-01-31,11,14.22,Good,Completed,568
C-766,766,228,1784398.9698993752,2022-10-23,45,12.05,Good,Completed,1162
C-767,767,76,3583584.2119374448,2024-12-26,0,2.74,Good,Completed,-80
C-768,768,127,341702865.5245548,2025-02-28,0,1.26,Good,Completed,1422
C-769,769,475,8005130.186024698,2020-05-30,46,7.68,Good,Completed,473
C-770,770,337,3693832.517499243,2022-09-11,9,2.03,Fair,Completed,1150
C-771,771,266,6668239.138054068,2021-07-30,0,5.35,Fair,Completed,-194
C-772,772,288,50897894.055562705,2022-09-21,43,1.07,Good,Completed,2043
C-773,773,4,1645842.2964687683,2023-10-29,49,0.24,Good,Completed,1839
C-774,774,139,7006816.485001786,2024-05-26,0,5.92,Good,Completed,232
C-775,775,400,6082038.688407029,2020-02-11,12,6.72,Fair,Completed,-1303
C-776,776,120,2473864.866320459,2022-03-08,0,5.97,Good,Completed,738
C-777,777,392,27249100.104405846,2021-06-07,9,11.23,Fair,Completed,-1379
C-778,778,154,42687869.51469488,2020-05-18,0,21.51,Good,Completed,-2016
C-779,779,324,7992321.86909173,2024-11-29,39,0.0,Good,Completed,1233
C-780,780,286,4651172.486968361,2023-02-22,11,0.0,Fair,Completed,1087
C-781,781,150,7839358.632016639,2024-08-04,0,0.0,Good,Completed,-99
C-782,782,15,127892277.00668317,2023-09-05,0,11.38,Good,Completed,940
C-783,783,235,36789714.42347394,2022-06-16,78,7.91,Good,Completed,2259
C-784,784,87,1349635.554141563,2020-08-30,30,0.0,Good,Completed,-205
C-785,785,143,22956067.26795289,2023-12-14,10,4.02,Good,Completed,-438
C-786,786,484,90270404.67414658,2025-01-03,4,0.0,Good,Completed,907
C-787,787,209,23696748.53615827,2021-01-26,50,4.99,Good,Completed,1710
C-788,788,36,9654444.035693955,2021-03-18,12,1.02,Fair,Completed,159
C-789,789,422,33673791.01481749,2021-02-23,11,7.05,Good,Completed,175
C-790,790,394,509869315.6457627,2023-06-05,21,9.63,Fair,Completed,2402
C-791,791,263,6079847.37940083,2022-05-01,47,7.92,Good,Completed,801
C-792,792,189,536421.6169580708,2023-02-26,33,5.76,Good,Completed,924
C-793,793,208,236120.56375957408,2023-07-17,27,0.0,Good,Completed,1382
C-794,794,279,6170087.348871177,2022-03-13,70,7.71,Poor,Completed,1053
C-795,795,247,33177474.11166913,2024-04-21,8,17.66,Good,Completed,1864
C-796,796,448,5938759.776091601,2025-07-31,16,9.99,Fair,Completed,31
C-797,797,238,7562618.83726671,2023-12-07,35,12.77,Good,Completed,2426
C-798,798,388,3868327.8273967425,2025-05-03,0,8.34,Good,Completed,2581
C-799,799,473,18456477.6437392,2022-10-22,18,2.93,Good,Completed,2347
C-800,800,64,336655.29309293925,2020-05-12,0,13.2,Good,Completed,880
C-801,801,494,7545729.046869184,2024-06-16,0,0.0,Good,Completed,2425
C-802,802,367,1339904.986151923,2022-06-30,6,7.53,Good,Completed,599
C-803,803,158,282167759.9848652,2024-10-06,1,9.46,Poor,Completed,1459
C-804,804,286,2938805.639025665,2024-12-09,0,6.46,Good,Completed,1743
C-805,805,406,1299311.3937425832,2023-03-05,4,7.8,Fair,Completed,704
C-806,806,459,5176336.602484486,2020-06-03,7,0.84,Fair,Completed,50
C-807,807,422,8203119.121963263,2020-06-19,0,6.37,Good,Completed,-74
C-808,808,265,247243123.60788363,2025-10-05,68,41.29,Poor,Completed,68
C-809,809,274,1811018.5381007376,2020-08-09,47,0.0,Fair,Completed,-65
C-810,810,230,6672411.277512746,2023-03-10,2,6.29,Good,Completed,1711
C-811,811,55,3790157.1924670017,2021-02-27,4,5.7,Fair,Completed,619
C-812,812,115,5128523.819633136,2021-06-29,40,5.86,Good,Completed,-1156
C-813,813,169,6782391.086899246,2025-09-06,10,7.2,Good,Completed,2714
C-814,814,23,5603395.379190183,2024-06-29,13,2.52,Fair,Completed,-359
C-815,815,231,867878.1683959796,2024-06-22,1,0.07,Good,Completed,2136
C-816,816,331,43591003.768579215,2023-10-31,4,4.43,Good,Completed,2009
C-817,817,292,117184526.32392164,2024-01-17,39,0.0,Good,Completed,823
C-818,818,458,4282478.737922034,2023-12-28,0,0.9,Good,Completed,2048
C-819,819,351,7313287.671090849,2020-08-16,1,7.86,Good,Completed,-1841
C-820,820,177,4792699.225062548,2021-01-30,37,10.65,Good,Completed,1688
C-821,821,118,7240589.102766184,2023-01-10,53,4.56,Fair,Completed,-29
C-822,822,263,435510187.17001563,2020-12-12,81,64.0,Poor,Completed,296
C-823,823,432,9183855.367204,2022-08-28,4,6.67,Good,Completed,2302
C-824,824,340,9470800.17745425,2025-05-31,18,6.8,Fair,Completed,2341
C-825,825,468,21522334.866512544,2025-12-12,3,0.0,Good,Completed,3344
C-826,826,170,27696997.84062299,2025-01-25,14,3.95,Fair,Completed,361
C-827,827,87,6419749.725740255,2024-08-01,0,18.07,Fair,Completed,1227
C-828,828,38,9463404.751690371,2024-12-15,4,0.0,Fair,Completed,1204
C-829,829,388,418630711.42175555,2023-08-26,1,1.12,Fair,Completed,1965
C-830,830,260,1491064.0245488195,2023-04-10,0,4.45,Good,Completed,1308
C-831,831,236,8969234.258921456,2024-08-04,2,3.18,Good,Completed,2895
C-832,832,110,4761211.124219362,2024-06-19,32,0.0,Fair,Completed,2995
C-833,833,250,419969703.8635786,2025-10-07,4,0.0,Good,Completed,2871
C-834,834,30,5536793.22708847,2025-10-03,3,0.0,Fair,Completed,2652
C-835,835,379,1010062.5152228299,2024-05-10,10,1.84,Good,Completed,1398
C-836,836,107,3001824.7345818244,2023-07-29,45,5.01,Good,Completed,1942
C-837,837,422,6136690.631046623,2020-10-22,11,1.67,Good,Completed,51
C-838,838,52,33940945.67481008,2021-10-23,11,2.53,Good,Completed,842
C-839,839,301,6096462.280683735,2025-11-26,45,7.53,Good,Completed,2450
C-840,840,213,4362906.021409472,2025-02-17,14,4.38,Good,Completed,1087
C-841,841,79,3300462.1671492243,2024-08-17,10,12.29,Good,Completed,3078
C-842,842,2,6108070.131026806,2024-02-20,26,8.44,Good,Completed,264
C-843,843,168,895163.0669927873,2025-07-06,13,5.52,Good,Completed,-66
C-844,844,460,42927848.18766049,2023-05-03,21,8.4,Fair,Completed,1921
C-845,845,322,30246284.330746185,2023-06-06,1,5.44,Fair,Completed,2422
C-846,846,163,6656716.510486382,2020-03-23,29,14.16,Poor,Completed,1178
C-847,847,398,7748625.757889226,2020-12-08,13,1.95,Good,Completed,263
C-848,848,168,5863052.616185068,2022-03-15,7,4.54,Good,Completed,-1275
C-849,849,42,43153583.227150336,2021-07-01,8,15.47,Fair,Completed,1977
C-850,850,30,6754429.411945265,2024-11-12,3,0.11,Good,Completed,2327
C-851,851,364,8465840.917166302,2023-06-03,42,0.0,Good,Completed,1592
C-852,852,256,8138257.727515241,2025-07-04,5,0.0,Good,Completed,566
C-853,853,366,252806007.10821256,2020-06-18,0,5.26,Good,Completed,572
C-854,854,218,1844491.084475226,2024-10-03,5,0.0,Fair,Completed,888
C-855,855,55,3798277.176882317,2022-12-05,0,3.27,Fair,Completed,1265
C-856,856,122,2887559.0841540326,2024-02-19,6,2.26,Good,Completed,1993
C-857,857,313,39515611.98372706,2024-11-30,65,9.6,Good,Completed,546
C-858,858,209,6072979.26737197,2023-07-28,34,3.32,Good,Completed,2623
C-859,859,189,39737824.39159249,2020-03-22,23,2.27,Good,Completed,-147
C-860,860,73,7101996.019967136,2023-06-16,29,0.0,Good,Completed,1331
C-861,861,146,3077417.4875946874,2024-09-05,47,8.04,Good,Completed,1032
C-862,862,174,8332426.475171495,2024-08-16,0,0.0,Good,Completed,969
C-863,863,411,5029081.937370378,2025-04-11,3,8.02,Fair,Completed,2024
C-864,864,77,4269083.8796133585,2022-07-01,2,0.0,Good,Completed,-796
C-865,865,175,9283312.515103053,2020-09-21,0,0.0,Poor,Completed,-696
C-866,866,65,1688858.1097767302,2021-05-11,78,4.99,Good,Completed,-1306
C-867,867,354,1248264.513967048,2025-02-04,33,4.58,Fair,Completed,2895
C-868,868,131,4786780.590755595,2020-01-26,14,5.54,Good,Completed,-1817
C-869,869,342,515083913.8542438,2023-10-17,0,11.81,Good,Completed,1235
C-870,870,191,7391874.256054391,2021-10-29,19,0.0,Fair,Completed,-256
C-871,871,145,202693389.23567548,2021-11-30,1,5.2,Good,Completed,821
C-872,872,34,39560631.8577508,2020-11-23,27,5.94,Good,Completed,743
C-873,873,226,1620176.98679328,2024-03-08,25,6.26,Fair,Completed,2712
C-874,874,226,1783755.9450112672,2020-04-20,2,0.0,Good,Completed,1294
C-875,875,456,354399.9358128418,2025-12-25,0,0.0,Good,Completed,201
C-876,876,346,5501479.964578503,2024-07-07,58,12.23,Poor,Completed,1506
C-877,877,264,5928181.244174498,2023-01-10,10,10.0,Good,Completed,-15
C-878,878,442,8753800.45432499,2022-08-04,60,2.69,Good,Completed,2075
C-879,879,389,6701997.70512148,2022-05-13,0,12.14,Good,Completed,-214
C-880,880,142,7128377.261943242,2022-01-06,40,8.82,Good,Completed,1553
C-881,881,142,6936406.861667985,2023-06-06,24,7.95,Good,Completed,2069
C-882,882,312,5615775.63310715,2023-04-16,13,3.44,Good,Completed,-123
C-883,883,170,8785458.027617453,2020-07-05,49,0.0,Fair,Completed,-1304
C-884,884,95,3864753.566478141,2022-08-09,73,7.39,Fair,Completed,1257
C-885,885,124,309441783.99280745,2020-10-12,113,48.23,Poor,Completed,-1433
C-886,886,470,5221261.194289456,2022-11-19,0,0.75,Good,Completed,1320
C-887,887,95,3205848.8194267126,2022-12-04,31,14.75,Good,Completed,1374
C-888,888,25,6549645.72159446,2023-06-05,0,7.64,Good,Completed,1060
C-889,889,442,28894187.290667783,2023-09-11,61,9.01,Fair,Completed,2478
C-890,890,245,494807.9731198599,2023-02-22,27,9.57,Good,Completed,842
C-891,891,112,471219.3428155312,2020-06-05,24,0.19,Poor,Completed,-2027
C-892,892,7,1374421.914467213,2022-07-31,0,3.07,Fair,Completed,291
C-893,893,288,3141148.76245226,2025-07-17,49,6.2,Good,Completed,3073
C-894,894,446,457427537.90516335,2020-09-03,118,39.65,Poor,Terminated,-667
C-895,895,276,33350358.250937175,2022-07-16,37,6.66,Good,Completed,-1026
C-896,896,103,1207570.8280290193,2021-02-21,8,9.28,Fair,Completed,-351
C-897,897,71,5478329.961798566,2023-07-25,45,3.0,Poor,Completed,225
C-898,898,327,2460665.3383201524,2024-08-13,40,5.0,Good,Completed,740
C-899,899,314,6886899.216585794,2025-12-03,20,6.24,Poor,Completed,2417
C-900,900,499,7979346.678688107,2024-12-05,52,9.29,Good,Completed,1178
C-901,901,91,5572348.422682746,2022-08-26,14,3.99,Good,Completed,-1037
C-902,902,202,3493841.8245916115,2022-08-23,20,0.0,Good,Completed,1569
C-903,903,475,7115457.529760134,2024-11-27,15,11.13,Good,Completed,2115
C-904,904,288,433393474.5981891,2024-02-10,26,5.58,Good,Completed,2550
C-905,905,263,79471174.39498593,2024-07-18,42,0.0,Good,Completed,1610
C-906,906,362,3146593.8572070203,2020-07-07,30,0.47,Good,Completed,-498
C-907,907,365,7273592.969876418,2020-04-29,0,6.04,Good,Completed,-522
C-908,908,101,2905067.6899885545,2025-07-23,17,2.87,Good,Completed,21
C-909,909,153,3794009.340273055,2024-12-28,6,0.0,Good,Completed,-185
C-910,910,478,1026939.3741556726,2020-01-31,13,0.0,Good,Completed,-1511
C-911,911,284,287115.20665220986,2024-10-28,36,1.05,Good,Completed,714
C-912,912,127,4489139.723511241,2022-09-13,11,3.78,Good,Completed,523
C-913,913,251,40348980.91225127,2021-12-28,0,16.39,Good,Completed,-1267
C-914,914,383,6140087.910087936,2023-03-24,41,0.9,Good,Completed,2159
C-915,915,14,5930229.410280913,2023-04-12,1,13.38,Good,Completed,1696
C-916,916,483,200903005.97557613,2021-07-20,12,7.66,Good,Completed,1429
C-917,917,213,9382394.474029064,2023-09-27,19,3.25,Good,Completed,578
C-918,918,418,6141102.589833767,2024-03-02,43,7.42,Good,Completed,2820
C-919,919,119,2048611.5225319588,2020-02-10,47,5.31,Good,Completed,-187
C-920,920,12,5617790.267037366,2025-06-08,60,5.19,Good,Completed,2673
C-921,921,134,361102793.63151675,2020-04-05,15,0.33,Good,Completed,626
C-922,922,224,37863678.18365337,2020-05-11,65,8.11,Good,Completed,1215
C-923,923,203,326661649.37898594,2024-09-25,1,0.61,Fair,Completed,1104
C-924,924,433,6936586.38191512,2021-08-17,4,6.93,Good,Completed,303
C-925,925,62,7510289.414617555,2023-12-05,64,6.42,Good,Completed,1010
C-926,926,420,70879890.56620069,2020-05-25,58,48.23,Poor,Completed,-816
C-927,927,302,440031071.1145623,2021-08-17,84,49.87,Poor,Completed,-1548
C-928,928,83,1433308.4599485553,2025-06-23,42,2.12,Good,Completed,3365
C-929,929,68,3009162.2093394953,2025-03-08,16,0.0,Fair,Completed,1723
C-930,930,282,397581622.0213621,2021-10-02,1,6.85,Fair,Completed,2074
C-931,931,277,5289787.757670589,2023-11-23,0,2.89,Good,Completed,-322
C-932,932,451,3728049.2413112894,2025-11-16,11,0.0,Fair,Completed,2839
C-933,933,26,5871929.794329899,2025-11-09,0,1.76,Good,Completed,3338
C-934,934,193,8836385.617333734,2025-06-03,7,0.0,Good,Completed,1833
C-935,935,358,9433833.095576078,2025-03-14,5,2.96,Fair,Completed,1057
C-936,936,3,8200948.369021203,2020-07-11,3,1.63,Good,Completed,-549
C-937,937,10,7900630.007291618,2023-01-01,13,0.79,Fair,Completed,1958
C-938,938,312,15657143.623558465,2023-05-13,18,15.7,Good,Completed,-96
C-939,939,313,9137132.042814914,2020-02-17,56,7.61,Good,Completed,-1202
C-940,940,379,32612799.516645752,2025-07-13,10,0.0,Good,Completed,1827
C-941,941,442,2795784.0939200264,2021-12-31,73,7.09,Good,Completed,1859
C-942,942,127,30399910.522315644,2024-06-18,0,8.13,Good,Completed,1167
C-943,943,187,915637.1219150444,2022-01-29,8,5.36,Good,Completed,-131
C-944,944,460,583175.9499999626,2022-02-17,17,1.42,Good,Completed,1481
C-945,945,239,2323719.9915289995,2021-06-01,17,5.24,Fair,Completed,395
C-946,946,234,5571362.320106655,2021-08-27,60,10.84,Good,Completed,-837
C-947,947,158,9961019.614965612,2023-10-03,0,7.68,Poor,Completed,1090
C-948,948,30,418362336.87035567,2022-04-28,22,5.21,Fair,Completed,1398
C-949,949,150,8752565.573188538,2025-12-09,2,6.25,Good,Completed,393
C-950,950,321,8151853.323334283,2023-04-30,0,3.34,Poor,Completed,758
C-951,951,463,50015585.671916805,2021-05-09,16,6.39,Good,Completed,-109
C-952,952,465,1554785.0779167009,2025-05-19,14,2.07,Good,Completed,-104
C-953,953,365,432856587.0851139,2020-10-27,167,45.65,Poor,Completed,-341
C-954,954,469,612953.0121509206,2022-04-17,0,4.46,Good,Completed,1127
C-955,955,292,33810245.69410094,2023-09-03,35,2.37,Good,Completed,687
C-956,956,315,5804835.894342093,2024-02-13,10,0.0,Good,Completed,-568
C-957,957,148,10359548.019608831,2021-06-10,52,0.03,Good,Completed,-387
C-958,958,248,1242957.4917196017,2022-07-23,2,8.03,Good,Completed,1227
C-959,959,89,3707173.223520104,2025-06-16,9,0.88,Good,Completed,1370
C-960,960,224,3708248.0673137167,2022-09-11,50,9.15,Good,Completed,2068
C-961,961,171,9565727.691186892,2021-03-29,6,2.87,Good,Completed,1806
C-962,962,195,8505615.586918242,2023-06-27,6,6.42,Good,Completed,1694
C-963,963,101,42988423.76741193,2024-10-19,0,11.49,Fair,Completed,-256
C-964,964,122,4648830.36702812,2020-10-29,0,6.81,Good,Completed,785
C-965,965,233,12937732.324138207,2024-03-24,13,2.36,Poor,Completed,563
C-966,966,261,8062322.959893826,2025-06-15,4,1.83,Good,Completed,1340
C-967,967,190,496193.32195453,2025-12-21,6,4.46,Good,Completed,1393
C-968,968,7,5080246.512757152,2020-11-14,15,4.93,Good,Completed,-333
C-969,969,301,6350576.294157992,2023-05-22,60,6.3,Good,Completed,1531
C-970,970,433,7926071.16619686,2021-11-26,26,3.86,Good,Completed,404
C-971,971,471,47336640.477149114,2023-03-13,14,10.11,Good,Completed,2084
C-972,972,380,4901308.18437377,2020-09-16,6,2.18,Poor,Completed,-820
C-973,973,177,5729889.768020903,2025-01-13,27,4.02,Good,Completed,3132
C-974,974,212,17049236.57075946,2024-05-12,8,3.22,Good,Completed,872
C-975,975,13,3077470.324131002,2021-11-29,11,9.43,Good,Completed,-1075
C-976,976,108,3130250.011081884,2025-10-06,58,0.09,Good,Completed,1390
C-977,977,219,4934134.828952756,2022-08-28,56,3.48,Good,Completed,2268
C-978,978,299,3793038.0735779502,2024-12-05,0,8.23,Fair,Completed,3136
C-979,979,295,4049608.5911743245,2025-08-06,19,1.63,Good,Completed,3069
C-980,980,6,390770714.5326863,2020-11-28,38,54.26,Poor,Completed,-1158
C-981,981,83,4474880.772888275,2020-08-21,15,11.8,Fair,Completed,1598
C-982,982,130,3816813.137756822,2020-02-27,15,5.02,Good,Completed,-2128
C-983,983,171,7384761.972267914,2023-09-13,18,7.02,Good,Completed,2704
C-984,984,246,2401654.1468443973,2023-05-27,22,4.66,Good,Completed,2123
C-985,985,184,15220063.382823037,2023-07-30,8,5.36,Good,Completed,2348
C-986,986,266,6997900.602270211,2024-02-15,24,12.73,Good,Completed,736
C-987,987,475,4210677.858234203,2020-06-23,51,0.0,Good,Completed,497
C-988,988,239,2247079.179989731,2022-11-10,2,13.26,Good,Completed,922
C-989,989,407,1906705.2546620942,2025-01-27,13,6.48,Fair,Completed,3109
C-990,990,114,1403021.9137099232,2024-04-09,6,12.3,Good,Completed,47
C-991,991,208,2414110.9253010033,2021-02-07,27,7.37,Good,Completed,492
C-992,992,367,5626238.520880096,2022-12-12,0,2.53,Good,Completed,764
C-993,993,68,3263020.866154309,2020-12-24,0,4.32,Fair,Completed,188
C-994,994,99,230812143.4690819,2020-03-11,66,37.36,Poor,Completed,-569
C-995,995,229,5518861.874954376,2025-10-23,51,8.56,Good,Completed,1959
C-996,996,169,487747450.0723159,2021-08-14,11,5.73,Good,Completed,1230
C-997,997,321,2415276.2202427224,2021-05-02,18,7.67,Good,Completed,30
C-998,998,453,6201492.473667322,2025-12-05,37,10.96,Poor,Completed,3253
C-999,999,430,512790559.42580295,2021-03-24,54,0.0,Fair,Completed,1722
C-1000,1000,39,1702232.8156256103,2025-07-24,17,0.0,Good,Completed,3011
C-1001,1001,481,470483600.09620726,2025-03-14,7,0.29,Good,Completed,869
C-1002,1002,426,6343432.17798233,2024-02-16,23,1.35,Good,Completed,233
C-1003,1003,7,41114967.83965135,2022-09-29,0,12.02,Fair,Completed,351
C-1004,1004,402,6010928.267839061,2022-07-25,20,0.75,Good,Completed,1261
C-1005,1005,44,6965683.41643094,2020-04-01,37,10.6,Good,Completed,-962
C-1006,1006,447,7599821.306348818,2024-12-11,0,0.0,Fair,Completed,289
C-1007,1007,399,5995585.789043126,2021-11-16,20,8.75,Poor,Completed,1186
C-1008,1008,433,7802442.959949701,2025-08-19,20,2.79,Good,Completed,1766
C-1009,1009,32,4178702.4534265073,2023-07-25,28,1.22,Poor,Completed,-780
C-1010,1010,310,147864763.4379756,2023-11-06,22,7.25,Good,Completed,1415
C-1011,1011,107,201552.16531877196,2024-09-20,11,0.0,Poor,Completed,2361
C-1012,1012,415,3852137.425069745,2020-08-27,10,2.15,Good,Completed,-1081
C-1013,1013,417,9623479.667048797,2024-12-16,0,16.09,Poor,Completed,2890
C-1014,1014,134,9260309.03145439,2025-04-07,18,0.98,Poor,Completed,2454
C-1015,1015,245,1043142.28950574,2023-02-10,51,1.61,Good,Completed,830
C-1016,1016,155,3303008.6430549584,2025-11-25,13,5.07,Fair,Completed,437
C-1017,1017,308,10997496.61921673,2023-05-06,16,2.72,Good,Completed,34
C-1018,1018,309,7909192.279221728,2024-08-03,0,15.12,Fair,Completed,2361
C-1019,1019,41,6329034.175678842,2021-02-19,0,4.42,Good,Completed,-1338
C-1020,1020,500,9796684.756891351,2022-05-22,24,8.96,Good,Completed,1115
C-1021,1021,25,4979773.458597914,2024-08-22,0,2.15,Good,Completed,1504
C-1022,1022,35,10660015.723149898,2022-10-07,0,8.98,Poor,Completed,1673
C-1023,1023,84,2673826.3665985973,2021-10-07,15,0.0,Good,Completed,-931
C-1024,1024,311,9801760.560470143,2020-04-29,39,0.0,Good,Completed,451
C-1025,1025,351,1117544.765862249,2025-06-02,10,9.55,Good,Completed,-90
C-1026,1026,140,8281642.828147157,2024-12-23,37,0.0,Good,Completed,516
C-1027,1027,158,2490515.0061684516,2020-07-17,0,13.01,Good,Completed,-83
C-1028,1028,124,976500.5969825726,2020-09-04,20,6.81,Poor,Completed,-1471
C-1029,1029,149,6076715.833999879,2023-07-06,0,5.12,Poor,Completed,-501
C-1030,1030,106,17251740.149149135,2024-03-05,0,8.42,Fair,Completed,-392
C-1031,1031,56,309875595.0296764,2022-05-11,0,9.42,Good,Completed,1389
C-1032,1032,26,1278521.884336628,2022-09-14,19,0.0,Good,Completed,2186
C-1033,1033,246,530410677.80205953,2022-09-21,55,12.1,Good,Completed,1875
C-1034,1034,8,9410272.731622525,2024-04-10,13,12.0,Good,Completed,-146
C-1035,1035,99,138092448.85321194,2025-04-17,23,0.0,Good,Completed,1294
C-1036,1036,59,4381288.190867709,2021-07-01,47,8.06,Good,Completed,-1430
C-1037,1037,383,8307190.633777472,2023-11-22,24,7.89,Good,Completed,2402
C-1038,1038,393,276854538.263691,2024-10-11,0,2.2,Good,Completed,537
C-1039,1039,463,2684634.8555520624,2024-05-25,16,6.61,Good,Completed,1003
C-1040,1040,308,4580396.884992468,2020-09-07,0,6.2,Good,Completed,-937
C-1041,1041,178,7653749.129463944,2023-10-21,8,0.0,Fair,Completed,44
C-1042,1042,196,4645212.1602367,2023-02-21,9,0.0,Good,Completed,-743
C-1043,1043,281,9780281.718949873,2024-05-11,0,8.64,Good,Completed,1853
C-1044,1044,423,2245223.5846389146,2023-09-03,0,17.77,Good,Completed,1831
C-1045,1045,181,42480389.79987583,2022-04-09,64,0.81,Fair,Completed,1230
C-1046,1046,238,7620529.972831704,2020-04-06,37,0.45,Good,Completed,1086
C-1047,1047,147,9196614.421338277,2025-06-21,0,5.23,Fair,Completed,226
C-1048,1048,393,457360560.45606565,2025-03-24,1,9.11,Fair,Completed,701
C-1049,1049,321,18566637.41437692,2020-11-24,0,0.0,Good,Completed,-129
C-1050,1050,127,4863885.643117427,2020-11-12,0,4.45,Fair,Completed,-147
C-1051,1051,79,1613084.7306164964,2024-04-09,22,1.79,Fair,Completed,2948
C-1052,1052,162,8834974.98802948,2021-11-05,2,4.66,Good,Completed,-6
C-1053,1053,195,6777955.448855294,2024-08-11,6,4.36,Good,Completed,2105
C-1054,1054,208,793852.066975291,2021-09-24,23,3.24,Good,Completed,721
C-1055,1055,435,7108306.026936836,2020-09-14,7,2.28,Good,Completed,-37
C-1056,1056,41,469177820.076594,2025-10-05,124,50.73,Poor,Terminated,351
C-1057,1057,443,174146891.78304532,2023-09-26,99,32.6,Poor,Terminated,-123
C-1058,1058,381,8508699.261974048,2020-01-27,43,6.89,Good,Completed,-1186
C-1059,1059,187,7943474.454261716,2025-02-17,1,5.22,Good,Completed,984
C-1060,1060,148,2197059.066309119,2024-11-04,42,9.13,Good,Completed,856
C-1061,1061,110,22285982.93747221,2025-04-18,20,0.0,Good,Completed,3298
C-1062,1062,56,4712846.910464301,2021-04-20,0,0.98,Good,Completed,1003
C-1063,1063,241,916728.0599109057,2022-11-08,7,6.88,Good,Completed,1498
C-1064,1064,276,24564653.308972694,2022-08-26,0,0.0,Good,Completed,-985
C-1065,1065,82,494011854.3217077,2023-08-07,10,0.0,Poor,Completed,559
C-1066,1066,346,6503065.29123259,2025-04-16,57,3.36,Good,Completed,1789
C-1067,1067,70,7508451.379375032,2023-09-19,43,0.0,Good,Completed,1959
C-1068,1068,496,8055172.740313817,2024-12-01,11,4.42,Good,Completed,1897
C-1069,1069,234,2317384.9008260383,2020-04-17,66,9.16,Fair,Completed,-1334
C-1070,1070,137,823203.1154171586,2020-04-30,21,13.1,Fair,Completed,-521
C-1071,1071,296,380570638.0093206,2020-03-21,0,8.14,Good,Completed,1455
C-1072,1072,5,12948604.806867478,2020-03-12,5,8.49,Good,Completed,743
C-1073,1073,223,4716268.028782292,2025-01-10,3,3.49,Fair,Completed,2320
C-1074,1074,144,882413.1255419352,2021-12-26,0,10.38,Good,Completed,-1334
C-1075,1075,468,9782608.698877456,2020-04-17,21,7.23,Good,Completed,1279
C-1076,1076,426,9234017.630709134,2025-12-17,11,0.0,Good,Completed,903
C-1077,1077,153,454601595.0875541,2024-01-12,75,20.08,Poor,Terminated,-536
C-1078,1078,432,6202115.515734869,2023-12-19,15,0.0,Good,Completed,2780
C-1079,1079,377,5024232.89553576,2023-07-27,6,4.01,Poor,Completed,-406
C-1080,1080,88,72338798.91581589,2023-05-16,1,9.74,Good,Completed,1709
C-1081,1081,434,2819840.6167477085,2024-06-29,13,12.13,Good,Completed,1179
C-1082,1082,307,4211296.220438397,2025-08-02,14,7.5,Poor,Completed,1542
C-1083,1083,171,5728467.5526561765,2024-08-10,1,5.34,Good,Completed,3036
C-1084,1084,248,6283254.178412506,2022-03-18,1,6.78,Poor,Completed,1100
C-1085,1085,127,6883276.308389575,2024-12-02,10,0.0,Good,Completed,1334
C-1086,1086,448,20607643.317937236,2022-07-25,23,9.41,Good,Completed,-1071
C-1087,1087,211,2751700.0881837243,2020-05-22,12,0.0,Good,Completed,732
C-1088,1088,335,35241007.38664781,2020-10-21,22,2.54,Good,Completed,435
C-1089,1089,41,8590308.385726037,2025-02-25,11,2.19,Good,Completed,129
C-1090,1090,487,6020719.650558137,2023-02-28,4,15.31,Good,Completed,711
C-1091,1091,42,9379219.778083913,2021-04-04,0,6.58,Good,Completed,1889
C-1092,1092,235,2971289.090575937,2023-09-03,66,1.75,Fair,Completed,2703
C-1093,1093,80,6877917.414415609,2023-06-05,31,9.06,Fair,Completed,-46
C-1094,1094,227,9693625.620630978,2023-03-04,2,0.0,Good,Completed,397
C-1095,1095,126,3051963.804730964,2022-11-25,50,13.14,Good,Completed,708
C-1096,1096,355,3613286.6111532133,2023-08-18,0,7.36,Good,Completed,880
C-1097,1097,235,1305780.418267663,2025-11-30,20,11.03,Poor,Completed,3522
C-1098,1098,177,845302.4649279093,2022-07-24,31,2.99,Poor,Completed,2228
C-1099,1099,428,42208373.07969903,2021-11-24,0,10.96,Good,Completed,24
C-1100,1100,174,7414564.912901248,2023-06-14,18,4.79,Good,Completed,540
C-1101,1101,309,9421440.710823547,2022-02-14,13,8.97,Good,Completed,1460
C-1102,1102,400,1966223.0852233088,2023-09-07,4,8.7,Poor,Completed,1
C-1103,1103,319,2956562.8787546516,2023-02-12,19,3.73,Good,Completed,2572
C-1104,1104,267,1733980.7555245003,2022-12-26,13,6.36,Good,Completed,-269
C-1105,1105,130,8774724.523922395,2021-01-29,43,3.65,Good,Completed,-1791
C-1106,1106,296,177656354.41625962,2021-05-24,0,5.38,Poor,Completed,1884
C-1107,1107,96,1480179.6081933775,2025-11-15,12,0.82,Poor,Completed,2593
C-1108,1108,293,5494213.287862514,2020-09-15,48,7.17,Fair,Completed,1601
C-1109,1109,410,10718273.367986513,2023-10-02,17,7.45,Fair,Completed,2008
C-1110,1110,59,7685576.406042588,2024-06-03,23,5.87,Fair,Completed,-362
C-1111,1111,354,9492686.444171002,2024-10-17,38,0.0,Fair,Completed,2785
C-1112,1112,493,377507787.7751417,2022-06-26,135,50.7,Poor,Completed,-502
C-1113,1113,248,8680969.276073277,2022-02-05,5,7.27,Good,Completed,1059
C-1114,1114,176,30255956.137495894,2023-10-28,18,0.9,Good,Completed,1594
C-1115,1115,213,1647722.137394754,2023-11-04,12,0.0,Good,Completed,616
C-1116,1116,134,6525836.110018382,2021-09-09,15,4.59,Good,Completed,1148
C-1117,1117,261,6646697.866259767,2020-05-28,0,2.09,Good,Completed,-504
C-1118,1118,203,383122213.813651,2023-01-15,27,12.82,Poor,Completed,485
C-1119,1119,378,522879.2228035814,2024-08-07,0,12.0,Good,Completed,2234
C-1120,1120,309,7749499.885480537,2024-02-11,0,11.41,Good,Completed,2187
C-1121,1121,344,6689323.365184792,2022-05-17,11,8.69,Good,Completed,-1210
C-1122,1122,58,352408990.86731,2023-09-11,0,0.71,Fair,Completed,1678
C-1123,1123,309,15366762.07726948,2024-12-28,12,11.24,Fair,Completed,2508
C-1124,1124,17,8734411.337066792,2021-12-25,56,3.14,Good,Completed,-303
C-1125,1125,184,8811382.802698568,2025-07-13,19,3.59,Good,Completed,3062
C-1126,1126,421,7301731.48235036,2025-06-30,17,5.13,Good,Completed,2304
C-1127,1127,288,5381544.435282974,2020-03-18,46,4.44,Good,Completed,1126
C-1128,1128,39,42971013.63971415,2022-11-20,9,8.37,Good,Completed,2034
C-1129,1129,98,8390915.604604976,2022-10-06,0,4.18,Good,Completed,2268
C-1130,1130,462,2037246.0103910458,2023-03-22,37,7.82,Good,Completed,1285
C-1131,1131,277,10200269.713192249,2022-10-10,9,1.57,Poor,Completed,-731
C-1132,1132,223,5366930.357446917,2022-06-25,5,8.54,Good,Completed,1390
C-1133,1133,216,6149746.77650337,2020-05-02,28,3.39,Fair,Completed,700
C-1134,1134,76,7304745.551246107,2021-10-17,0,0.0,Fair,Completed,-1246
C-1135,1135,73,39168192.555516556,2024-01-25,51,0.0,Good,Completed,1554
C-1136,1136,202,190178924.79549372,2023-03-20,0,0.0,Good,Completed,1778
C-1137,1137,436,56916149.66483534,2023-06-19,23,9.6,Good,Completed,2628
C-1138,1138,118,2793814.3787205354,2024-10-17,50,1.55,Good,Completed,617
C-1139,1139,79,8769440.330590473,2024-10-09,17,11.07,Fair,Completed,3131
C-1140,1140,74,1582518.5413937322,2025-10-25,2,5.42,Fair,Completed,1616
C-1141,1141,299,2061859.4621323678,2025-01-16,0,12.71,Good,Completed,3178
C-1142,1142,299,7279373.222429898,2025-11-25,6,5.15,Good,Completed,3491
C-1143,1143,281,9309643.9681622,2023-03-16,7,6.06,Fair,Completed,1431
C-1144,1144,276,3965051.6119583584,2023-06-05,24,4.78,Good,Completed,-702
C-1145,1145,418,37741398.789052114,2021-02-14,46,8.09,Poor,Completed,1708
C-1146,1146,470,7294291.359337962,2025-03-09,9,7.21,Good,Completed,2161
C-1147,1147,469,6915169.176765887,2021-11-06,0,0.0,Fair,Completed,965
C-1148,1148,389,8867203.969027678,2021-11-20,3,6.44,Good,Completed,-388
C-1149,1149,17,283842110.11992615,2021-08-17,145,37.18,Poor,Completed,-433
C-1150,1150,131,27042840.752624273,2022-12-25,59,0.0,Good,Completed,-753
C-1151,1151,452,889437.9376614933,2022-03-25,15,1.13,Good,Completed,672
C-1152,1152,318,9292039.738179961,2025-09-14,8,12.3,Fair,Completed,1694
C-1153,1153,497,186234902.2978415,2023-02-24,51,33.78,Poor,Terminated,-841
C-1154,1154,328,3434396.568759442,2020-09-02,9,8.79,Good,Completed,-1294
C-1155,1155,193,231375635.2235246,2020-03-22,101,46.78,Poor,Completed,-66
C-1156,1156,497,5299615.512444145,2025-06-24,13,6.49,Good,Completed,10
C-1157,1157,7,316085382.6904141,2023-01-13,0,5.07,Good,Completed,457
C-1158,1158,46,1685542.9732843656,2022-11-23,22,0.32,Good,Completed,-62
C-1159,1159,407,3681592.131657674,2020-12-03,13,6.74,Good,Completed,1593
C-1160,1160,314,7462605.029108918,2025-07-16,0,8.49,Good,Completed,2277
C-1161,1161,106,8528796.179809175,2025-03-29,3,3.78,Good,Completed,-3
C-1162,1162,176,5573467.06463592,2024-08-26,49,8.18,Good,Completed,1897
C-1163,1163,200,6160173.797792865,2024-08-12,4,7.25,Good,Completed,962
C-1164,1164,371,5662581.244163912,2024-12-06,63,4.39,Fair,Completed,483
C-1165,1165,461,9813601.308955736,2023-02-04,4,7.96,Good,Completed,802
C-1166,1166,300,6680968.822777392,2021-03-25,36,7.52,Good,Completed,1114
C-1167,1167,241,10233192.343427809,2022-10-03,0,0.0,Poor,Completed,1462
C-1168,1168,310,6119326.130815973,2025-03-09,1,2.63,Fair,Completed,1904
C-1169,1169,80,5617546.820987407,2020-01-10,43,5.64,Good,Completed,-1288
C-1170,1170,212,6236509.323907385,2020-04-06,3,3.22,Fair,Completed,-625
C-1171,1171,40,200767064.42325127,2023-07-26,154,29.63,Poor,Completed,-878
C-1172,1172,289,294145.18317559,2021-12-31,14,10.33,Poor,Completed,288
C-1173,1173,339,6695218.177152736,2020-04-11,12,8.87,Poor,Completed,1052
C-1174,1174,291,3767922.9076541816,2024-08-05,30,3.48,Fair,Completed,1447
C-1175,1175,73,10524597.377887102,2021-11-15,55,3.87,Good,Completed,753
C-1176,1176,185,2642677.691152492,2024-07-19,10,5.24,Good,Completed,2256
C-1177,1177,18,5835414.8193242485,2025-05-08,1,5.18,Good,Completed,3005
C-1178,1178,380,3112652.594474392,2021-03-15,0,9.34,Good,Completed,-640
C-1179,1179,298,861027.9346134808,2021-08-29,39,0.0,Good,Completed,-182
C-1180,1180,321,34876511.02327978,2024-08-20,12,0.0,Good,Completed,1236
C-1181,1181,154,48078414.235066555,2020-09-14,2,0.0,Good,Completed,-1897
C-1182,1182,453,3896984.1405959544,2020-12-11,40,0.0,Good,Completed,1433
C-1183,1183,405,156757496.5456733,2020-02-03,150,34.24,Poor,Completed,-1247
C-1184,1184,374,5874184.633646103,2023-05-11,0,13.19,Poor,Completed,2078
C-1185,1185,248,6083062.648732319,2021-03-28,12,4.91,Fair,Completed,745
C-1186,1186,254,4915422.548892276,2023-04-18,14,5.12,Good,Completed,2475
C-1187,1187,31,3417882.779961015,2020-11-06,0,13.86,Good,Completed,-1426
C-1188,1188,401,403277717.2396698,2024-10-27,50,0.0,Good,Completed,2931
C-1189,1189,355,284608129.90196365,2021-06-20,121,34.13,Poor,Completed,91
C-1190,1190,242,2016191.3196496489,2021-11-13,7,6.23,Good,Completed,1577
C-1191,1191,330,32570011.77647323,2022-01-12,28,6.01,Good,Completed,-687
C-1192,1192,72,10172851.742511814,2020-04-21,15,4.92,Fair,Completed,1342
C-1193,1193,41,6126878.460291221,2022-10-28,0,10.45,Fair,Completed,-722
C-1194,1194,53,8138586.560416083,2020-04-20,20,0.0,Poor,Completed,551
C-1195,1195,214,6680835.072945092,2020-04-27,17,0.27,Good,Completed,-1907
C-1196,1196,67,137081.76549052112,2022-05-08,19,3.19,Fair,Completed,376
C-1197,1197,221,8194640.814932669,2023-07-30,0,5.94,Fair,Completed,-398
C-1198,1198,297,5335097.719234733,2023-10-11,0,4.5,Good,Completed,1933
C-1199,1199,460,1167786.382122981,2024-03-12,26,5.35,Fair,Completed,2235
C-1200,1200,206,24594334.678771973,2022-02-18,54,2.22,Fair,Completed,1241
C-1201,1201,57,7662165.883076985,2024-11-26,58,8.43,Good,Completed,-217
C-1202,1202,114,18191627.24073931,2024-07-19,19,8.37,Good,Completed,148
C-1203,1203,496,7597709.410481739,2023-03-14,4,7.28,Poor,Completed,1269
C-1204,1204,292,1656992.1308009943,2024-07-13,43,0.54,Good,Completed,1001
C-1205,1205,59,4061416.298972668,2023-05-29,75,3.24,Fair,Completed,-733
C-1206,1206,161,8678530.008197794,2024-11-15,19,6.34,Good,Completed,2970
C-1207,1207,69,1965253.2806711325,2024-03-10,0,9.12,Fair,Completed,191
C-1208,1208,92,3791913.454632152,2022-09-25,6,5.15,Fair,Completed,-144
C-1209,1209,242,29966590.756790552,2023-11-12,23,2.59,Good,Completed,2306
C-1210,1210,416,1815429.3547772705,2022-10-16,12,7.64,Good,Completed,-589
C-1211,1211,88,10061942.98578327,2025-09-06,7,10.88,Poor,Completed,2553
C-1212,1212,183,9342039.732221322,2025-03-01,0,5.01,Good,Completed,164
C-1213,1213,346,79653928.49641706,2021-07-19,61,5.27,Poor,Completed,422
C-1214,1214,307,6110175.340576358,2022-05-09,1,0.0,Good,Completed,361
C-1215,1215,283,474214957.1108112,2025-07-02,52,8.61,Good,Completed,3426
C-1216,1216,460,4109228.9252178757,2024-09-24,51,6.34,Fair,Completed,2431
C-1217,1217,161,6521034.966697517,2021-12-12,0,3.9,Fair,Completed,1901
C-1218,1218,186,10033379.064033918,2020-03-07,0,6.98,Good,Completed,1249
C-1219,1219,472,4311300.282426597,2020-09-04,80,4.58,Fair,Completed,-1510
C-1220,1220,353,9662695.855404375,2022-10-07,0,4.9,Poor,Completed,-54
C-1221,1221,40,276898782.334067,2021-09-10,99,29.5,Poor,Completed,-1562
C-1222,1222,348,8698587.395291198,2023-08-17,25,12.48,Poor,Completed,1142
C-1223,1223,107,2510558.3014450977,2023-01-17,44,14.66,Poor,Completed,1749
C-1224,1224,367,4064111.469921269,2024-11-26,0,3.49,Good,Completed,1479
C-1225,1225,498,663784.9320411794,2020-08-22,38,0.0,Fair,Completed,603
C-1226,1226,84,4005187.581760564,2023-11-23,19,4.62,Good,Completed,-154
C-1227,1227,186,137487406.24314833,2021-10-23,8,2.64,Good,Completed,1844
C-1228,1228,476,4537909.2182050105,2022-05-28,0,5.97,Good,Completed,-1222
C-1229,1229,227,7194859.697758257,2021-06-06,7,6.59,Good,Completed,-239
C-1230,1230,150,4758824.237746387,2023-04-15,8,0.0,Good,Completed,-576
C-1231,1231,403,4591622.493858285,2022-04-20,6,4.93,Good,Completed,1875
C-1232,1232,437,6802992.178445494,2021-04-01,4,6.16,Good,Completed,-20
C-1233,1233,296,2049583.590268084,2023-07-18,15,8.42,Fair,Completed,2669
C-1234,1234,225,6879600.819790357,2025-11-17,36,9.66,Poor,Completed,2321
C-1235,1235,462,867325.2189543677,2024-09-21,14,2.52,Fair,Completed,1834
C-1236,1236,478,27065374.92681785,2024-02-29,0,8.47,Fair,Completed,-21
C-1237,1237,138,30296797.000027936,2023-12-22,0,7.67,Good,Completed,-251
C-1238,1238,119,4805920.781411956,2024-06-07,19,3.45,Good,Completed,1392
C-1239,1239,383,6759907.574339455,2023-06-12,38,9.54,Poor,Completed,2239
C-1240,1240,443,112080942.7206744,2020-09-07,56,26.62,Poor,Terminated,-1237
C-1241,1241,413,2722330.234388442,2022-10-11,4,3.05,Fair,Completed,804
C-1242,1242,281,31236968.18525794,2020-08-01,0,16.86,Good,Completed,474
C-1243,1243,68,799160.9840136385,2021-01-20,13,7.28,Good,Completed,215
C-1244,1244,282,2535099.8584927437,2020-06-01,4,3.31,Fair,Completed,1586
C-1245,1245,424,5203370.860968364,2024-02-10,4,0.0,Good,Completed,2174
C-1246,1246,140,9779729.525251536,2024-08-17,15,11.06,Poor,Completed,388
C-1247,1247,408,4116705.4735200643,2021-12-18,23,0.0,Good,Completed,-287
C-1248,1248,29,7787854.851931621,2023-12-17,4,8.65,Good,Completed,-251
C-1249,1249,197,5910184.5285232095,2021-04-21,33,11.6,Poor,Completed,804
C-1250,1250,58,2432872.1959989914,2025-04-27,4,7.03,Poor,Completed,2272
C-1251,1251,366,8113880.911570648,2024-07-12,0,0.76,Fair,Completed,2057
C-1252,1252,341,8341359.003646534,2020-01-01,5,4.73,Good,Completed,-214
C-1253,1253,208,2062274.5539592167,2023-12-18,27,12.71,Poor,Completed,1536
C-1254,1254,161,5122252.214645547,2023-03-09,0,11.29,Good,Completed,2353
C-1255,1255,76,5174793.116796418,2023-09-10,0,0.0,Good,Completed,-553
C-1256,1256,420,4393090.256379697,2021-03-04,0,0.41,Fair,Completed,-533
C-1257,1257,389,18678627.672018286,2025-04-06,19,6.96,Good,Completed,845
C-1258,1258,6,7029238.330394524,2023-06-03,20,0.0,Good,Completed,-241
C-1259,1259,120,2417026.5762459887,2024-01-28,4,0.0,Fair,Completed,1429
C-1260,1260,386,1707606.3855863241,2025-08-28,4,0.0,Good,Completed,1097
C-1261,1261,460,6527162.041101503,2024-04-21,31,8.48,Poor,Completed,2275
C-1262,1262,393,22474608.09581277,2022-01-24,0,14.58,Good,Completed,-454
C-1263,1263,323,2068942.2776947017,2023-06-30,55,1.3,Fair,Completed,-363
C-1264,1264,27,10036119.58696025,2025-12-01,32,7.13,Good,Completed,2602
C-1265,1265,253,8530322.146720087,2025-01-31,15,0.0,Good,Completed,1741
C-1266,1266,233,316036.5473211835,2021-10-06,0,9.4,Poor,Completed,-337
C-1267,1267,254,196453.3090786126,2025-05-28,0,0.0,Good,Completed,3246
C-1268,1268,67,6971076.953211911,2020-01-02,0,4.46,Good,Completed,-481
C-1269,1269,306,238029394.916401,2024-12-03,10,2.22,Good,Completed,1320
C-1270,1270,259,245203636.95236757,2020-08-28,107,45.96,Poor,Completed,-470
C-1271,1271,394,17720342.651567455,2025-03-11,14,8.18,Poor,Completed,3047
C-1272,1272,70,235346.95473744665,2022-08-03,54,0.0,Good,Completed,1547
C-1273,1273,72,4838413.796723415,2022-05-13,5,3.15,Good,Completed,2094
C-1274,1274,368,1817999.2523011002,2024-04-08,5,15.32,Fair,Completed,1499
C-1275,1275,336,8222205.091611669,2022-04-16,14,1.82,Good,Completed,1810
C-1276,1276,338,240746970.58139434,2021-04-07,4,0.0,Good,Completed,504
C-1277,1277,67,1789896.5586093394,2022-11-06,0,7.1,Fair,Completed,558
C-1278,1278,4,7792891.455031371,2023-05-01,58,3.91,Fair,Completed,1658
C-1279,1279,478,6977337.756496718,2025-07-18,7,9.04,Fair,Completed,484
C-1280,1280,87,1516293.4240935647,2022-07-03,3,7.25,Good,Completed,467
C-1281,1281,449,8895201.626516268,2025-12-25,0,3.97,Good,Completed,1307
C-1282,1282,117,4794464.130134176,2020-10-02,51,9.84,Poor,Completed,-1655
C-1283,1283,270,16871862.39268664,2020-06-06,2,4.76,Good,Completed,350
C-1284,1284,12,38996865.56122464,2020-11-11,43,9.41,Fair,Completed,1003
C-1285,1285,303,55424845.43414849,2022-12-02,66,27.83,Poor,Completed,238
C-1286,1286,220,13046662.480050476,2025-11-06,26,0.0,Good,Completed,1865
C-1287,1287,184,34343548.97816313,2020-07-04,14,0.0,Good,Completed,1227
C-1288,1288,486,7996544.7922714725,2024-10-31,0,1.14,Poor,Completed,1675
C-1289,1289,12,15948348.720563805,2022-09-26,53,6.41,Good,Completed,1687
C-1290,1290,125,5313725.369249327,2024-03-03,10,4.2,Good,Completed,2822
C-1291,1291,8,533500722.80997,2022-07-21,102,40.83,Poor,Completed,-775
C-1292,1292,236,6788095.674208839,2022-09-22,19,0.0,Good,Completed,2213
C-1293,1293,170,3534180.7611266216,2023-04-24,43,2.6,Good,Completed,-281
C-1294,1294,230,394284468.55238503,2022-04-22,0,5.69,Good,Completed,1389
C-1295,1295,289,99646457.147942,2021-02-11,78,47.14,Poor,Completed,-35
C-1296,1296,75,145652.9008980832,2020-01-17,49,6.47,Fair,Completed,-300
C-1297,1297,118,6049606.821228042,2025-01-29,57,0.0,Good,Completed,721
C-1298,1298,280,536642585.9266547,2024-04-09,136,26.39,Poor,Completed,130
C-1299,1299,225,27747745.96559125,2022-06-19,33,8.43,Poor,Completed,1074
C-1300,1300,316,10310535.784337394,2023-06-16,64,15.49,Good,Completed,937
C-1301,1301,462,9788901.847037777,2025-11-13,32,6.38,Good,Completed,2252
C-1302,1302,196,1173166.9037063099,2022-11-24,0,5.18,Good,Completed,-832
C-1303,1303,261,9497909.668368163,2020-09-04,0,10.2,Fair,Completed,-405
C-1304,1304,18,1739394.0526358953,2025-10-08,0,2.36,Good,Completed,3158
C-1305,1305,120,393724468.1193675,2020-11-07,103,25.72,Poor,Completed,252
C-1306,1306,458,5642687.607173229,2023-02-27,2,7.99,Good,Completed,1744
C-1307,1307,343,10695638.240277084,2025-11-25,2,4.19,Good,Completed,153
C-1308,1308,481,7451364.639889306,2021-09-04,17,1.76,Good,Completed,-418
C-1309,1309,118,2944446.386128343,2020-06-20,25,0.0,Good,Completed,-963
C-1310,1310,287,9939345.13482818,2023-08-29,10,10.37,Good,Completed,37
C-1311,1311,308,5234173.409909135,2022-11-01,4,0.0,Fair,Completed,-152
C-1312,1312,2,15622696.570185648,2023-12-25,44,14.61,Fair,Completed,207
C-1313,1313,369,1753172.0141882682,2020-06-20,3,1.77,Good,Completed,1510
C-1314,1314,273,7435570.654644196,2023-03-27,51,14.43,Good,Completed,2272
C-1315,1315,376,151791.76328282832,2021-11-15,0,0.0,Good,Completed,-1457
C-1316,1316,295,30726286.777992964,2025-06-02,0,0.0,Good,Completed,3004
C-1317,1317,348,6514137.731337366,2024-09-01,18,3.17,Good,Completed,1523
C-1318,1318,261,2075937.830556078,2022-09-21,22,3.26,Good,Completed,342
C-1319,1319,336,130801371.81022757,2022-10-25,7,0.0,Fair,Completed,2002
C-1320,1320,193,8827810.014170077,2021-12-27,6,7.06,Good,Completed,579
C-1321,1321,260,7166198.440361898,2025-10-05,23,7.38,Poor,Completed,2217
C-1322,1322,9,7692641.039831192,2021-10-07,0,11.2,Good,Completed,-345
C-1323,1323,394,7549264.230836127,2020-03-18,8,0.0,Poor,Completed,1228
C-1324,1324,24,2073863.2325328249,2023-08-02,0,5.35,Good,Completed,247
C-1325,1325,241,7583393.823612001,2024-05-11,1,4.47,Fair,Completed,2048
C-1326,1326,99,73267251.63243324,2021-07-24,153,41.11,Poor,Completed,-69
C-1327,1327,374,3568378.168364624,2022-11-02,7,4.21,Good,Completed,1888
C-1328,1328,196,4744441.665814073,2023-06-09,11,7.55,Good,Completed,-635
C-1329,1329,172,2365635.218999455,2025-12-09,26,0.0,Good,Completed,1559
C-1330,1330,92,34650585.39577459,2024-06-03,13,3.35,Poor,Completed,473
C-1331,1331,435,386173676.11055213,2021-09-20,104,49.84,Poor,Completed,334
C-1332,1332,127,4870328.934411567,2020-10-04,26,6.04,Fair,Completed,-186
C-1333,1333,169,1817512.086275725,2025-02-08,0,0.0,Fair,Completed,2504
C-1334,1334,279,1403616.5843182898,2021-07-06,27,5.14,Good,Completed,803
C-1335,1335,51,33085732.03277976,2021-09-07,5,2.5,Good,Completed,-488
C-1336,1336,380,9471211.644044943,2021-07-16,8,10.88,Good,Completed,-517
C-1337,1337,192,2067727.3175669266,2020-09-01,20,0.0,Poor,Completed,-1886
C-1338,1338,224,264529762.24169436,2025-06-17,47,4.43,Good,Completed,3078
C-1339,1339,380,3649167.0323102404,2020-11-27,12,11.61,Poor,Completed,-748
C-1340,1340,101,3782128.3801095504,2022-03-21,3,1.87,Good,Completed,-1199
C-1341,1341,492,3813769.4188168803,2021-07-26,38,5.84,Good,Completed,-99
C-1342,1342,283,5482565.12512006,2021-06-01,16,0.0,Good,Completed,1934
C-1343,1343,136,142252.89529570023,2024-10-17,0,10.27,Good,Completed,122
C-1344,1344,336,3912336.394101274,2020-03-13,0,8.01,Fair,Completed,1046
C-1345,1345,220,323483598.4212227,2025-10-20,26,8.96,Good,Completed,1848
C-1346,1346,38,3592519.872959917,2025-08-08,14,12.59,Good,Completed,1440
C-1347,1347,401,293017.29396918294,2025-01-09,63,9.35,Good,Completed,3005
C-1348,1348,338,1830043.3533350118,2025-12-16,0,7.8,Good,Completed,2218
C-1349,1349,32,9396568.474736819,2022-04-19,65,8.66,Poor,Completed,-1242
C-1350,1350,198,2329964.9383351374,2022-08-22,46,5.05,Good,Completed,1101
C-1351,1351,140,78718291.54190318,2021-01-01,63,30.02,Poor,Terminated,-936
C-1352,1352,356,6909753.647692332,2024-05-27,48,8.89,Good,Completed,2903
C-1353,1353,475,635539.1649161857,2020-04-29,23,2.57,Good,Completed,442
C-1354,1354,8,8445076.944232542,2024-07-13,4,9.57,Good,Completed,-52
C-1355,1355,155,15775872.719903713,2020-04-25,11,2.83,Good,Completed,-1603
C-1356,1356,68,4503725.779416746,2022-05-23,9,2.99,Fair,Completed,703
C-1357,1357,133,23725126.19091473,2022-11-09,14,0.0,Fair,Completed,-680
C-1358,1358,197,43332338.218386,2025-07-14,69,10.4,Good,Completed,2349
C-1359,1359,142,1961439.9627364564,2022-04-12,61,8.48,Good,Completed,1649
C-1360,1360,457,5661232.885976684,2022-05-04,2,1.6,Good,Completed,817
C-1361,1361,359,9698168.23890503,2020-11-14,6,3.94,Poor,Completed,134
C-1362,1362,189,6339631.736600519,2022-08-10,32,7.38,Good,Completed,724
C-1363,1363,105,7829668.08587041,2025-07-24,17,5.35,Good,Completed,2426
C-1364,1364,309,17733838.960911203,2022-04-16,0,2.39,Good,Completed,1521
C-1365,1365,81,8977330.945003407,2025-10-08,0,11.18,Good,Completed,1120
C-1366,1366,114,4904848.943273144,2025-09-25,10,0.0,Good,Completed,581
C-1367,1367,157,24183710.792459812,2025-07-03,0,10.07,Good,Completed,1317
C-1368,1368,270,322023641.97013235,2022-02-14,8,9.02,Fair,Completed,968
C-1369,1369,240,7393858.313305671,2022-08-04,59,9.15,Good,Completed,1226
C-1370,1370,359,484791388.2269981,2023-11-29,0,3.26,Good,Completed,1244
C-1371,1371,272,5626562.578375172,2022-01-03,3,6.75,Good,Completed,-1115
C-1372,1372,314,2016044.226384616,2024-10-23,7,9.5,Fair,Completed,2011
C-1373,1373,413,140750803.08566445,2023-12-04,12,1.08,Poor,Completed,1223
C-1374,1374,476,5264732.789813737,2022-10-07,37,10.73,Fair,Completed,-1090
C-1375,1375,348,22540279.005474176,2024-06-29,61,8.29,Good,Completed,1459
C-1376,1376,89,10841776.22463583,2024-01-12,0,8.14,Fair,Completed,849
C-1377,1377,199,7296988.5959287295,2021-03-03,15,13.61,Fair,Completed,1319
C-1378,1378,213,3848569.9157056054,2024-01-24,6,13.49,Fair,Completed,697
C-1379,1379,486,6742874.846896431,2021-11-17,4,8.7,Poor,Completed,596
C-1380,1380,362,868617.6615621097,2024-01-14,50,12.38,Good,Completed,788
C-1381,1381,486,5061625.257987289,2020-05-28,10,0.0,Good,Completed,58
C-1382,1382,78,313374602.6897669,2020-08-02,47,48.01,Poor,Completed,-1108
C-1383,1383,408,1710976.2022879752,2024-02-10,51,1.68,Good,Completed,497
C-1384,1384,123,6344137.989705405,2021-04-25,7,0.0,Good,Completed,-29
C-1385,1385,376,3870234.952484418,2021-07-05,15,0.0,Good,Completed,-1590
C-1386,1386,115,8939535.431479074,2020-02-21,31,8.64,Poor,Completed,-1650
C-1387,1387,353,8700891.382114882,2020-05-04,2,5.75,Poor,Completed,-940
C-1388,1388,283,1336611.7610754683,2023-12-09,30,12.56,Poor,Completed,2855
C-1389,1389,293,926259.6921763843,2021-04-20,33,0.0,Good,Completed,1818
C-1390,1390,113,286582390.2350748,2023-10-30,18,2.66,Good,Completed,1684
C-1391,1391,2,730852.0485790068,2025-09-29,49,6.52,Good,Completed,851
C-1392,1392,82,31722342.370354015,2025-02-19,8,6.63,Poor,Completed,1121
C-1393,1393,322,7586992.16922186,2022-04-03,19,9.19,Good,Completed,1993
C-1394,1394,74,6210782.424300249,2025-05-25,12,2.91,Good,Completed,1463
C-1395,1395,387,4476366.327328912,2024-10-25,30,0.0,Fair,Completed,1650
C-1396,1396,419,603057.8120057546,2025-05-17,31,5.79,Good,Completed,1300
C-1397,1397,420,264725530.35961047,2021-02-07,37,38.96,Poor,Completed,-558
C-1398,1398,66,7935162.003365875,2022-10-20,0,4.54,Good,Completed,784
C-1399,1399,278,18298027.2607626,2020-06-14,5,11.03,Good,Completed,-292
C-1400,1400,445,463265722.02338433,2025-07-14,13,4.56,Good,Completed,1339
C-1401,1401,460,8770189.199543014,2024-08-12,57,6.8,Good,Completed,2388
C-1402,1402,348,2204199.8636342394,2025-06-02,52,5.4,Good,Completed,1797
C-1403,1403,293,374541893.26444733,2024-08-14,15,1.04,Good,Completed,3030
C-1404,1404,389,5653871.127272566,2020-12-20,9,1.0,Good,Completed,-723
C-1405,1405,152,5282387.625803778,2021-08-30,41,2.45,Good,Completed,77
C-1406,1406,291,7951618.946505625,2022-04-18,75,6.14,Fair,Completed,607
C-1407,1407,91,15907644.821394388,2025-12-22,26,9.22,Fair,Completed,177
C-1408,1408,106,321056575.28992784,2025-09-24,169,30.94,Poor,Completed,176
C-1409,1409,457,5154745.770512126,2021-01-24,0,0.0,Good,Completed,352
C-1410,1410,366,311305504.41045034,2022-12-13,3,3.1,Fair,Completed,1480
C-1411,1411,488,3204093.469404565,2021-03-15,2,0.0,Good,Completed,807
C-1412,1412,23,5147059.476869172,2021-01-25,0,0.0,Good,Completed,-1610
C-1413,1413,17,9224813.841252245,2020-08-25,45,0.0,Good,Completed,-790
C-1414,1414,235,6023472.831965686,2024-08-11,64,4.35,Fair,Completed,3046
C-1415,1415,174,42602571.69412683,2023-09-07,1,1.07,Good,Completed,625
C-1416,1416,50,445919043.5449146,2025-06-22,0,6.31,Poor,Completed,767
C-1417,1417,339,3820251.5914089447,2021-07-21,8,0.68,Fair,Completed,1518
C-1418,1418,493,2150287.838396123,2020-06-08,0,5.48,Poor,Completed,-1250
C-1419,1419,14,59135775.61435882,2024-05-13,5,5.27,Fair,Completed,2093
C-1420,1420,340,947550.4793896537,2022-09-03,63,1.34,Poor,Completed,1340
C-1421,1421,229,8074980.930195641,2022-12-26,65,0.0,Good,Completed,927
C-1422,1422,227,8948518.58114946,2023-11-03,1,10.17,Good,Completed,641
C-1423,1423,208,5110587.350678912,2020-03-23,39,0.0,Fair,Completed,171
C-1424,1424,79,5143129.37125789,2021-08-06,2,5.06,Good,Completed,1971
C-1425,1425,309,9159281.58615404,2021-12-23,0,6.11,Fair,Completed,1407
C-1426,1426,447,2925138.193882586,2023-06-13,0,9.21,Good,Completed,-258
C-1427,1427,90,1735891.9336891172,2024-03-30,6,2.89,Good,Completed,1712
C-1428,1428,470,21084361.44712654,2022-12-11,17,6.3,Good,Completed,1342
C-1429,1429,51,6583000.676102732,2022-06-03,4,0.0,Good,Completed,-219
C-1430,1430,199,643661.886176984,2024-09-07,2,8.98,Good,Completed,2603
C-1431,1431,498,7928777.699314505,2020-06-02,24,11.68,Good,Completed,522
C-1432,1432,449,26874148.366194893,2020-01-08,6,7.11,Good,Completed,-871
C-1433,1433,434,1884371.0092325325,2024-11-27,14,6.44,Good,Completed,1330
C-1434,1434,294,44314251.97963088,2020-09-22,0,0.0,Good,Completed,85
C-1435,1435,44,634845.0030032829,2025-08-10,59,3.4,Poor,Completed,995
C-1436,1436,214,5291787.49425184,2021-12-31,63,9.99,Fair,Completed,-1294
C-1437,1437,209,401329218.57346296,2022-05-27,57,14.7,Fair,Completed,2196
C-1438,1438,214,7198409.837169875,2025-12-24,39,3.49,Good,Completed,160
C-1439,1439,199,8849393.08685712,2020-07-17,20,9.07,Good,Completed,1090
C-1440,1440,393,3233186.374877968,2025-02-12,0,9.06,Fair,Completed,661
C-1441,1441,458,7117455.236440383,2020-06-25,10,6.64,Good,Completed,767
C-1442,1442,431,9107263.9050191,2024-07-24,53,8.15,Good,Completed,629
C-1443,1443,198,182317202.02513143,2023-11-20,51,4.44,Good,Completed,1556
C-1444,1444,423,218232995.00276753,2023-04-29,14,7.32,Good,Completed,1704
C-1445,1445,289,169224094.32631987,2023-12-18,11,0.0,Good,Completed,1005
C-1446,1446,474,4877153.158047241,2024-03-04,17,7.55,Good,Completed,460
C-1447,1447,183,2291075.5784236803,2020-08-21,7,0.0,Fair,Completed,-1489
C-1448,1448,15,24541756.05272887,2022-02-26,7,0.0,Good,Completed,384
C-1449,1449,472,5163275.705006189,2025-04-23,61,1.84,Good,Completed,182
C-1450,1450,241,26769568.363277715,2024-05-30,8,8.18,Good,Completed,2067
C-1451,1451,140,9344718.829901865,2020-03-19,56,3.5,Good,Completed,-1224
C-1452,1452,478,230857681.87932485,2024-04-25,84,37.65,Poor,Completed,35
C-1453,1453,367,6837875.713193585,2021-06-06,0,6.56,Good,Completed,210
C-1454,1454,243,15114118.910001803,2020-05-18,7,3.48,Poor,Completed,1430
C-1455,1455,209,5175778.444407585,2023-11-10,29,5.4,Good,Completed,2728
C-1456,1456,383,22784562.372802876,2023-03-15,55,3.66,Good,Completed,2150
C-1457,1457,9,5064542.423669188,2024-11-13,0,0.0,Good,Completed,788
C-1458,1458,341,32566917.475546446,2020-03-22,0,0.62,Good,Completed,-133
C-1459,1459,140,5185245.179986469,2022-01-09,37,0.0,Poor,Completed,-563
C-1460,1460,463,88012762.63327834,2020-04-03,148,37.06,Poor,Completed,-510
C-1461,1461,126,7536981.169053917,2021-04-08,28,7.83,Good,Completed,112
C-1462,1462,68,204196647.5722511,2024-01-02,11,0.0,Good,Completed,1292
C-1463,1463,33,8868883.986180605,2025-08-21,55,9.24,Good,Completed,359
C-1464,1464,312,4885507.964932805,2025-03-30,15,8.54,Good,Completed,591
C-1465,1465,477,15762350.746504914,2024-06-11,10,7.7,Poor,Completed,2395
C-1466,1466,493,426476570.57550293,2025-07-19,25,0.09,Good,Completed,617
C-1467,1467,136,8275854.138155978,2024-05-30,0,0.98,Good,Completed,-18
C-1468,1468,314,396746908.64638203,2023-12-03,0,0.0,Good,Completed,1686
C-1469,1469,320,415745385.1577826,2025-06-10,2,10.78,Fair,Completed,3383
C-1470,1470,372,469938031.09726965,2020-04-10,19,7.52,Good,Completed,1441
C-1471,1471,122,6388862.872877135,2023-11-22,18,6.6,Good,Completed,1904
C-1472,1472,263,1601996.7712683566,2021-01-12,47,10.88,Good,Completed,327
C-1473,1473,40,1323659.99247267,2025-06-05,0,12.1,Poor,Completed,-198
C-1474,1474,305,32754511.015988037,2024-10-04,7,3.27,Good,Completed,2098
C-1475,1475,288,6164660.038443262,2023-09-01,31,7.66,Good,Completed,2388
C-1476,1476,265,6636870.731703127,2023-07-18,6,3.35,Fair,Completed,-742
C-1477,1477,94,5124983.424967347,2024-11-26,48,9.87,Poor,Completed,2041
C-1478,1478,118,257290498.94367576,2022-12-25,144,41.42,Poor,Completed,-45
C-1479,1479,56,47148649.29632611,2023-09-10,16,0.93,Good,Completed,1876
C-1480,1480,373,20984268.797480736,2024-10-28,36,7.74,Good,Completed,387
C-1481,1481,241,8620754.949168514,2022-01-09,10,6.19,Good,Completed,1195
C-1482,1482,307,408946710.01654977,2025-11-21,8,9.48,Good,Completed,1653
C-1483,1483,15,756327.7118760643,2022-05-30,2,0.36,Good,Completed,477
C-1484,1484,485,5732153.493822269,2025-11-08,0,0.0,Good,Completed,1401
C-1485,1485,165,5982771.786031974,2023-04-11,63,12.66,Good,Completed,1287
C-1486,1486,259,33135782.30291833,2025-01-06,9,0.0,Good,Completed,1122
C-1487,1487,363,4545459.642522781,2021-04-12,41,1.17,Good,Completed,-999
C-1488,1488,143,2231323.1261916556,2023-07-23,10,7.72,Good,Completed,-582
C-1489,1489,343,36482976.712854095,2020-05-18,9,2.67,Poor,Completed,-1864
C-1490,1490,51,5600025.860398862,2020-11-05,18,6.11,Good,Completed,-794
C-1491,1491,274,5967135.817953055,2021-01-03,73,5.89,Poor,Completed,82
C-1492,1492,320,9016925.855498927,2023-04-27,0,9.48,Good,Completed,2608
C-1493,1493,186,1989624.0991060988,2021-06-17,0,4.07,Fair,Completed,1716
C-1494,1494,412,7333548.82746563,2020-03-30,10,4.44,Good,Completed,1380
C-1495,1495,159,1453103.9092661133,2024-09-29,52,0.82,Fair,Completed,535
C-1496,1496,378,6154668.778872061,2023-09-03,5,5.99,Good,Completed,1895
C-1497,1497,370,29537301.692388307,2020-12-11,2,3.52,Good,Completed,-205
C-1498,1498,492,6437119.297355647,2022-12-02,42,6.08,Good,Completed,395
C-1499,1499,441,9920007.69112454,2020-01-16,9,2.76,Poor,Completed,954
C-1500,1500,31,8148733.120720643,2020-07-14,4,3.37,Good,Completed,-1541
C-1501,1501,249,332308416.2020102,2023-07-24,140,23.88,Poor,Terminated,-695
C-1502,1502,157,352022872.1138194,2022-06-30,108,47.82,Poor,Terminated,218
C-1503,1503,89,3866475.5744708865,2024-10-01,9,0.0,Fair,Completed,1112
C-1504,1504,125,8871534.074504038,2024-02-25,0,4.52,Fair,Completed,2815
C-1505,1505,308,33575061.91189408,2020-11-09,15,5.63,Poor,Completed,-874
C-1506,1506,361,67232122.77692048,2023-02-20,4,0.0,Good,Completed,933
C-1507,1507,204,1029105.2669853005,2021-06-08,0,0.0,Fair,Completed,-1547
C-1508,1508,177,368263.57038521883,2023-08-30,37,1.09,Fair,Completed,2630
C-1509,1509,256,8915070.214956375,2023-07-30,0,3.75,Fair,Completed,-139
C-1510,1510,93,677165.5202162318,2022-12-31,21,6.33,Good,Completed,1435
C-1511,1511,164,9417241.107628353,2023-10-06,0,7.72,Good,Completed,1998
C-1512,1512,190,7075196.71108442,2021-10-21,9,2.48,Good,Completed,-129
C-1513,1513,37,41486242.887383305,2020-01-11,0,12.34,Good,Completed,-998
C-1514,1514,178,1951468.2066476033,2021-02-24,0,0.0,Fair,Completed,-925
C-1515,1515,297,46565755.89518973,2025-11-10,2,9.63,Good,Completed,2694
C-1516,1516,462,38777598.41538477,2022-03-03,49,9.11,Fair,Completed,901
C-1517,1517,402,7620277.481683906,2025-12-02,48,5.25,Good,Completed,2487
C-1518,1518,231,5248207.51055058,2021-04-25,0,0.68,Good,Completed,982
C-1519,1519,119,430923258.91020995,2023-10-04,53,0.0,Poor,Completed,1145
C-1520,1520,97,9494543.701828005,2021-08-28,6,0.52,Good,Completed,981
C-1521,1521,469,6485872.04919722,2020-09-03,1,3.91,Good,Completed,536
C-1522,1522,372,7802257.729629235,2024-02-10,6,4.61,Good,Completed,2842
C-1523,1523,399,1967505.6066417168,2022-11-05,2,1.21,Good,Completed,1540
C-1524,1524,341,368373924.5963143,2020-12-16,146,36.59,Poor,Completed,136
C-1525,1525,276,34739453.62892173,2020-04-04,0,0.0,Poor,Completed,-1859
C-1526,1526,201,6258165.358805504,2022-03-08,39,7.81,Good,Completed,755
C-1527,1527,437,6786923.485384949,2022-08-10,20,5.26,Good,Completed,476
C-1528,1528,32,106148679.77636921,2023-09-13,216,38.64,Poor,Terminated,-730
C-1529,1529,221,4415008.255818094,2024-07-19,0,2.03,Fair,Completed,-43
C-1530,1530,451,63608696.313368924,2020-08-16,0,0.0,Good,Completed,921
C-1531,1531,56,7208893.526129787,2025-07-19,0,0.0,Good,Completed,2554
C-1532,1532,315,1426017.9369590494,2020-12-12,18,0.46,Good,Completed,-1726
C-1533,1533,58,6876232.297485501,2022-11-28,5,8.19,Good,Completed,1391
C-1534,1534,249,9347937.016578067,2020-06-04,58,12.53,Good,Completed,-1840
C-1535,1535,239,7608841.759848556,2024-04-29,10,9.24,Poor,Completed,1458
C-1536,1536,21,2610936.9269740162,2023-06-24,0,0.0,Poor,Completed,-665
C-1537,1537,366,6109130.850660584,2021-03-11,0,0.0,Good,Completed,838
C-1538,1538,127,2405961.680843321,2025-05-22,22,3.34,Fair,Completed,1505
C-1539,1539,339,1046323.6347189267,2024-09-02,0,13.33,Good,Completed,2657
C-1540,1540,236,1154144.063326256,2021-05-14,5,5.48,Good,Completed,1717
C-1541,1541,13,7064638.495833773,2024-06-04,0,9.23,Fair,Completed,-157
C-1542,1542,182,8637006.880472006,2021-03-14,0,0.51,Good,Completed,1575
C-1543,1543,493,8070689.087264169,2021-04-28,10,1.43,Poor,Completed,-926
C-1544,1544,115,4720228.743521809,2023-07-05,68,2.48,Good,Completed,-420
C-1545,1545,17,7027742.878562089,2025-05-05,40,9.83,Good,Completed,924
C-1546,1546,263,600001.8949132825,2021-04-18,52,0.0,Good,Completed,423
C-1547,1547,268,4763402.010245063,2022-09-23,20,6.91,Fair,Completed,-956
C-1548,1548,346,7609982.04635341,2022-03-29,54,0.0,Fair,Completed,675
C-1549,1549,25,4349087.184395307,2024-04-26,0,6.64,Fair,Completed,1386
C-1550,1550,220,377676.7205127319,2022-02-24,54,2.32,Good,Completed,514
C-1551,1551,185,5600163.148914052,2021-03-19,4,6.76,Good,Completed,1038
C-1552,1552,149,4963984.708946875,2020-03-11,16,11.65,Good,Completed,-1713
C-1553,1553,382,953416.5780006669,2020-05-10,14,8.02,Good,Completed,-1948
C-1554,1554,330,3528406.7866831347,2020-08-31,42,0.0,Good,Completed,-1186
C-1555,1555,436,5524979.126956583,2022-10-01,48,7.59,Fair,Completed,2367
C-1556,1556,468,3559402.271460649,2024-07-23,7,0.0,Good,Completed,2837
C-1557,1557,363,9724914.262373896,2025-04-26,43,0.0,Fair,Completed,476
C-1558,1558,219,8590070.878032403,2020-12-09,43,0.0,Good,Completed,1641
C-1559,1559,89,8407538.357503269,2023-10-29,5,5.88,Fair,Completed,774
C-1560,1560,386,4236995.365209992,2025-06-07,18,4.88,Good,Completed,1015
C-1561,1561,466,3529712.6538524693,2025-10-26,52,0.07,Good,Completed,2141
C-1562,1562,1,4471057.108089553,2021-05-18,63,7.23,Good,Completed,-374
C-1563,1563,156,5587483.845035546,2025-02-20,12,6.81,Good,Completed,-272
C-1564,1564,338,4809704.982768912,2025-03-04,5,0.0,Good,Completed,1931
C-1565,1565,8,6230691.113221903,2023-07-20,17,6.74,Good,Completed,-411
C-1566,1566,304,8222597.093384828,2022-10-10,23,2.96,Good,Completed,-72
C-1567,1567,103,10012057.599343207,2024-05-18,0,13.65,Good,Completed,831
C-1568,1568,167,7299337.567376285,2025-03-26,2,7.15,Good,Completed,2165
C-1569,1569,307,7273873.988258737,2021-12-18,0,0.97,Fair,Completed,219
C-1570,1570,115,2440538.8550826767,2021-05-02,34,5.24,Good,Completed,-1214
C-1571,1571,387,4830943.165958801,2023-07-20,47,7.4,Good,Completed,1187
C-1572,1572,320,6406152.962801529,2025-06-25,0,2.21,Good,Completed,3398
C-1573,1573,14,3953600.4152587047,2020-01-12,5,4.09,Good,Completed,510
C-1574,1574,127,5132791.8878830075,2020-03-28,9,0.0,Good,Completed,-376
C-1575,1575,480,4604645.773138213,2024-05-26,0,8.11,Good,Completed,-288
C-1576,1576,215,6988966.570110741,2020-03-14,0,13.85,Good,Completed,-791
C-1577,1577,98,4255170.844511112,2022-05-13,2,6.67,Good,Completed,2122
C-1578,1578,429,17272388.508359455,2024-10-14,50,2.61,Fair,Completed,250
C-1579,1579,41,3262299.142114247,2020-08-02,25,6.51,Good,Completed,-1539
C-1580,1580,188,5809193.825761939,2021-06-10,9,5.95,Fair,Completed,369
C-1581,1581,350,1744150.6946574703,2024-07-07,38,0.3,Good,Completed,2500
C-1582,1582,235,6331591.600010632,2024-05-22,69,0.0,Good,Completed,2965
C-1583,1583,140,1116263.3157727572,2020-10-17,82,9.82,Good,Completed,-1012
C-1584,1584,134,2546748.174844909,2021-06-07,52,4.19,Poor,Completed,1054
C-1585,1585,221,6669826.625183967,2020-02-04,17,0.0,Good,Completed,-1670
C-1586,1586,429,8237875.648870818,2021-10-29,34,17.47,Good,Completed,-831
C-1587,1587,402,7240496.231197885,2022-10-03,36,9.53,Fair,Completed,1331
C-1588,1588,231,405303094.83949393,2024-06-25,0,8.16,Good,Completed,2139
C-1589,1589,100,549294.7151051922,2025-11-09,68,7.18,Poor,Completed,3181
C-1590,1590,121,6817064.833072826,2024-08-18,16,4.96,Good,Completed,960
C-1591,1591,213,7229880.538635564,2024-03-20,0,9.15,Good,Completed,753
C-1592,1592,24,8828799.05063616,2024-09-26,0,12.41,Good,Completed,668
C-1593,1593,454,1663983.193511137,2023-10-05,10,9.16,Good,Completed,-88
C-1594,1594,40,7789736.189948632,2023-10-19,16,10.24,Poor,Completed,-793
C-1595,1595,199,97225282.03264551,2023-10-06,0,0.56,Good,Completed,2266
C-1596,1596,89,8074841.9230270665,2025-05-11,3,3.47,Poor,Completed,1334
C-1597,1597,28,6912092.176976824,2023-03-09,0,4.04,Good,Completed,-328
C-1598,1598,257,6630606.417040484,2022-07-22,12,0.0,Good,Completed,925
C-1599,1599,256,258925999.14609262,2024-03-09,47,25.3,Poor,Completed,84
C-1600,1600,333,8593623.95652398,2023-04-03,10,7.96,Good,Completed,1069
C-1601,1601,319,50432053.30236161,2021-03-29,0,10.35,Good,Completed,1887
C-1602,1602,401,390981909.0714735,2020-06-26,53,5.92,Poor,Completed,1347
C-1603,1603,397,7984747.126846622,2022-01-05,0,3.68,Good,Completed,-137
C-1604,1604,422,14691759.806357244,2020-04-30,10,1.61,Good,Completed,-124
C-1605,1605,274,40348992.215769,2025-06-16,19,13.65,Good,Completed,1707
C-1606,1606,396,1740103.3819075262,2025-04-29,0,12.07,Fair,Completed,1043
C-1607,1607,98,10047761.635123558,2022-04-19,4,6.74,Fair,Completed,2098
C-1608,1608,332,9405891.462612499,2023-09-18,0,0.0,Good,Completed,2706
C-1609,1609,353,366878.2650714031,2022-03-13,12,7.27,Good,Completed,-262
C-1610,1610,492,1097478.338769295,2023-05-09,75,7.32,Good,Completed,553
C-1611,1611,67,52641472.640199654,2023-05-13,0,1.07,Good,Completed,746
C-1612,1612,456,5556758.580676713,2021-03-24,5,6.01,Good,Completed,-1536
C-1613,1613,451,45620130.642524146,2021-06-06,12,8.19,Poor,Completed,1215
C-1614,1614,234,112089912.50260535,2023-11-23,143,31.66,Poor,Terminated,-19
C-1615,1615,396,2463228.5117456634,2025-08-19,4,7.55,Fair,Completed,1155
C-1616,1616,140,27630905.003895286,2025-03-23,43,4.59,Good,Completed,606
C-1617,1617,319,1613002.0450003382,2021-04-04,3,9.81,Good,Completed,1893
C-1618,1618,128,2036535.17758228,2024-07-25,7,0.0,Poor,Completed,-415
C-1619,1619,283,6511595.432380741,2022-02-11,61,3.49,Poor,Completed,2189
C-1620,1620,399,28477197.74101666,2023-01-08,0,10.57,Fair,Completed,1604
C-1621,1621,259,426727071.602473,2021-08-30,32,20.9,Poor,Terminated,-103
C-1622,1622,457,9129818.507666307,2022-03-27,2,4.05,Good,Completed,779
C-1623,1623,317,503515.33862124593,2022-12-01,20,1.52,Fair,Completed,-269
C-1624,1624,480,1229123.4205370536,2024-12-22,0,7.65,Good,Completed,-78
C-1625,1625,166,5792315.670620618,2024-04-04,67,8.96,Good,Completed,2661
C-1626,1626,388,5438750.804519868,2024-12-13,0,15.42,Good,Completed,2440
C-1627,1627,114,1063648.0277452536,2021-10-02,0,4.58,Good,Completed,-873
C-1628,1628,422,6408119.544346682,2022-03-17,17,0.0,Good,Completed,562
C-1629,1629,311,6109404.864638329,2025-09-02,54,10.53,Good,Completed,2403
C-1630,1630,408,17048843.654370956,2025-11-12,38,0.0,Good,Completed,1138
C-1631,1631,55,6193087.6767858565,2020-05-23,13,7.19,Good,Completed,339
C-1632,1632,416,7266033.175252143,2025-04-20,14,2.06,Good,Completed,328
C-1633,1633,10,2720543.8668075395,2020-06-24,41,4.18,Good,Completed,1037
C-1634,1634,500,5824052.577077578,2021-01-26,20,0.0,Fair,Completed,634
C-1635,1635,227,197971453.7305187,2020-08-27,158,41.85,Poor,Terminated,-522
C-1636,1636,294,2316280.3876842735,2020-09-02,3,9.11,Good,Completed,65
C-1637,1637,365,4436794.390740043,2022-12-23,6,0.0,Good,Completed,446
C-1638,1638,94,1507506.412123745,2021-03-23,23,0.0,Good,Completed,697
C-1639,1639,221,42214654.37704375,2020-02-19,4,1.77,Good,Completed,-1655
C-1640,1640,349,754945.233911869,2025-10-25,0,0.0,Good,Completed,1019
C-1641,1641,221,28487571.047079887,2025-08-03,0,7.81,Poor,Completed,337
C-1642,1642,108,2263242.978368619,2022-01-29,44,6.82,Good,Completed,44
C-1643,1643,39,4217816.568124529,2024-06-04,0,13.68,Poor,Completed,2596
C-1644,1644,351,46517267.8297137,2021-09-30,12,7.73,Good,Completed,-1431
C-1645,1645,5,1727464.1640693946,2020-02-18,0,3.45,Good,Completed,720
C-1646,1646,11,6086240.7351131085,2021-05-24,1,0.17,Good,Completed,-839
C-1647,1647,21,419585941.98763967,2023-02-12,45,44.27,Poor,Completed,-797
C-1648,1648,419,4065116.953797163,2022-06-21,17,2.88,Good,Completed,239
C-1649,1649,307,6616580.236938283,2023-12-07,11,6.21,Good,Completed,938
C-1650,1650,469,8450144.60677761,2021-12-15,22,0.0,Fair,Completed,1004
C-1651,1651,78,8237068.80742739,2023-12-29,13,14.27,Fair,Completed,136
C-1652,1652,341,9528677.050095033,2025-01-18,0,1.05,Good,Completed,1630
C-1653,1653,74,7033951.639072733,2022-09-30,5,0.0,Good,Completed,495
C-1654,1654,426,8429958.926834736,2020-10-16,36,1.44,Good,Completed,-985
C-1655,1655,323,9390172.792421535,2021-11-02,44,5.44,Fair,Completed,-968
C-1656,1656,329,7648507.263488437,2021-07-23,10,3.75,Good,Completed,-1021
C-1657,1657,301,4088951.9388561035,2022-03-25,41,7.16,Good,Completed,1108
C-1658,1658,466,5367137.860196601,2024-08-13,61,7.72,Good,Completed,1702
C-1659,1659,180,4010478.278076367,2020-11-21,16,9.26,Good,Completed,190
C-1660,1660,353,1851238.9444441567,2022-09-25,0,7.61,Good,Completed,-66
C-1661,1661,15,7525453.058191511,2023-09-17,2,15.82,Poor,Completed,952
C-1662,1662,323,941854.5551839491,2024-04-08,62,11.77,Good,Completed,-80
C-1663,1663,342,1918689.1899858802,2021-02-03,12,9.01,Good,Completed,249
C-1664,1664,297,317314530.87128156,2025-01-12,15,1.1,Good,Completed,2392
C-1665,1665,451,7908293.475281856,2025-06-05,16,8.65,Good,Completed,2675
C-1666,1666,471,43304659.99824602,2020-12-02,43,0.0,Good,Completed,1253
C-1667,1667,51,10154033.677466033,2020-09-13,7,3.14,Good,Completed,-847
C-1668,1668,20,2616221.181297992,2023-06-12,0,1.15,Good,Completed,2126
C-1669,1669,397,23878605.36341354,2021-07-24,8,4.05,Fair,Completed,-302
C-1670,1670,66,429050.7938238776,2021-03-25,24,5.17,Good,Completed,210
C-1671,1671,245,44797883.193859,2020-03-17,62,6.91,Good,Completed,-230
C-1672,1672,101,706767.1495157557,2025-11-12,13,4.39,Fair,Completed,133
C-1673,1673,388,205216.69960783471,2022-03-28,13,9.15,Good,Completed,1449
C-1674,1674,138,7856374.2125408985,2025-11-07,0,0.0,Good,Completed,435
C-1675,1675,152,5645694.665139993,2021-10-22,23,0.0,Good,Completed,130
C-1676,1676,57,365037.7249681434,2020-02-24,19,7.99,Poor,Completed,-1954
C-1677,1677,98,65213885.348386325,2022-12-30,0,10.26,Good,Completed,2353
C-1678,1678,246,292424666.69031763,2025-09-07,31,1.4,Good,Completed,2957
C-1679,1679,139,895403.3649257938,2021-12-02,11,9.46,Fair,Completed,-674
C-1680,1680,391,5037937.396060001,2025-10-26,30,7.89,Good,Completed,3553
C-1681,1681,462,1615506.5299126974,2025-11-07,49,4.02,Fair,Completed,2246
C-1682,1682,35,9524095.533359174,2023-11-19,5,5.21,Good,Completed,2081
C-1683,1683,322,8134425.072311233,2022-11-04,0,5.11,Fair,Completed,2208
C-1684,1684,68,451228496.6462633,2025-10-25,14,3.32,Fair,Completed,1954
C-1685,1685,184,885357.2963668384,2025-11-18,6,0.0,Good,Completed,3190
C-1686,1686,409,3863253.5513387816,2024-01-01,24,17.65,Fair,Completed,2752
C-1687,1687,476,3270224.7921610125,2023-05-23,3,0.69,Good,Completed,-862
C-1688,1688,469,4210506.946845474,2025-07-13,4,3.21,Good,Completed,2310
C-1689,1689,2,10013845.409133226,2024-02-18,13,1.9,Poor,Completed,262
C-1690,1690,46,223000006.31867316,2022-11-15,178,25.34,Poor,Completed,-70
C-1691,1691,89,5390581.507364048,2020-11-01,7,8.31,Poor,Completed,-318
C-1692,1692,349,4724500.4200184215,2020-09-13,9,10.54,Good,Completed,-849
C-1693,1693,372,5634620.841967114,2022-05-29,0,0.0,Good,Completed,2220
C-1694,1694,88,931436.0405702839,2021-04-27,4,6.76,Good,Completed,960
C-1695,1695,472,6211689.535114878,2020-07-21,22,0.96,Poor,Completed,-1555
C-1696,1696,249,4319911.965018327,2023-08-25,42,0.0,Good,Completed,-663
C-1697,1697,484,6302253.465421939,2023-07-02,0,9.42,Good,Completed,356
C-1698,1698,344,2522800.170953843,2024-09-07,69,0.44,Good,Completed,-366
C-1699,1699,441,2543188.1901679356,2021-08-31,0,3.89,Poor,Completed,1547
C-1700,1700,209,5283628.297461375,2020-07-02,31,6.3,Good,Completed,1502
C-1701,1701,171,1467394.4750788147,2022-09-02,7,10.24,Fair,Completed,2328
C-1702,1702,495,19714987.885161225,2025-09-29,6,10.19,Fair,Completed,1166
C-1703,1703,190,4818376.473421364,2022-05-14,0,4.35,Good,Completed,76
C-1704,1704,300,4124152.173165839,2021-11-27,52,8.45,Good,Completed,1361
C-1705,1705,106,2401265.290242467,2023-01-25,9,11.0,Good,Completed,-797
C-1706,1706,473,4033189.1352391075,2025-06-13,14,13.51,Good,Completed,3312
C-1707,1707,494,35329303.84158037,2022-05-21,12,7.73,Good,Completed,1668
C-1708,1708,221,6858114.22419704,2025-02-13,5,7.89,Good,Completed,166
C-1709,1709,428,459767633.5293157,2022-04-25,73,43.49,Poor,Terminated,176
C-1710,1710,372,7525522.4940391295,2021-09-15,6,11.91,Poor,Completed,1964
C-1711,1711,376,1087566.7377707514,2021-11-06,0,5.05,Fair,Completed,-1466
C-1712,1712,19,115405104.8137474,2025-03-30,38,6.19,Poor,Completed,1519
C-1713,1713,284,16721573.480204456,2021-04-17,43,4.68,Good,Completed,-576
C-1714,1714,232,2345665.6326756994,2022-08-31,10,0.0,Good,Completed,1700
C-1715,1715,410,27517905.22887073,2024-10-26,15,0.0,Good,Completed,2398
C-1716,1716,234,6370693.300425915,2020-12-24,58,0.0,Good,Completed,-1083
C-1717,1717,430,2759794.6203776454,2025-10-27,27,1.41,Good,Completed,3400
C-1718,1718,254,7110808.574553422,2024-05-15,21,2.26,Good,Completed,2868
C-1719,1719,475,7140591.711210413,2020-11-01,47,1.43,Good,Completed,628
C-1720,1720,331,5122787.523266382,2023-08-03,0,5.02,Good,Completed,1920
C-1721,1721,454,451754624.6829573,2021-03-31,62,28.46,Poor,Completed,-1006
C-1722,1722,430,196905.1539409835,2025-12-05,61,11.46,Fair,Completed,3439
C-1723,1723,468,11617554.44003596,2025-12-01,1,6.62,Good,Completed,3333
C-1724,1724,426,50450739.81540087,2025-08-06,49,6.66,Good,Completed,770
C-1725,1725,292,2654876.327424134,2024-07-14,51,2.93,Good,Completed,1002
C-1726,1726,131,3084511.818320335,2020-01-15,45,11.71,Good,Completed,-1828
C-1727,1727,298,591895.531133787,2025-06-26,45,15.45,Poor,Completed,1215
C-1728,1728,251,5815329.277362396,2021-01-18,0,6.87,Good,Completed,-1611
C-1729,1729,280,10092447.579028277,2024-04-05,11,4.65,Good,Completed,126
C-1730,1730,76,1410858.5221591599,2025-06-27,1,2.31,Poor,Completed,103
C-1731,1731,204,4631031.88216546,2021-02-11,27,3.27,Good,Completed,-1664
C-1732,1732,300,6789242.614079861,2021-09-26,45,2.07,Good,Completed,1299
C-1733,1733,412,28701444.87312257,2020-04-02,0,8.85,Good,Completed,1383
C-1734,1734,15,5510939.88106534,2021-10-23,14,0.0,Good,Completed,258
C-1735,1735,32,2784210.0438788407,2021-10-27,56,1.12,Good,Completed,-1416
C-1736,1736,382,47775164.70494107,2024-06-09,130,22.47,Poor,Completed,-457
C-1737,1737,454,8022563.240865795,2020-02-28,5,8.82,Fair,Completed,-1403
C-1738,1738,422,1991293.362928322,2020-12-03,0,13.95,Fair,Completed,93
C-1739,1739,422,9337657.463408906,2025-09-25,14,9.16,Poor,Completed,1850
C-1740,1740,58,5682816.361648054,2023-10-26,0,0.0,Good,Completed,1723
C-1741,1741,104,5644403.0740500605,2023-12-03,54,0.0,Good,Completed,2317
C-1742,1742,472,4925368.299482617,2021-09-22,41,1.22,Good,Completed,-1127
C-1743,1743,496,431006449.22356504,2022-12-13,5,0.0,Poor,Completed,1178
C-1744,1744,13,1515461.630093527,2023-11-13,0,0.17,Fair,Completed,-361
C-1745,1745,270,188048950.33868936,2020-09-18,7,3.1,Fair,Completed,454
C-1746,1746,426,2817797.912237612,2022-12-16,38,7.63,Poor,Completed,-194
C-1747,1747,260,383125676.4687265,2023-08-05,2,6.87,Good,Completed,1425
C-1748,1748,459,3596950.6522277766,2023-06-27,3,0.0,Good,Completed,1169
C-1749,1749,435,97916963.89045683,2022-08-13,0,0.0,Good,Completed,661
C-1750,1750,490,3889177.1438243985,2023-10-07,13,0.0,Good,Completed,-453
C-1751,1751,346,262293045.72268286,2025-11-04,61,0.0,Good,Completed,1991
C-1752,1752,473,6760060.083615093,2020-09-19,0,0.29,Good,Completed,1584
C-1753,1753,160,3903768.222154131,2024-05-24,32,0.0,Fair,Completed,2841
C-1754,1754,82,3123793.1981695294,2025-01-26,18,6.42,Fair,Completed,1097
C-1755,1755,471,6654982.148980768,2023-06-28,68,7.96,Fair,Completed,2191
C-1756,1756,24,3193597.293222183,2021-12-01,5,0.01,Poor,Completed,-362
C-1757,1757,361,2076118.2847501307,2024-02-27,0,0.0,Good,Completed,1305
C-1758,1758,188,7968728.763974557,2020-12-23,0,11.12,Good,Completed,200
C-1759,1759,428,4331857.400659008,2022-03-02,0,5.4,Good,Completed,122
C-1760,1760,434,6362355.944585455,2025-06-21,7,5.49,Poor,Completed,1536
C-1761,1761,446,7394856.494746694,2020-04-16,49,2.97,Poor,Completed,-807
C-1762,1762,290,6732989.837755077,2023-03-06,55,6.49,Poor,Completed,991
C-1763,1763,333,6826407.815476708,2020-06-17,0,12.98,Good,Completed,49
C-1764,1764,434,136142887.70402884,2024-08-06,0,0.0,Good,Completed,1217
C-1765,1765,64,2750106.0974923163,2024-08-02,8,0.0,Good,Completed,2423
C-1766,1766,64,824736.5492096469,2024-07-07,8,1.97,Good,Completed,2397
C-1767,1767,231,3864236.111244053,2021-12-07,8,8.33,Good,Completed,1208
C-1768,1768,98,1622443.5548624406,2024-12-16,0,4.0,Poor,Completed,3070
C-1769,1769,478,8957541.743096713,2024-10-18,2,7.87,Fair,Completed,211
C-1770,1770,471,3806251.15892024,2024-02-10,46,4.21,Good,Completed,2418
C-1771,1771,324,2141963.0464259596,2022-03-05,59,2.22,Fair,Completed,233
C-1772,1772,370,8534976.660984436,2023-06-24,24,2.95,Good,Completed,720
C-1773,1773,134,9494850.26184202,2020-11-10,94,2.02,Good,Completed,845
C-1774,1774,218,3623526.3581940373,2023-02-09,21,1.99,Good,Completed,286
C-1775,1775,86,674195.0992495028,2024-09-02,0,0.34,Good,Completed,161
C-1776,1776,378,127069030.71649843,2022-01-15,25,0.0,Good,Completed,1299
C-1777,1777,228,4855866.685750375,2020-12-23,46,0.0,Good,Completed,493
C-1778,1778,64,342549971.1047549,2020-12-04,4,1.16,Good,Completed,1086
C-1779,1779,94,7556311.938471271,2024-12-26,57,9.75,Good,Completed,2071
C-1780,1780,115,8400507.947503867,2025-05-19,64,0.76,Good,Completed,264
C-1781,1781,433,3269915.555231458,2024-02-20,22,5.27,Good,Completed,1220
C-1782,1782,457,7006941.367923111,2025-01-27,0,3.56,Poor,Completed,1816
C-1783,1783,137,7507577.462337843,2023-04-22,6,3.33,Fair,Completed,566
C-1784,1784,365,408700202.35816383,2024-10-24,26,1.55,Good,Completed,1117
C-1785,1785,275,34095636.5692314,2022-10-05,6,0.0,Good,Completed,1618
C-1786,1786,76,266705042.8008432,2020-09-12,125,44.43,Poor,Completed,-1646
C-1787,1787,269,10118956.992908886,2025-07-16,45,15.21,Fair,Completed,492
C-1788,1788,463,30016680.381214503,2022-02-01,19,1.86,Good,Completed,159
C-1789,1789,343,3625486.5331318686,2022-03-05,7,0.0,Good,Completed,-1208
C-1790,1790,380,469240789.208748,2022-08-26,93,39.54,Poor,Completed,-111
C-1791,1791,67,8511567.198137369,2023-02-20,12,4.37,Fair,Completed,664
C-1792,1792,400,5829465.90631517,2021-01-12,16,13.51,Good,Completed,-967
C-1793,1793,36,7258783.648210223,2020-03-04,2,0.0,Good,Completed,-220
C-1794,1794,342,2524584.436354771,2020-09-16,4,1.96,Good,Completed,109
C-1795,1795,419,6768177.134485841,2025-02-20,47,1.06,Good,Completed,1214
C-1796,1796,498,5777545.378107012,2024-02-16,16,6.37,Poor,Completed,1876
C-1797,1797,410,6761973.208078535,2020-10-01,5,0.0,Poor,Completed,912
C-1798,1798,480,5505610.060809475,2025-11-19,0,6.56,Good,Completed,254
C-1799,1799,331,6221026.062239236,2024-02-22,0,2.5,Good,Completed,2123
C-1800,1800,106,18882494.027187124,2020-09-01,0,8.95,Good,Completed,-1673
C-1801,1801,217,35754387.40423791,2024-08-24,20,4.23,Good,Completed,1161
C-1802,1802,408,5975778.103465425,2022-08-02,40,0.0,Fair,Completed,-60
C-1803,1803,25,159748833.75752357,2020-08-24,143,45.29,Poor,Terminated,45
C-1804,1804,197,4530790.584176875,2023-12-16,33,2.7,Good,Completed,1773
C-1805,1805,470,366913.52080843225,2020-05-09,11,0.16,Good,Completed,396
C-1806,1806,373,7522846.166790425,2025-06-13,21,9.36,Good,Completed,615
C-1807,1807,407,20410809.270551354,2020-05-25,0,7.05,Good,Completed,1401
C-1808,1808,429,9264857.786800228,2020-01-23,50,8.54,Good,Completed,-1476
C-1809,1809,120,9171371.547241863,2024-09-10,7,12.94,Fair,Completed,1655
C-1810,1810,146,7465518.005076415,2023-08-11,43,4.85,Good,Completed,641
C-1811,1811,304,261128368.08369935,2025-05-28,63,0.0,Fair,Completed,889
C-1812,1812,192,445851191.9724889,2024-01-09,169,42.56,Poor,Completed,-661
C-1813,1813,200,10599070.019116273,2020-07-17,7,3.24,Good,Completed,-525
C-1814,1814,496,1375743.3079122235,2024-06-22,0,8.86,Good,Completed,1735
C-1815,1815,314,10271373.853516616,2025-09-09,10,6.01,Poor,Completed,2332
C-1816,1816,66,6480961.90516451,2022-02-10,0,13.21,Good,Completed,532
C-1817,1817,33,5677239.114326488,2023-01-01,28,7.39,Good,Completed,-604
C-1818,1818,248,171953761.88383397,2023-09-04,4,9.22,Good,Completed,1635
C-1819,1819,103,2963414.7312497203,2023-06-03,9,0.63,Good,Completed,481
C-1820,1820,144,12979568.534771653,2024-11-30,28,15.65,Fair,Completed,-264
C-1821,1821,344,1244645.8890883247,2020-01-31,65,4.52,Poor,Completed,-2047
C-1822,1822,220,190961494.12093315,2024-04-17,56,0.75,Good,Completed,1297
C-1823,1823,179,70610301.89952739,2021-01-11,28,6.5,Good,Completed,1363
C-1824,1824,240,402490.8101570331,2023-03-22,13,6.79,Good,Completed,1456
C-1825,1825,143,1018342.0220963575,2020-08-04,0,4.93,Good,Completed,-1665
C-1826,1826,100,8399307.462239599,2025-07-09,28,5.85,Good,Completed,3058
C-1827,1827,424,3058545.461230327,2024-03-30,3,0.92,Fair,Completed,2223
C-1828,1828,51,889998.8399019095,2024-03-09,0,10.8,Good,Completed,426
C-1829,1829,391,1986981.0342408826,2022-08-21,51,0.0,Fair,Completed,2391
C-1830,1830,63,2915263.646014025,2021-01-31,41,2.51,Good,Completed,-1092
C-1831,1831,4,20739974.27644539,2025-11-20,18,5.31,Good,Completed,2592
C-1832,1832,461,363055838.2612864,2021-04-14,120,40.7,Poor,Completed,141
C-1833,1833,257,231368.26899369358,2022-06-12,3,3.85,Good,Completed,885
C-1834,1834,144,4763847.877665999,2025-11-27,0,12.79,Good,Completed,98
C-1835,1835,372,5798525.401746562,2022-10-17,19,10.68,Good,Completed,2361
C-1836,1836,238,9679244.31591574,2020-10-24,77,5.02,Fair,Completed,1287
C-1837,1837,423,534026.2845693475,2022-03-02,0,8.09,Good,Completed,1281
C-1838,1838,151,3832294.2135188733,2023-05-05,21,4.76,Good,Completed,2559
C-1839,1839,298,4756383.58065545,2020-06-29,57,7.93,Good,Completed,-608
C-1840,1840,405,20046357.521613367,2020-09-10,5,6.26,Good,Completed,-1027
C-1841,1841,388,888159.9049087429,2022-09-28,8,2.85,Fair,Completed,1633
C-1842,1842,132,1953799.6764910286,2021-11-14,0,5.38,Good,Completed,1249
C-1843,1843,137,8576746.843966505,2022-08-30,12,0.0,Good,Completed,331
C-1844,1844,209,37018497.45485614,2022-06-11,61,8.31,Good,Completed,2211
C-1845,1845,112,8878308.037878884,2022-07-26,46,7.13,Good,Completed,-1246
C-1846,1846,275,3753380.123356298,2020-06-01,0,0.97,Good,Completed,762
C-1847,1847,52,6984925.277670886,2024-10-24,0,6.09,Poor,Completed,1939
C-1848,1848,423,46106548.9288308,2024-01-27,6,0.0,Fair,Completed,1977
C-1849,1849,295,4133179.912946412,2020-01-29,0,0.0,Good,Completed,1053
C-1850,1850,98,40692609.67171861,2022-12-13,8,0.37,Good,Completed,2336
C-1851,1851,382,7976441.071047818,2022-05-18,5,0.0,Good,Completed,-1210
C-1852,1852,359,302865329.6723518,2023-12-13,15,15.69,Good,Completed,1258
C-1853,1853,60,376503218.83394706,2020-09-18,1,1.0,Fair,Completed,609
C-1854,1854,331,5275931.69166285,2022-05-27,5,0.93,Good,Completed,1487
C-1855,1855,173,1078935.7251803693,2025-11-11,53,5.96,Good,Completed,2225
C-1856,1856,311,63962165.85800478,2025-07-20,41,4.27,Good,Completed,2359
C-1857,1857,340,5299060.430129881,2020-05-21,66,10.67,Good,Completed,505
C-1858,1858,421,1882620.0804393596,2022-01-11,18,3.03,Good,Completed,1038
C-1859,1859,300,3739261.2426101016,2025-01-23,22,0.0,Good,Completed,2514
C-1860,1860,427,4634931.779152353,2020-09-25,37,2.01,Fair,Completed,-1307
C-1861,1861,267,4897700.41479879,2022-07-19,48,2.2,Good,Completed,-429
C-1862,1862,426,313919564.0948578,2021-09-02,129,41.44,Poor,Terminated,-664
C-1863,1863,392,8421487.390612528,2024-08-05,13,7.61,Good,Completed,-224
C-1864,1864,148,7530199.697308467,2021-08-21,41,0.71,Fair,Completed,-315
C-1865,1865,336,4423062.898709535,2024-10-20,0,11.28,Fair,Completed,2728
C-1866,1866,58,9474886.722605087,2022-05-26,29,6.07,Fair,Completed,1205
C-1867,1867,311,10575801.739551019,2023-12-31,39,4.88,Good,Completed,1792
C-1868,1868,265,842911.2797782853,2025-12-03,8,5.17,Poor,Completed,127
C-1869,1869,279,1099576.346415473,2021-09-03,54,4.79,Good,Completed,862
C-1870,1870,66,105963440.44481896,2022-09-23,8,4.1,Fair,Completed,757
C-1871,1871,371,4461432.022401557,2021-07-03,39,14.52,Good,Completed,-769
C-1872,1872,483,5269422.864182022,2021-05-20,0,4.42,Good,Completed,1368
C-1873,1873,449,702729.0286092283,2020-10-21,0,8.09,Poor,Completed,-584
C-1874,1874,36,1862983.7999611688,2024-06-04,5,5.63,Good,Completed,1333
C-1875,1875,207,6037592.576956869,2020-05-29,0,2.22,Good,Completed,-1792
C-1876,1876,7,6213434.058031612,2020-02-28,2,8.9,Good,Completed,-593
C-1877,1877,435,4884199.762262838,2022-04-18,10,12.47,Good,Completed,544
C-1878,1878,247,780704.3488516698,2021-12-17,8,5.01,Good,Completed,1008
C-1879,1879,60,11287350.973860422,2023-09-24,22,7.17,Good,Completed,1710
C-1880,1880,287,4473980.528940873,2024-07-23,18,4.79,Good,Completed,366
C-1881,1881,191,5379146.333901575,2024-07-04,3,0.0,Fair,Completed,723
C-1882,1882,346,2621999.287181382,2022-12-14,54,6.26,Fair,Completed,935
C-1883,1883,309,744582.668104912,2021-03-18,1,0.0,Good,Completed,1127
C-1884,1884,482,4848515.743342518,2022-12-26,56,8.87,Fair,Completed,534
C-1885,1885,123,8051595.185216134,2021-07-27,3,1.55,Good,Completed,64
C-1886,1886,192,94450157.14987412,2024-11-08,98,38.09,Poor,Terminated,-357
C-1887,1887,418,4666089.564869862,2023-04-12,69,2.75,Poor,Completed,2495
C-1888,1888,378,6991038.738802118,2020-03-10,0,1.18,Fair,Completed,623
C-1889,1889,325,23329953.762495063,2025-04-12,34,0.0,Good,Completed,1319
C-1890,1890,59,8660241.73850731,2022-04-20,49,11.12,Good,Completed,-1137
C-1891,1891,170,3227698.224504912,2025-02-11,52,3.78,Fair,Completed,378
C-1892,1892,259,115179502.99922515,2022-10-04,57,43.41,Poor,Completed,297
C-1893,1893,148,5944539.265464225,2021-01-22,69,3.2,Good,Completed,-526
C-1894,1894,318,289825775.9854496,2025-02-28,10,0.0,Good,Completed,1496
C-1895,1895,243,1971581.2732604626,2025-04-22,15,3.08,Good,Completed,3230
C-1896,1896,404,28421432.78087581,2022-12-12,18,1.88,Good,Completed,2033
C-1897,1897,24,3655118.13473925,2021-11-15,9,8.1,Good,Completed,-378
C-1898,1898,310,3158905.2460533464,2022-12-04,10,1.0,Good,Completed,1078
C-1899,1899,231,8902699.567487933,2023-05-31,7,10.92,Good,Completed,1748
C-1900,1900,154,7426065.245679612,2023-12-17,0,9.7,Good,Completed,-708
C-1901,1901,218,4152989.61744996,2023-03-27,11,6.15,Poor,Completed,332
C-1902,1902,135,225157.0033276405,2022-11-08,0,8.9,Fair,Completed,2231
C-1903,1903,58,5764042.640312677,2020-12-08,0,10.33,Fair,Completed,671
C-1904,1904,17,1732168.1295603628,2022-05-07,43,3.78,Good,Completed,-170
C-1905,1905,106,43034951.667019665,2023-07-18,0,12.89,Fair,Completed,-623
C-1906,1906,238,3654053.6396981385,2023-09-13,70,5.68,Good,Completed,2341
C-1907,1907,342,4500618.25231108,2024-08-06,16,3.63,Good,Completed,1529
C-1908,1908,162,5141884.830979412,2021-12-03,0,0.0,Good,Completed,22
C-1909,1909,116,7141168.048707615,2023-07-17,0,6.35,Good,Completed,858
C-1910,1910,263,45394296.49629709,2025-01-07,40,0.0,Fair,Completed,1783
C-1911,1911,246,2845992.5479530003,2024-11-08,72,4.88,Fair,Completed,2654
C-1912,1912,407,2859983.7164332573,2020-02-28,0,10.97,Fair,Completed,1314
C-1913,1913,333,19587692.230362795,2023-10-01,8,4.07,Good,Completed,1250
C-1914,1914,110,159934711.01496562,2020-08-01,58,1.87,Fair,Completed,1577
C-1915,1915,361,7027305.392884342,2025-12-13,0,9.94,Fair,Completed,1960
C-1916,1916,453,10937331.307307899,2022-02-08,58,4.29,Good,Completed,1857
C-1917,1917,423,25098839.213292874,2021-06-19,30,3.09,Good,Completed,1025
C-1918,1918,353,4765010.580563747,2023-11-20,0,10.77,Good,Completed,355
C-1919,1919,236,12912566.560394468,2020-07-05,2,3.86,Good,Completed,1404
C-1920,1920,369,8035816.582208934,2020-05-23,0,9.34,Good,Completed,1482
C-1921,1921,420,1068553.702517614,2020-09-07,0,13.77,Fair,Completed,-711
C-1922,1922,339,8215256.519783553,2020-02-13,0,1.52,Fair,Completed,994
C-1923,1923,104,11323749.487804087,2020-03-22,37,11.13,Fair,Completed,966
C-1924,1924,44,8837721.0948239,2025-03-06,37,7.02,Fair,Completed,838
C-1925,1925,182,4109524.1647379478,2023-02-01,0,0.0,Good,Completed,2264
C-1926,1926,224,5238701.090182914,2021-08-07,15,3.77,Fair,Completed,1668
C-1927,1927,225,2295143.324468403,2022-10-26,59,5.75,Poor,Completed,1203
C-1928,1928,62,2456056.35779175,2025-11-29,26,1.34,Poor,Completed,1735
C-1929,1929,380,253273179.40841144,2023-06-03,94,62.8,Poor,Terminated,170
C-1930,1930,166,41597126.064168856,2023-06-08,38,0.0,Good,Completed,2360
C-1931,1931,447,3969718.1872578254,2022-12-05,6,7.89,Good,Completed,-448
C-1932,1932,7,3776852.5937359994,2024-01-19,12,3.4,Good,Completed,828
C-1933,1933,497,1792631.0308104379,2022-12-24,0,0.57,Poor,Completed,-903
C-1934,1934,498,8632388.857516224,2024-08-02,22,2.0,Fair,Completed,2044
C-1935,1935,13,327789855.4568822,2020-12-31,94,39.16,Poor,Completed,-1408
C-1936,1936,432,607886.4823198726,2022-03-07,21,13.37,Good,Completed,2128
C-1937,1937,108,7933932.876454183,2021-03-18,45,17.47,Good,Completed,-273
C-1938,1938,253,8174229.616830265,2025-01-30,8,3.09,Poor,Completed,1740
C-1939,1939,38,608218.5067935344,2020-06-14,0,0.0,Fair,Completed,-441
C-1940,1940,139,6257930.935971261,2023-03-20,5,4.58,Good,Completed,-201
C-1941,1941,203,122502326.25538845,2021-08-03,145,54.51,Poor,Completed,-45
C-1942,1942,137,9069098.638896361,2025-12-22,0,2.34,Good,Completed,1541
C-1943,1943,126,1542659.084006379,2024-10-28,26,12.88,Good,Completed,1411
C-1944,1944,96,8106924.14312586,2024-06-15,43,0.0,Poor,Completed,2075
C-1945,1945,5,45326280.02197979,2024-04-21,1,0.0,Good,Completed,2244
C-1946,1946,28,458120718.3135682,2020-07-26,144,44.85,Poor,Completed,-1284
C-1947,1947,13,2334138.1608469733,2021-08-21,11,4.33,Good,Completed,-1175
C-1948,1948,64,45020427.55174596,2024-10-21,0,0.0,Good,Completed,2503
C-1949,1949,102,4214155.708105608,2022-07-24,7,0.0,Good,Completed,-440
C-1950,1950,303,257761592.52405217,2024-10-09,0,4.69,Good,Completed,915
C-1951,1951,399,16288680.017584251,2024-12-09,0,1.44,Good,Completed,2305
C-1952,1952,451,3420454.6925137127,2024-10-27,0,3.06,Good,Completed,2454
C-1953,1953,126,432857.12214068905,2023-12-24,25,6.26,Good,Completed,1102
C-1954,1954,78,11862894.743093137,2021-03-14,15,4.56,Good,Completed,-884
C-1955,1955,389,1625900.0535844308,2021-07-04,7,1.72,Good,Completed,-527
C-1956,1956,325,6681583.096424568,2022-09-20,43,0.0,Good,Completed,384
C-1957,1957,215,264588584.3037551,2023-04-14,82,30.95,Poor,Completed,335
C-1958,1958,256,27356799.236623086,2020-02-10,4,2.12,Good,Completed,-1405
C-1959,1959,158,3908551.831638475,2023-02-05,0,1.97,Good,Completed,850
C-1960,1960,200,160889558.5490828,2023-06-17,0,6.05,Good,Completed,540
C-1961,1961,79,4218010.40701163,2023-12-18,6,9.24,Good,Completed,2835
C-1962,1962,212,2875958.593457993,2024-06-14,0,11.22,Fair,Completed,905
C-1963,1963,204,8981477.69364465,2021-08-10,0,5.82,Good,Completed,-1484
C-1964,1964,449,9684961.219638176,2023-03-13,16,10.6,Good,Completed,289
C-1965,1965,339,4823003.27325682,2025-02-11,15,0.0,Good,Completed,2819
C-1966,1966,74,5460721.2184447,2022-08-08,0,3.45,Good,Completed,442
C-1967,1967,490,21149600.33123418,2024-05-11,0,0.0,Good,Completed,-236
C-1968,1968,224,199558469.71690542,2023-02-18,52,0.0,Fair,Completed,2228
C-1969,1969,119,15589418.641180469,2022-10-10,15,14.95,Good,Completed,786
C-1970,1970,28,1461134.6177712986,2020-11-25,0,1.62,Good,Completed,-1162
C-1971,1971,15,42640828.81899471,2024-08-04,12,4.88,Fair,Completed,1274
C-1972,1972,306,21331581.791183487,2022-08-11,0,6.21,Good,Completed,475
C-1973,1973,439,1730002.282428323,2025-02-27,4,4.69,Fair,Completed,430
C-1974,1974,340,5709086.011262259,2020-05-21,15,16.35,Poor,Completed,505
C-1975,1975,40,7696845.413646051,2025-01-27,3,11.81,Good,Completed,-327
C-1976,1976,351,45885822.32522893,2024-12-09,15,0.89,Fair,Completed,-265
C-1977,1977,291,4576208.556830717,2020-12-17,62,0.19,Good,Completed,120
C-1978,1978,49,5850496.446934583,2023-08-10,12,10.97,Good,Completed,-782
C-1979,1979,152,42993300.83963631,2021-06-06,63,9.1,Good,Completed,-8
C-1980,1980,240,8708009.643388888,2021-02-24,55,0.0,Good,Completed,700
C-1981,1981,388,6531031.7032851335,2024-10-12,1,9.96,Good,Completed,2378
C-1982,1982,453,1495526.977498301,2022-10-13,67,3.32,Fair,Completed,2104
C-1983,1983,104,1417028.2073531765,2025-12-11,47,12.61,Good,Completed,3056
C-1984,1984,199,4387918.605762971,2023-11-18,31,0.0,Good,Completed,2309
C-1985,1985,307,7940212.464624454,2021-03-18,0,5.33,Poor,Completed,-56
C-1986,1986,73,462390163.1681181,2020-10-25,43,3.71,Good,Completed,367
C-1987,1987,193,3938769.353047687,2024-09-26,15,0.0,Good,Completed,1583
C-1988,1988,480,409104.23334599886,2023-12-14,30,10.61,Good,Completed,-452
C-1989,1989,380,3842082.276204297,2023-11-12,0,4.5,Good,Completed,332
C-1990,1990,499,6469777.0229626885,2025-10-12,30,7.8,Good,Completed,1489
C-1991,1991,492,9449218.961247692,2024-09-09,72,12.27,Good,Completed,1042
C-1992,1992,317,960445.0441545064,2025-02-26,2,6.57,Good,Completed,549
C-1993,1993,232,2295153.3953281688,2021-11-18,12,0.89,Poor,Completed,1414
C-1994,1994,472,1614682.575404082,2025-03-14,20,0.0,Good,Completed,142
C-1995,1995,349,3194384.864195132,2025-09-23,11,0.0,Good,Completed,987
C-1996,1996,328,163021.87810947144,2022-03-07,18,8.68,Good,Completed,-743
C-1997,1997,456,8309362.720541903,2025-04-24,29,5.84,Good,Completed,-44
C-1998,1998,361,6368711.048703686,2025-08-28,9,6.23,Good,Completed,1853
C-1999,1999,226,24083135.281437986,2025-01-20,17,0.0,Good,Completed,3030
C-2000,2000,273,2844166.2271712176,2020-09-02,25,8.76,Fair,Completed,1336
