contract_id,tender_id,supplier_id,award_amount_kes,contract_start_date,days_delayed,cost_overrun_percentage,delivery_quality,contract_status,supplier_age_at_award_days,supplier_name,kra_pin,incorporation_date,location,company_size,credit_score,category,tender_budget_kes,tender_open_date,tender_description,procuring_entity
C-1,1,385,39673952.49124118,2023-06-16,51,0.84,Good,Completed,-502,Turner Two Limited,P394226159F,2024-10-30,Johnstad,Medium,471,ICT Equipment & Software,38900142,2023-06-16,Supply and delivery of ict equipment & software items,Ministry of Cold
C-2,2,402,46443771.10490891,2022-12-08,16,5.54,Good,Completed,1397,Kim Throughout Group,P356234948D,2019-02-10,North Sandy,Small,470,ICT Equipment & Software,43164041,2022-12-08,Supply and delivery of ict equipment & software items,Ministry of Source
C-3,3,4,7480439.270042791,2024-09-04,23,0.71,Fair,Completed,2150,Booth Song Group,P965241839K,2018-10-16,Petersonberg,Medium,430,Motor Vehicles & Spare Parts,7358746,2024-09-04,Supply and delivery of motor vehicles & spare parts items,Ministry of Carry
C-4,4,46,4520952.650168879,2023-09-08,2,3.32,Good,Completed,227,Hoffman Brother Limited,P180792472S,2023-01-24,New Barry,Small,772,Cleaning & Sanitary Services,4509352,2023-09-08,Supply and delivery of cleaning & sanitary services items,Ministry of Property
C-5,5,470,4967366.203568449,2022-07-29,16,10.72,Good,Completed,1207,Hill Low Ventures,P113275526Y,2019-04-09,Rodriguezberg,Small,696,Cleaning & Sanitary Services,5211142,2022-07-29,Supply and delivery of cleaning & sanitary services items,Ministry of Laugh
C-6,6,410,9612382.741952784,2025-10-16,0,1.46,Good,Completed,2753,Wright Whole Agencies,P873403266U,2018-04-03,Margaretshire,Small,776,Motor Vehicles & Spare Parts,9694271,2025-10-16,Supply and delivery of motor vehicles & spare parts items,Ministry of Identify
C-7,7,68,395807213.31616527,2020-01-11,163,32.91,Poor,Completed,-160,Moore Training Ltd,P609677794C,2020-06-19,Karenview,Medium,772,Construction & Civil Works,366037169,2020-01-11,Supply and delivery of construction & civil works items,Ministry of None
C-8,8,263,8427660.57862951,2021-03-12,25,0.0,Good,Completed,386,Harris More Ventures,P932120169N,2020-02-20,Salaston,Small,417,Medical Supplies & Pharmaceuticals,8852967,2021-03-12,Supply and delivery of medical supplies & pharmaceuticals items,Ministry of Hour
C-9,9,248,1957380.1233251952,2025-09-12,0,4.58,Fair,Completed,2374,Owens Example Agencies,P582750043P,2019-03-14,North Brent,Small,836,ICT Equipment & Software,1808507,2025-09-12,Supply and delivery of ict equipment & software items,Ministry of Wait
C-10,10,370,9747600.792762266,2021-12-06,0,6.56,Good,Completed,155,Wilson Build Limited,P387643522X,2021-07-04,Amberton,Large,775,Cleaning & Sanitary Services,9431795,2021-12-06,Supply and delivery of cleaning & sanitary services items,Ministry of These
C-11,11,217,218420.16291991982,2023-03-09,5,0.0,Good,Completed,627,Li Continue Enterprise,P991617660X,2021-06-20,Pollardfort,Small,607,Cleaning & Sanitary Services,200734,2023-03-09,Supply and delivery of cleaning & sanitary services items,Ministry of Affect
C-12,12,436,3243923.7274334626,2024-01-22,38,8.61,Good,Completed,2845,Harper All Limited,P970471079X,2016-04-08,Brianfort,Medium,339,Motor Vehicles & Spare Parts,2951274,2024-01-22,Supply and delivery of motor vehicles & spare parts items,Ministry of Produce
C-13,13,262,9745633.628206918,2024-05-26,52,5.45,Good,Completed,2950,Vaughan Break Agencies,P304853117B,2016-04-28,Edwardsberg,Small,374,Medical Supplies & Pharmaceuticals,9635695,2024-05-26,Supply and delivery of medical supplies & pharmaceuticals items,Ministry of Draw
C-14,14,180,3797824.7615272575,2024-02-28,62,9.1,Good,Completed,1384,Stevens Bank Agencies,P436146289K,2020-05-15,Berrychester,Medium,472,Medical Supplies & Pharmaceuticals,3929049,2024-02-28,Supply and delivery of medical supplies & pharmaceuticals items,Ministry of Guy
C-15,15,412,1926353.9102078448,2021-11-14,10,11.07,Good,Completed,1974,Morales Understand Ventures,P599391065S,2016-06-19,Markside,Large,565,Cleaning & Sanitary Services,1968670,2021-11-14,Supply and delivery of cleaning & sanitary services items,Ministry of Board
C-16,16,376,7602915.8656954495,2022-04-20,7,10.84,Good,Completed,-1301,Shelton Beyond Agencies,P245587477W,2025-11-11,Sellersview,Small,705,Office Stationery & Supplies,7365406,2022-04-20,Supply and delivery of office stationery & supplies items,Ministry of Per
C-17,17,125,170222245.30607024,2021-11-01,2,3.19,Good,Completed,1969,Garner Season Group,P971243675Y,2016-06-11,Mcneilberg,Small,584,Construction & Civil Works,172501499,2021-11-01,Supply and delivery of construction & civil works items,Ministry of Attention
C-18,18,268,5548822.913506131,2024-12-10,16,2.5,Good,Completed,-147,Pope Eye Ventures,P409011489H,2025-05-06,Huangfurt,Small,524,ICT Equipment & Software,5255469,2024-12-10,Supply and delivery of ict equipment & software items,Ministry of Fire
C-19,19,347,9637686.185468048,2025-09-09,39,8.79,Good,Completed,1223,Allen Reason Group,P265510032T,2022-05-05,Mccormickland,Small,306,Office Stationery & Supplies,9421425,2025-09-09,Supply and delivery of office stationery & supplies items,Ministry of Lose
C-20,20,404,4337572.610004638,2024-05-13,7,2.59,Good,Completed,2551,Smith Model Ltd,P472271797H,2017-05-19,Garyberg,Small,696,Cleaning & Sanitary Services,4435702,2024-05-13,Supply and delivery of cleaning & sanitary services items,Ministry of Pick
C-21,21,131,2798324.88747067,2023-02-22,23,0.0,Good,Completed,-694,Williams Style Limited,P160257560S,2025-01-16,Nicholasberg,Medium,399,Medical Supplies & Pharmaceuticals,3062732,2023-02-22,Supply and delivery of medical supplies & pharmaceuticals items,Ministry of Leader
C-22,22,411,1966567.5751327823,2025-04-29,0,3.91,Fair,Completed,2042,Shaw Week Agencies,P156556289L,2019-09-26,Port Zachary,Small,571,Office Stationery & Supplies,2092825,2025-04-29,Supply and delivery of office stationery & supplies items,Ministry of Center
C-23,23,223,6692012.36503531,2022-01-20,6,10.22,Good,Completed,1234,Miller Language Agencies,P184747224B,2018-09-04,New Kelly,Small,504,Office Stationery & Supplies,6252941,2022-01-20,Supply and delivery of office stationery & supplies items,Ministry of Week
C-24,24,141,8201638.846248309,2022-12-09,9,8.87,Good,Completed,-349,Johnson His Ltd,P886365312I,2023-11-23,West Markchester,Medium,717,Medical Supplies & Pharmaceuticals,9083212,2022-12-09,Supply and delivery of medical supplies & pharmaceuticals items,Ministry of Social
C-25,25,237,2646254.3615622767,2021-02-16,0,0.0,Good,Completed,1601,Compton Quality Enterprise,P179634081C,2016-09-29,Frazierstad,Large,636,Consultancy Services,2831638,2021-02-16,Supply and delivery of consultancy services items,Ministry of Yourself
C-26,26,387,3331154.3925278615,2025-06-10,52,1.37,Good,Completed,1878,Davis Beyond Enterprise,P101166414N,2020-04-19,Millershire,Small,316,Consultancy Services,3076031,2025-06-10,Supply and delivery of consultancy services items,Ministry of Task
C-27,27,285,6407274.843777028,2022-06-02,53,12.14,Good,Completed,999,Walker Cell Limited,P613443905J,2019-09-07,Adkinsstad,Large,341,Office Stationery & Supplies,6612427,2022-06-02,Supply and delivery of office stationery & supplies items,Ministry of Drive
C-28,28,94,22904807.87594195,2021-05-06,46,0.39,Fair,Completed,741,Warner Experience Group,P429233929Q,2019-04-26,North Jennifer,Small,480,ICT Equipment & Software,22989029,2021-05-06,Supply and delivery of ict equipment & software items,Ministry of Catch
C-29,29,117,42711104.863881774,2021-04-07,32,0.17,Fair,Completed,-1468,Kim Say Group,P620455331H,2025-04-14,Lake Chelseabury,Small,426,ICT Equipment & Software,42181557,2021-04-07,Supply and delivery of ict equipment & software items,Ministry of Age
C-30,30,117,1191879.623737215,2023-07-16,42,3.6,Good,Completed,-638,Kim Say Group,P620455331H,2025-04-14,Lake Chelseabury,Small,426,Consultancy Services,1131519,2023-07-16,Supply and delivery of consultancy services items,Ministry of Condition
C-31,31,322,108514021.94401161,2020-09-26,4,8.73,Good,Completed,1439,Chung Machine Limited,P706666479P,2016-10-18,West Gabriella,Small,646,Construction & Civil Works,113772994,2020-09-26,Supply and delivery of construction & civil works items,Ministry of Seek
C-32,32,253,1390794.401257297,2023-11-26,8,12.53,Good,Completed,1309,Khan Short Ventures,P492750748W,2020-04-26,Diazfurt,Small,724,Medical Supplies & Pharmaceuticals,1490281,2023-11-26,Supply and delivery of medical supplies & pharmaceuticals items,Ministry of Always
C-33,33,99,2657162.274531694,2022-04-02,35,3.22,Fair,Completed,183,Harrison Let Agencies,P465830215L,2021-10-01,West Shelleyfort,Small,454,Office Stationery & Supplies,2422466,2022-04-02,Supply and delivery of office stationery & supplies items,Ministry of Push
C-34,34,182,8610066.481772387,2021-07-14,0,5.15,Good,Completed,1697,Richard Either Agencies,P567804106L,2016-11-20,Warrenfurt,Large,528,Consultancy Services,8199932,2021-07-14,Supply and delivery of consultancy services items,Ministry of Nor
C-35,35,446,2142804.744323338,2023-09-27,47,0.83,Good,Completed,452,Thompson Or Group,P844704803N,2022-07-02,Jeffreyshire,Medium,469,Cleaning & Sanitary Services,2046830,2023-09-27,Supply and delivery of cleaning & sanitary services items,Ministry of Phone
C-36,36,81,406604944.1884819,2025-12-19,24,5.24,Good,Completed,1192,Elliott Discover Ventures,P599326438S,2022-09-14,Katieburgh,Small,576,Construction & Civil Works,393490118,2025-12-19,Supply and delivery of construction & civil works items,Ministry of Recently
C-37,37,259,4875977.42102733,2020-08-24,3,4.52,Fair,Completed,-474,Romero Mr Agencies,P671595541F,2021-12-11,Thomastown,Small,649,Medical Supplies & Pharmaceuticals,4760061,2020-08-24,Supply and delivery of medical supplies & pharmaceuticals items,Ministry of Think
C-38,38,238,2827308.836650981,2020-02-13,25,0.41,Good,Completed,1033,Calderon Ok Limited,P786973497L,2017-04-16,Port Tammy,Medium,307,Consultancy Services,2705214,2020-02-13,Supply and delivery of consultancy services items,Ministry of Road
C-39,39,151,33243588.960084226,2020-09-10,1,5.73,Poor,Completed,1592,Wood Life Ltd,P577488537P,2016-05-02,Corystad,Small,641,ICT Equipment & Software,36283612,2020-09-10,Supply and delivery of ict equipment & software items,Ministry of Life
C-40,40,428,9053531.38962576,2022-04-13,0,3.57,Good,Completed,164,Green Tax Limited,P180516876B,2021-10-31,East Rachelmouth,Small,789,Medical Supplies & Pharmaceuticals,9484451,2022-04-13,Supply and delivery of medical supplies & pharmaceuticals items,Ministry of Officer
C-41,41,37,8760697.352874747,2021-07-07,0,6.75,Good,Completed,-455,Young Call Enterprise,P711684318P,2022-10-05,New Christophershire,Medium,517,Medical Supplies & Pharmaceuticals,9114653,2021-07-07,Supply and delivery of medical supplies & pharmaceuticals items,Ministry of Science
C-42,42,234,4471815.01359625,2020-12-01,51,4.08,Good,Completed,-1106,Hicks Campaign Ltd,P315801027Y,2023-12-12,East Kristy,Small,372,Medical Supplies & Pharmaceuticals,4131419,2020-12-01,Supply and delivery of medical supplies & pharmaceuticals items,Ministry of Run
C-43,43,378,35380536.90563777,2024-02-11,11,8.87,Good,Completed,2056,Bridges Increase Ventures,P625552311J,2018-06-26,Courtneyfurt,Small,543,ICT Equipment & Software,33384400,2024-02-11,Supply and delivery of ict equipment & software items,Ministry of Act
C-44,44,186,2326333.3774086013,2021-10-21,31,7.27,Good,Completed,1842,Bean Production Ltd,P630554118D,2016-10-05,Maldonadoshire,Medium,558,Office Stationery & Supplies,2463999,2021-10-21,Supply and delivery of office stationery & supplies items,Ministry of Recently
C-45,45,404,260872576.83638215,2020-08-09,0,10.13,Good,Completed,1178,Smith Model Ltd,P472271797H,2017-05-19,Garyberg,Small,696,Construction & Civil Works,278226147,2020-08-09,Supply and delivery of construction & civil works items,Ministry of Nature
C-46,46,108,29207091.953603134,2021-08-14,28,8.51,Good,Completed,-124,Holloway Will Ltd,P409893263C,2021-12-16,South Haleyfurt,Small,489,ICT Equipment & Software,28450196,2021-08-14,Supply and delivery of ict equipment & software items,Ministry of Police
C-47,47,290,10323390.523249637,2024-03-15,50,5.52,Good,Completed,1366,Brown Cause Limited,P651095672A,2020-06-18,Elliottside,Small,403,ICT Equipment & Software,10352415,2024-03-15,Supply and delivery of ict equipment & software items,Ministry of Kid
C-48,48,185,422420.0090228205,2024-12-24,12,4.42,Good,Completed,2414,Thomas Decade Ltd,P286293158M,2018-05-16,Port Katherine,Medium,714,Medical Supplies & Pharmaceuticals,389102,2024-12-24,Supply and delivery of medical supplies & pharmaceuticals items,Ministry of Book
C-49,49,384,52146421.90935801,2023-01-25,16,2.78,Good,Completed,2519,Noble Coach Ltd,P573827182D,2016-03-03,South Jamesberg,Small,430,ICT Equipment & Software,48615625,2023-01-25,Supply and delivery of ict equipment & software items,Ministry of Prepare
C-50,50,409,9981365.569830598,2020-09-14,36,3.14,Good,Completed,1548,Cox Wife Limited,P261152186L,2016-06-19,New Lindachester,Large,338,Office Stationery & Supplies,9579413,2020-09-14,Supply and delivery of office stationery & supplies items,Ministry of Build
C-51,51,456,4139163.0987803037,2024-09-15,0,7.66,Fair,Completed,-265,Martin Voice Agencies,P566219118K,2025-06-07,North Markborough,Small,532,Consultancy Services,4543778,2024-09-15,Supply and delivery of consultancy services items,Ministry of Modern
C-52,52,178,4565439.437219421,2021-03-11,1,13.51,Good,Completed,-910,Duran Figure Ltd,P452318696H,2023-09-07,South Julieburgh,Small,668,Consultancy Services,4262065,2021-03-11,Supply and delivery of consultancy services items,Ministry of Decision
C-53,53,288,6800548.798597977,2024-08-31,42,7.76,Good,Completed,2753,Poole Weight Ltd,P642762599M,2017-02-16,East Mark,Medium,442,Consultancy Services,6186368,2024-08-31,Supply and delivery of consultancy services items,Ministry of Theory
C-54,54,108,3934977.937423146,2023-02-20,70,0.0,Good,Completed,431,Holloway Will Ltd,P409893263C,2021-12-16,South Haleyfurt,Small,489,Office Stationery & Supplies,4314279,2023-02-20,Supply and delivery of office stationery & supplies items,Ministry of Defense
C-55,55,176,1407713.9050569662,2022-02-23,26,0.87,Good,Completed,982,Rodriguez Resource Group,P828519068L,2019-06-17,Roseport,Medium,300,Medical Supplies & Pharmaceuticals,1357949,2022-02-23,Supply and delivery of medical supplies & pharmaceuticals items,Ministry of It
C-56,56,167,7601822.173504622,2021-10-09,0,6.94,Good,Completed,901,Martinez Health Group,P814403943W,2019-04-22,Parrishton,Small,721,Motor Vehicles & Spare Parts,7637165,2021-10-09,Supply and delivery of motor vehicles & spare parts items,Ministry of Among
C-57,57,182,4107752.8153034113,2023-04-15,0,1.01,Fair,Completed,2337,Richard Either Agencies,P567804106L,2016-11-20,Warrenfurt,Large,528,Cleaning & Sanitary Services,3950241,2023-04-15,Supply and delivery of cleaning & sanitary services items,Ministry of Whether
C-58,58,351,458419.7944347782,2021-03-31,5,2.84,Good,Completed,-1614,Jordan Action Limited,P205877984Q,2025-08-31,New Julie,Large,822,Motor Vehicles & Spare Parts,488076,2021-03-31,Supply and delivery of motor vehicles & spare parts items,Ministry of Worker
C-59,59,237,463231494.9526021,2022-11-19,5,0.0,Good,Completed,2242,Compton Quality Enterprise,P179634081C,2016-09-29,Frazierstad,Large,636,Construction & Civil Works,423301429,2022-11-19,Supply and delivery of construction & civil works items,Ministry of Easy
C-60,60,286,6080049.503008544,2020-01-06,11,16.22,Good,Completed,-56,Dunn Market Ltd,P913198930I,2020-03-02,Port John,Medium,594,Medical Supplies & Pharmaceuticals,5640070,2020-01-06,Supply and delivery of medical supplies & pharmaceuticals items,Ministry of Remain
C-61,61,275,164654165.7752391,2020-07-14,1,4.64,Good,Completed,805,Rodgers To Limited,P140048684L,2018-05-01,Khanburgh,Small,620,Construction & Civil Works,166582163,2020-07-14,Supply and delivery of construction & civil works items,Ministry of Bring
C-62,62,308,7442699.79448759,2025-01-03,26,0.0,Fair,Completed,642,Hansen Measure Group,P324292944V,2023-04-02,Susantown,Small,509,ICT Equipment & Software,6991878,2025-01-03,Supply and delivery of ict equipment & software items,Ministry of Relationship
C-63,63,369,1968718.5191412624,2022-12-18,16,7.54,Poor,Completed,2421,Walker Fight Group,P280613009X,2016-05-02,Cunninghamfort,Medium,754,Cleaning & Sanitary Services,2060826,2022-12-18,Supply and delivery of cleaning & sanitary services items,Ministry of Believe
C-64,64,110,391676275.79592884,2024-09-03,38,3.73,Good,Completed,3071,Perez Represent Ltd,P997603725K,2016-04-07,Port Emilyview,Small,353,Construction & Civil Works,410497848,2024-09-03,Supply and delivery of construction & civil works items,Ministry of Bad
C-65,65,322,1404812.903952048,2024-05-04,5,4.51,Good,Completed,2755,Chung Machine Limited,P706666479P,2016-10-18,West Gabriella,Small,646,Medical Supplies & Pharmaceuticals,1478369,2024-05-04,Supply and delivery of medical supplies & pharmaceuticals items,Ministry of Blood
C-66,66,454,2023696.809155596,2025-06-05,13,0.0,Fair,Completed,521,Johnson Again Limited,P442219677Q,2024-01-01,North Matthewfurt,Medium,664,Office Stationery & Supplies,2190212,2025-06-05,Supply and delivery of office stationery & supplies items,Ministry of Quickly
C-67,67,289,4178904.2115791477,2021-05-21,1,8.64,Good,Completed,64,Wilson Describe Ltd,P869784803L,2021-03-18,Davishaven,Small,524,Consultancy Services,4271774,2021-05-21,Supply and delivery of consultancy services items,Ministry of Fine
C-68,68,370,97095490.997286,2021-08-01,72,39.42,Poor,Completed,28,Wilson Build Limited,P387643522X,2021-07-04,Amberton,Large,775,Construction & Civil Works,105816295,2021-08-01,Supply and delivery of construction & civil works items,Ministry of Apply
C-69,69,161,8741240.477581838,2020-08-06,0,0.0,Fair,Completed,1408,Miller Political Limited,P259272239E,2016-09-28,West Claudia,Small,522,Medical Supplies & Pharmaceuticals,8549975,2020-08-06,Supply and delivery of medical supplies & pharmaceuticals items,Ministry of Contain
C-70,70,115,4324029.21576092,2025-03-30,17,1.5,Good,Completed,214,Bryan Ability Limited,P806157458I,2024-08-28,Gutierrezborough,Small,419,Medical Supplies & Pharmaceuticals,4700108,2025-03-30,Supply and delivery of medical supplies & pharmaceuticals items,Ministry of Together
C-71,71,196,2982353.409962615,2021-09-28,6,10.13,Good,Completed,-1254,Collins Reality Limited,P849987147Q,2025-03-05,Andersonland,Large,541,Motor Vehicles & Spare Parts,2954190,2021-09-28,Supply and delivery of motor vehicles & spare parts items,Ministry of Suddenly
C-72,72,37,6617331.826470318,2024-01-22,0,12.24,Poor,Completed,474,Young Call Enterprise,P711684318P,2022-10-05,New Christophershire,Medium,517,Motor Vehicles & Spare Parts,7296042,2024-01-22,Supply and delivery of motor vehicles & spare parts items,Ministry of Last
C-73,73,412,47829327.250009924,2024-06-06,17,8.69,Good,Completed,2909,Morales Understand Ventures,P599391065S,2016-06-19,Markside,Large,565,ICT Equipment & Software,47730658,2024-06-06,Supply and delivery of ict equipment & software items,Ministry of Beyond
C-74,74,283,8449100.26050933,2025-02-08,25,5.85,Good,Completed,3282,Valdez Room Ventures,P353727962D,2016-02-14,South Kurtfurt,Small,464,Cleaning & Sanitary Services,7784365,2025-02-08,Supply and delivery of cleaning & sanitary services items,Ministry of Voice
C-75,75,335,50142765.31547339,2020-04-10,55,0.0,Good,Completed,241,Davis Yes Limited,P430999662C,2019-08-13,Kathleenville,Small,412,ICT Equipment & Software,48936828,2020-04-10,Supply and delivery of ict equipment & software items,Ministry of Together
C-76,76,213,3602097.177913335,2020-10-30,6,0.83,Good,Completed,-484,Allen Keep Agencies,P301126777Q,2022-02-26,New Theresaland,Medium,700,ICT Equipment & Software,3757181,2020-10-30,Supply and delivery of ict equipment & software items,Ministry of Radio
C-77,77,485,237784268.96723703,2021-01-08,130,24.67,Poor,Completed,-364,Smith Entire Ltd,P753204271Z,2022-01-07,Jenniferview,Small,754,Construction & Civil Works,245035072,2021-01-08,Supply and delivery of construction & civil works items,Ministry of Help
C-78,78,475,8016138.749825433,2025-05-13,57,7.89,Fair,Completed,2282,Cameron Toward Ventures,P847520637R,2019-02-12,Port Jeremyport,Small,320,Consultancy Services,8461735,2025-05-13,Supply and delivery of consultancy services items,Ministry of Pretty
C-79,79,109,2186689.8530911584,2021-08-10,0,0.0,Good,Completed,-1398,Mason Minute Group,P570040006F,2025-06-08,South Jessicaview,Medium,641,Office Stationery & Supplies,2042811,2021-08-10,Supply and delivery of office stationery & supplies items,Ministry of Significant
C-80,80,284,466398182.2870251,2020-07-22,164,43.74,Poor,Terminated,-845,Leblanc View Group,P855438611X,2022-11-14,Hannahport,Small,377,Construction & Civil Works,458282922,2020-07-22,Supply and delivery of construction & civil works items,Ministry of Teacher
C-81,81,455,5822691.904360711,2022-01-20,0,0.0,Good,Completed,1621,Jones Year Enterprise,P199970392V,2017-08-13,Bushchester,Small,766,Consultancy Services,5525838,2022-01-20,Supply and delivery of consultancy services items,Ministry of Build
C-82,82,390,9926032.055437926,2022-05-28,44,9.32,Fair,Completed,1836,Ayala Some Enterprise,P242964672P,2017-05-18,North Alyssa,Medium,380,Consultancy Services,9814891,2022-05-28,Supply and delivery of consultancy services items,Ministry of Loss
C-83,83,381,2549541.5787850074,2021-08-18,36,0.0,Good,Completed,-617,Ellis Red Limited,P848708337W,2023-04-27,Port Amandaborough,Small,372,Consultancy Services,2420688,2021-08-18,Supply and delivery of consultancy services items,Ministry of Image
C-84,84,497,326079835.2061873,2024-02-20,168,39.25,Poor,Terminated,-480,Jones Visit Ventures,P308889819G,2025-06-14,Port Erinhaven,Small,524,Construction & Civil Works,350253495,2024-02-20,Supply and delivery of construction & civil works items,Ministry of Mean
C-85,85,341,4447075.10475441,2024-10-18,11,1.73,Good,Completed,1538,Taylor According Ltd,P524871030V,2020-08-02,Brockmouth,Small,742,Medical Supplies & Pharmaceuticals,4636119,2024-10-18,Supply and delivery of medical supplies & pharmaceuticals items,Ministry of Range
C-86,86,370,4376417.982506896,2025-04-25,18,0.0,Good,Completed,1391,Wilson Build Limited,P387643522X,2021-07-04,Amberton,Large,775,Medical Supplies & Pharmaceuticals,4115470,2025-04-25,Supply and delivery of medical supplies & pharmaceuticals items,Ministry of Compare
C-87,87,321,3777471.674446863,2020-09-04,0,4.97,Good,Completed,-210,Allen President Ltd,P665277813Q,2021-04-02,Josephfurt,Medium,685,Motor Vehicles & Spare Parts,3722138,2020-09-04,Supply and delivery of motor vehicles & spare parts items,Ministry of Safe
C-88,88,445,1046441.4418302345,2024-05-10,1,3.55,Fair,Completed,909,Rogers Future Ventures,P246513857K,2021-11-13,Connerfort,Medium,662,Consultancy Services,1037841,2024-05-10,Supply and delivery of consultancy services items,Ministry of Yes
C-89,89,294,7603343.213402309,2025-01-23,0,3.42,Good,Completed,1669,Stark Huge Group,P503346325F,2020-06-29,Lake Michelle,Small,777,Cleaning & Sanitary Services,8161896,2025-01-23,Supply and delivery of cleaning & sanitary services items,Ministry of Body
C-90,90,197,2997720.268809262,2022-06-30,30,5.99,Good,Completed,1239,Bennett Strong Enterprise,P452699013I,2019-02-07,Lake Ellenhaven,Small,418,Motor Vehicles & Spare Parts,2943940,2022-06-30,Supply and delivery of motor vehicles & spare parts items,Ministry of Performance
C-91,91,281,4044035.260365471,2022-11-23,0,6.07,Good,Completed,1318,Morales Beyond Ltd,P298407302I,2019-04-15,Morrisbury,Medium,648,Medical Supplies & Pharmaceuticals,4032441,2022-11-23,Supply and delivery of medical supplies & pharmaceuticals items,Ministry of Outside
C-92,92,334,4593860.860116686,2024-01-26,0,5.69,Good,Completed,2645,Moore Seek Enterprise,P941695782O,2016-10-29,Lake Peter,Small,670,Consultancy Services,4464406,2024-01-26,Supply and delivery of consultancy services items,Ministry of Course
C-93,93,325,1412787.0555548917,2023-09-01,28,0.0,Good,Completed,730,Hodge Beyond Agencies,P667106600C,2021-09-01,East Rachel,Small,460,Office Stationery & Supplies,1486980,2023-09-01,Supply and delivery of office stationery & supplies items,Ministry of Start
C-94,94,142,7164074.97127651,2022-02-24,73,11.51,Fair,Completed,1602,Anderson Notice Enterprise,P492836532H,2017-10-06,Mariaview,Small,495,Consultancy Services,7600960,2022-02-24,Supply and delivery of consultancy services items,Ministry of Air
C-95,95,131,383876805.83958894,2025-03-04,83,44.2,Poor,Completed,47,Williams Style Limited,P160257560S,2025-01-16,Nicholasberg,Medium,399,Construction & Civil Works,368657906,2025-03-04,Supply and delivery of construction & civil works items,Ministry of Up
C-96,96,131,3431541.4954059836,2025-01-11,53,0.39,Good,Completed,-5,Williams Style Limited,P160257560S,2025-01-16,Nicholasberg,Medium,399,Cleaning & Sanitary Services,3140267,2025-01-11,Supply and delivery of cleaning & sanitary services items,Ministry of Wait
C-97,97,152,28465177.503312968,2020-10-13,50,0.28,Good,Completed,-244,Levine Her Group,P165015165Z,2021-06-14,Jamesville,Medium,476,ICT Equipment & Software,29508147,2020-10-13,Supply and delivery of ict equipment & software items,Ministry of Wife
C-98,98,212,1359974.7513110798,2022-12-05,0,5.96,Good,Completed,348,Smith Myself Ltd,P717452511P,2021-12-22,West Ruben,Small,688,Consultancy Services,1280887,2022-12-05,Supply and delivery of consultancy services items,Ministry of Very
C-99,99,198,4458930.332453334,2022-06-20,44,6.77,Good,Completed,1038,Cox Couple Ltd,P329987621V,2019-08-17,Leeberg,Medium,445,Office Stationery & Supplies,4539850,2022-06-20,Supply and delivery of office stationery & supplies items,Ministry of Any
C-100,100,260,1851632.0538641252,2020-05-18,0,5.57,Good,Completed,251,Nunez Keep Ltd,P726745401T,2019-09-10,New Thomasshire,Small,542,Cleaning & Sanitary Services,1996220,2020-05-18,Supply and delivery of cleaning & sanitary services items,Ministry of Real
C-101,101,432,355860770.18028206,2021-11-19,12,0.39,Fair,Completed,2020,Harvey Else Group,P795009888S,2016-05-09,Jenkinsside,Small,628,Construction & Civil Works,349079398,2021-11-19,Supply and delivery of construction & civil works items,Ministry of Sea
C-102,102,361,1553957.859749136,2025-03-17,4,2.41,Poor,Completed,1689,Baker Travel Enterprise,P625579419H,2020-08-01,Candicefurt,Small,741,Motor Vehicles & Spare Parts,1467223,2025-03-17,Supply and delivery of motor vehicles & spare parts items,Ministry of Network
C-103,103,31,9934633.321262315,2024-08-08,0,0.0,Fair,Completed,-55,Jones System Enterprise,P690907304G,2024-10-02,Lake Yvettetown,Medium,678,Motor Vehicles & Spare Parts,9543754,2024-08-08,Supply and delivery of motor vehicles & spare parts items,Ministry of Part
C-104,104,279,49279201.317017786,2024-05-04,48,10.23,Good,Completed,1836,Simon Raise Group,P376236056T,2019-04-25,North Jill,Medium,436,ICT Equipment & Software,46087883,2024-05-04,Supply and delivery of ict equipment & software items,Ministry of Door
C-105,105,451,3167992.3636855325,2025-11-12,19,1.62,Good,Completed,2835,Steele Hard Ventures,P375584366Y,2018-02-07,Lake Aaronfurt,Small,823,Cleaning & Sanitary Services,3284790,2025-11-12,Supply and delivery of cleaning & sanitary services items,Ministry of Relationship
C-106,106,233,6193402.880582742,2025-03-28,0,1.21,Fair,Completed,932,Mckinney Oil Ventures,P682152066S,2022-09-08,Melissaburgh,Small,845,Cleaning & Sanitary Services,6781935,2025-03-28,Supply and delivery of cleaning & sanitary services items,Ministry of Natural
C-107,107,467,7053975.2954931315,2023-02-20,53,9.68,Good,Completed,964,Rush Computer Group,P327515325Z,2020-07-01,East Brad,Small,378,ICT Equipment & Software,7189142,2023-02-20,Supply and delivery of ict equipment & software items,Ministry of School
C-108,108,305,4369113.933759689,2023-09-16,4,10.88,Good,Completed,1714,Zimmerman Sure Ventures,P597169479D,2019-01-06,Faulknerside,Small,849,ICT Equipment & Software,4146804,2023-09-16,Supply and delivery of ict equipment & software items,Ministry of Lead
C-109,109,240,442073525.21285933,2023-12-20,59,4.81,Good,Completed,1729,Fletcher Half Agencies,P657162259S,2019-03-27,West Jamesside,Small,327,Construction & Civil Works,459534134,2023-12-20,Supply and delivery of construction & civil works items,Ministry of Energy
C-110,110,280,965702.1295208841,2022-11-21,5,10.14,Good,Completed,-375,Bradley Sometimes Limited,P307405357L,2023-12-01,Wilcoxhaven,Small,846,Consultancy Services,900101,2022-11-21,Supply and delivery of consultancy services items,Ministry of Record
C-111,111,418,5415529.509921756,2024-01-21,57,5.93,Fair,Completed,2779,Hall Through Ltd,P658087211A,2016-06-12,Stephenland,Small,439,Consultancy Services,5977845,2024-01-21,Supply and delivery of consultancy services items,Ministry of Image
C-112,112,488,5325006.385752834,2020-11-21,0,6.01,Fair,Completed,693,Rodriguez Attack Group,P461081823R,2018-12-29,Michelleview,Small,694,Motor Vehicles & Spare Parts,5338561,2020-11-21,Supply and delivery of motor vehicles & spare parts items,Ministry of The
C-113,113,254,399417056.7482001,2023-05-08,20,0.0,Good,Completed,2495,Hoffman Him Group,P694018597S,2016-07-08,South Williamside,Small,581,Construction & Civil Works,383452278,2023-05-08,Supply and delivery of construction & civil works items,Ministry of Position
C-114,114,202,8736019.621310426,2020-04-29,7,9.21,Good,Completed,723,Allen Table Ltd,P942211135E,2018-05-07,West Erika,Small,817,Motor Vehicles & Spare Parts,8221757,2020-04-29,Supply and delivery of motor vehicles & spare parts items,Ministry of Question
C-115,115,139,42102915.69474386,2025-08-09,11,5.38,Good,Completed,672,Hall Suffer Group,P478301747O,2023-10-07,New John,Small,601,ICT Equipment & Software,42471665,2025-08-09,Supply and delivery of ict equipment & software items,Ministry of Mouth
C-116,116,343,334010937.67031354,2025-02-02,138,46.32,Poor,Completed,-143,Harris Former Group,P290736564Z,2025-06-25,Kellyfort,Small,563,Construction & Civil Works,352364889,2025-02-02,Supply and delivery of construction & civil works items,Ministry of Together
C-117,117,484,1301811.360913499,2022-12-22,12,1.21,Good,Completed,164,Palmer Treatment Ventures,P937844678X,2022-07-11,South Rhondaburgh,Large,826,Motor Vehicles & Spare Parts,1376647,2022-12-22,Supply and delivery of motor vehicles & spare parts items,Ministry of Company
C-118,118,407,138872422.01578388,2020-06-13,0,1.73,Good,Completed,1420,Villarreal Compare Enterprise,P494801749K,2016-07-24,Kerrishire,Medium,713,Construction & Civil Works,135511435,2020-06-13,Supply and delivery of construction & civil works items,Ministry of Million
C-119,119,67,5115486.688050484,2021-12-03,0,0.78,Fair,Completed,220,Hansen Free Ltd,P910943524C,2021-04-27,Rivasside,Small,637,Office Stationery & Supplies,5516775,2021-12-03,Supply and delivery of office stationery & supplies items,Ministry of Give
C-120,120,366,267222257.8084543,2025-10-26,9,0.5,Good,Completed,2528,Lopez Thousand Ventures,P584258607N,2018-11-24,Port Michaeltown,Small,641,Construction & Civil Works,282140269,2025-10-26,Supply and delivery of construction & civil works items,Ministry of Apply
C-121,121,481,3443771.1570371105,2023-01-15,0,0.0,Good,Completed,80,Allen Middle Ltd,P737849448C,2022-10-27,Port Thomas,Medium,608,Medical Supplies & Pharmaceuticals,3244480,2023-01-15,Supply and delivery of medical supplies & pharmaceuticals items,Ministry of Oil
C-122,122,359,402880283.39780414,2023-11-10,7,8.1,Good,Completed,1225,Jordan Above Agencies,P856704108N,2020-07-03,West Karen,Medium,536,Construction & Civil Works,394446802,2023-11-10,Supply and delivery of construction & civil works items,Ministry of Interesting
C-123,123,85,4901165.3524147095,2024-11-25,60,2.92,Good,Completed,1980,Patterson Hospital Agencies,P174041730G,2019-06-25,Alexanderchester,Small,337,Motor Vehicles & Spare Parts,4928761,2024-11-25,Supply and delivery of motor vehicles & spare parts items,Ministry of Bar
C-124,124,486,7540973.586175224,2022-10-02,17,10.99,Good,Completed,915,Bennett Happy Ltd,P592845370Q,2020-03-31,South Kevin,Medium,820,Cleaning & Sanitary Services,6951803,2022-10-02,Supply and delivery of cleaning & sanitary services items,Ministry of Suddenly
C-125,125,403,52191604.77130986,2023-06-09,5,3.81,Good,Completed,2290,Salazar Around Limited,P432097676Q,2017-03-02,North Alexander,Medium,663,ICT Equipment & Software,48620511,2023-06-09,Supply and delivery of ict equipment & software items,Ministry of Behavior
C-126,126,249,7975476.01312236,2025-02-19,65,5.12,Fair,Completed,-119,Lin Kid Ltd,P366578178K,2025-06-18,Sarahmouth,Small,324,Cleaning & Sanitary Services,7424222,2025-02-19,Supply and delivery of cleaning & sanitary services items,Ministry of Likely
C-127,127,332,136178478.81427705,2021-11-23,15,0.94,Good,Completed,2042,Nelson Little Agencies,P626781451O,2016-04-21,Angelafurt,Small,728,Construction & Civil Works,142043624,2021-11-23,Supply and delivery of construction & civil works items,Ministry of Modern
C-128,128,200,15455330.105351022,2024-06-20,16,14.04,Poor,Completed,909,Moore Course Ltd,P992649957S,2021-12-24,Lake Samuel,Large,760,Construction & Civil Works,15427148,2024-06-20,Supply and delivery of construction & civil works items,Ministry of Affect
C-129,129,145,406593011.66577494,2020-08-12,167,54.18,Poor,Completed,346,Gibbs Address Ltd,P383960237I,2019-09-01,South Miguelview,Medium,693,Construction & Civil Works,393615924,2020-08-12,Supply and delivery of construction & civil works items,Ministry of Itself
C-130,130,392,830789.4844946524,2020-03-19,9,2.03,Good,Completed,-1824,Jensen Level Ltd,P333264702F,2025-03-17,East Karenshire,Large,567,Consultancy Services,821384,2020-03-19,Supply and delivery of consultancy services items,Ministry of Often
C-131,131,40,8765790.672359623,2020-01-01,0,3.36,Good,Completed,-2180,Jones Different Enterprise,P643189555Q,2025-12-20,West Nicole,Small,540,Office Stationery & Supplies,9008385,2020-01-01,Supply and delivery of office stationery & supplies items,Ministry of Benefit
C-132,132,359,3045376.303248133,2024-09-30,4,3.85,Poor,Completed,1550,Jordan Above Agencies,P856704108N,2020-07-03,West Karen,Medium,536,Consultancy Services,2987698,2024-09-30,Supply and delivery of consultancy services items,Ministry of Present
C-133,133,228,2431924.516137494,2023-10-28,53,10.37,Poor,Completed,1532,Herring Alone Enterprise,P749715626J,2019-08-18,Rushstad,Medium,392,Cleaning & Sanitary Services,2532593,2023-10-28,Supply and delivery of cleaning & sanitary services items,Ministry of Voice
C-134,134,326,3781722.643820212,2023-01-18,40,14.52,Poor,Completed,43,Knight Experience Ltd,P149995533E,2022-12-06,Rachelshire,Medium,455,Consultancy Services,4131464,2023-01-18,Supply and delivery of consultancy services items,Ministry of Design
C-135,135,167,9014285.187185947,2023-12-05,0,12.28,Good,Completed,1688,Martinez Health Group,P814403943W,2019-04-22,Parrishton,Small,721,Motor Vehicles & Spare Parts,8645106,2023-12-05,Supply and delivery of motor vehicles & spare parts items,Ministry of Loss
C-136,136,118,6435792.051271905,2025-09-13,44,7.48,Good,Completed,948,Collins Address Ltd,P692975437A,2023-02-08,East Victoriaville,Medium,357,Consultancy Services,6233066,2025-09-13,Supply and delivery of consultancy services items,Ministry of Himself
C-137,137,227,215808743.32809287,2024-12-13,0,13.15,Poor,Completed,1047,Harrington Already Ventures,P235538456E,2022-01-31,Port Deanna,Small,580,Construction & Civil Works,206302013,2024-12-13,Supply and delivery of construction & civil works items,Ministry of Technology
C-138,138,288,2642804.7627131464,2021-05-03,15,13.16,Good,Completed,1537,Poole Weight Ltd,P642762599M,2017-02-16,East Mark,Medium,442,Cleaning & Sanitary Services,2836582,2021-05-03,Supply and delivery of cleaning & sanitary services items,Ministry of Look
C-139,139,129,364451814.74940515,2021-12-28,3,18.52,Good,Completed,797,Stewart Serious Group,P915401487F,2019-10-23,New Caseyport,Small,588,Construction & Civil Works,341644820,2021-12-28,Supply and delivery of construction & civil works items,Ministry of Speak
C-140,140,28,5264590.179522519,2023-09-19,0,18.03,Fair,Completed,-134,Lee Bill Ltd,P807577342B,2024-01-31,Rodneymouth,Large,643,Motor Vehicles & Spare Parts,5694176,2023-09-19,Supply and delivery of motor vehicles & spare parts items,Ministry of Material
C-141,141,29,2076237.0209643194,2024-04-19,0,5.65,Good,Completed,-127,Brown Ready Ltd,P793830224G,2024-08-24,South Jessicaville,Small,771,Medical Supplies & Pharmaceuticals,2061977,2024-04-19,Supply and delivery of medical supplies & pharmaceuticals items,Ministry of Himself
C-142,142,211,3745720.021271056,2024-04-17,0,11.16,Good,Completed,2158,Martinez Edge Enterprise,P550784243O,2018-05-21,Brownfort,Small,567,Motor Vehicles & Spare Parts,4132654,2024-04-17,Supply and delivery of motor vehicles & spare parts items,Ministry of Build
C-143,143,381,7193713.37849272,2020-08-01,34,8.48,Good,Completed,-999,Ellis Red Limited,P848708337W,2023-04-27,Port Amandaborough,Small,372,Consultancy Services,6600242,2020-08-01,Supply and delivery of consultancy services items,Ministry of Reason
C-144,144,461,7482932.677784855,2021-04-30,0,0.0,Good,Completed,157,Guerrero Benefit Ltd,P789198776I,2020-11-24,Lopezfurt,Medium,700,Medical Supplies & Pharmaceuticals,7078140,2021-04-30,Supply and delivery of medical supplies & pharmaceuticals items,Ministry of Growth
C-145,145,358,390835191.4656061,2022-02-17,192,38.46,Poor,Completed,-64,Lopez Really Ltd,P564000836Z,2022-04-22,Lake Christinaborough,Small,508,Construction & Civil Works,419401952,2022-02-17,Supply and delivery of construction & civil works items,Ministry of Property
C-146,146,250,216833592.9676992,2025-10-14,3,7.49,Good,Completed,2878,Moore Myself Ventures,P601238919F,2017-11-27,Tylerland,Small,532,Construction & Civil Works,201223711,2025-10-14,Supply and delivery of construction & civil works items,Ministry of Film
C-147,147,64,276580035.4146979,2023-04-14,6,6.07,Good,Completed,1947,Horton Miss Agencies,P529123992P,2017-12-14,Lake Grace,Medium,702,Construction & Civil Works,303154274,2023-04-14,Supply and delivery of construction & civil works items,Ministry of Hour
C-148,148,401,4870179.280999016,2024-03-18,45,1.34,Good,Completed,2708,Mccall System Agencies,P266834924I,2016-10-18,Peterland,Small,487,Medical Supplies & Pharmaceuticals,4928426,2024-03-18,Supply and delivery of medical supplies & pharmaceuticals items,Ministry of Answer
C-149,149,484,2322518.2221923163,2025-05-19,0,6.77,Fair,Completed,1043,Palmer Treatment Ventures,P937844678X,2022-07-11,South Rhondaburgh,Large,826,Office Stationery & Supplies,2142823,2025-05-19,Supply and delivery of office stationery & supplies items,Ministry of Mind
C-150,150,259,7841760.690862385,2020-11-03,0,5.32,Fair,Completed,-403,Romero Mr Agencies,P671595541F,2021-12-11,Thomastown,Small,649,Cleaning & Sanitary Services,8479341,2020-11-03,Supply and delivery of cleaning & sanitary services items,Ministry of Series
C-151,151,241,41443496.675172225,2024-06-14,2,3.83,Good,Completed,2082,Weber Possible Agencies,P672817675F,2018-10-02,New Shelly,Small,664,ICT Equipment & Software,40633569,2024-06-14,Supply and delivery of ict equipment & software items,Ministry of It
C-152,152,224,2009659.584260021,2020-08-22,53,3.14,Poor,Completed,1318,Murphy Find Agencies,P429097422C,2017-01-12,Jacksonmouth,Medium,410,Cleaning & Sanitary Services,2012584,2020-08-22,Supply and delivery of cleaning & sanitary services items,Ministry of Popular
C-153,153,151,345293.455627086,2021-03-05,0,2.23,Fair,Completed,1768,Wood Life Ltd,P577488537P,2016-05-02,Corystad,Small,641,Office Stationery & Supplies,325049,2021-03-05,Supply and delivery of office stationery & supplies items,Ministry of Camera
C-154,154,34,41580801.170409754,2025-07-31,28,4.41,Good,Completed,2454,Horton Side Agencies,P941128035J,2018-11-11,Mooreport,Small,398,ICT Equipment & Software,45304549,2025-07-31,Supply and delivery of ict equipment & software items,Ministry of Increase
C-155,155,154,9691893.525315853,2021-04-17,8,0.0,Good,Completed,-1682,Buchanan Describe Enterprise,P173669588W,2025-11-24,New Jason,Small,754,Medical Supplies & Pharmaceuticals,9568532,2021-04-17,Supply and delivery of medical supplies & pharmaceuticals items,Ministry of Thank
C-156,156,486,5851285.943854387,2024-09-08,13,1.82,Poor,Completed,1622,Bennett Happy Ltd,P592845370Q,2020-03-31,South Kevin,Medium,820,Consultancy Services,6130489,2024-09-08,Supply and delivery of consultancy services items,Ministry of Sense
C-157,157,499,25190152.92122323,2022-01-10,43,9.89,Good,Completed,118,Knox Lot Limited,P253785761U,2021-09-14,Port Christopher,Small,493,Construction & Civil Works,27315019,2022-01-10,Supply and delivery of construction & civil works items,Ministry of Sometimes
C-158,158,471,1772504.2374521533,2022-06-27,29,7.09,Good,Completed,1825,Matthews Son Ltd,P207593219G,2017-06-28,Port Justinside,Small,456,Consultancy Services,1754753,2022-06-27,Supply and delivery of consultancy services items,Ministry of With
C-159,159,16,621893.9370800123,2023-10-19,0,0.0,Good,Completed,667,Cruz Pick Ventures,P602564736H,2021-12-21,Tashatown,Small,754,Consultancy Services,671107,2023-10-19,Supply and delivery of consultancy services items,Ministry of Remember
C-160,160,251,2297071.545858401,2023-07-14,8,6.66,Good,Completed,-704,Wagner Effect Group,P331009561L,2025-06-17,Brandonport,Small,527,Motor Vehicles & Spare Parts,2186213,2023-07-14,Supply and delivery of motor vehicles & spare parts items,Ministry of Sport
C-161,161,65,2975256.822409062,2025-05-07,31,0.0,Fair,Completed,151,Dalton Value Limited,P214447237X,2024-12-07,Robinsonhaven,Small,446,Cleaning & Sanitary Services,2879499,2025-05-07,Supply and delivery of cleaning & sanitary services items,Ministry of Lot
C-162,162,146,7296807.004339717,2023-12-13,33,3.36,Fair,Completed,765,Carson Yard Group,P498866784G,2021-11-08,South Angel,Medium,491,Office Stationery & Supplies,7413834,2023-12-13,Supply and delivery of office stationery & supplies items,Ministry of Mother
C-163,163,14,9254436.365894739,2020-10-21,0,4.48,Fair,Completed,793,Richards Water Ltd,P726563708Z,2018-08-20,Jeffreyberg,Large,541,Consultancy Services,9037492,2020-10-21,Supply and delivery of consultancy services items,Ministry of Moment
C-164,164,406,5282802.89611395,2020-01-10,1,2.94,Fair,Completed,-446,Baker Part Limited,P773808249E,2021-03-31,Gibsonstad,Medium,749,Motor Vehicles & Spare Parts,5144842,2020-01-10,Supply and delivery of motor vehicles & spare parts items,Ministry of Simply
C-165,165,393,8852011.629775899,2020-04-16,2,7.63,Fair,Completed,-1102,Bell Laugh Enterprise,P437695739Y,2023-04-23,East Joshua,Large,837,Motor Vehicles & Spare Parts,9476079,2020-04-16,Supply and delivery of motor vehicles & spare parts items,Ministry of Worry
C-166,166,50,4339649.99164123,2022-08-06,11,7.76,Fair,Completed,-284,Cook Word Group,P542073642Z,2023-05-17,West Erik,Medium,533,Motor Vehicles & Spare Parts,4256532,2022-08-06,Supply and delivery of motor vehicles & spare parts items,Ministry of Pay
C-167,167,151,6853161.6547915125,2022-11-24,5,10.16,Good,Completed,2397,Wood Life Ltd,P577488537P,2016-05-02,Corystad,Small,641,Medical Supplies & Pharmaceuticals,6692910,2022-11-24,Supply and delivery of medical supplies & pharmaceuticals items,Ministry of Movie
C-168,168,1,142021696.9445664,2024-09-07,35,2.56,Good,Completed,834,Johnson Face Ventures,P362950628O,2022-05-27,Lake Curtis,Large,406,Construction & Civil Works,132530787,2024-09-07,Supply and delivery of construction & civil works items,Ministry of Whether
C-169,169,233,5104649.164681178,2021-01-23,3,0.0,Fair,Completed,-593,Mckinney Oil Ventures,P682152066S,2022-09-08,Melissaburgh,Small,845,Office Stationery & Supplies,5117650,2021-01-23,Supply and delivery of office stationery & supplies items,Ministry of Particular
C-170,170,439,8653019.596068617,2021-01-15,5,7.17,Good,Completed,-1074,Kelly Those Enterprise,P286521875L,2023-12-25,New Louis,Medium,753,Motor Vehicles & Spare Parts,8009699,2021-01-15,Supply and delivery of motor vehicles & spare parts items,Ministry of Teacher
C-171,171,399,339592.34367010987,2020-10-08,7,7.2,Good,Completed,782,Williams As Agencies,P947493681Z,2018-08-18,Courtneyhaven,Small,701,Consultancy Services,358517,2020-10-08,Supply and delivery of consultancy services items,Ministry of Impact
C-172,172,22,10500743.143021738,2023-12-11,17,5.99,Good,Completed,826,Miller Sign Agencies,P621828280E,2021-09-06,East Donna,Large,570,Office Stationery & Supplies,9845741,2023-12-11,Supply and delivery of office stationery & supplies items,Ministry of Police
C-173,173,478,800266.1286530232,2025-04-17,15,11.58,Fair,Completed,392,Robertson Cold Limited,P170455681T,2024-03-21,Taylorhaven,Small,823,Consultancy Services,805475,2025-04-17,Supply and delivery of consultancy services items,Ministry of Mother
C-174,174,113,8740583.512683246,2025-04-15,2,1.91,Fair,Completed,2217,Garcia College Ventures,P454123990A,2019-03-21,Robertsfurt,Medium,649,Consultancy Services,9236621,2025-04-15,Supply and delivery of consultancy services items,Ministry of Kid
C-175,175,121,8864272.714884536,2025-11-16,16,3.33,Good,Completed,1415,Francis Century Group,P174958005R,2022-01-01,Morganhaven,Small,571,Office Stationery & Supplies,9740686,2025-11-16,Supply and delivery of office stationery & supplies items,Ministry of Whole
C-176,176,85,499853.03409200086,2024-02-26,39,9.68,Good,Completed,1707,Patterson Hospital Agencies,P174041730G,2019-06-25,Alexanderchester,Small,337,Medical Supplies & Pharmaceuticals,524226,2024-02-26,Supply and delivery of medical supplies & pharmaceuticals items,Ministry of Energy
C-177,177,9,4399351.3430098435,2021-08-22,0,0.0,Good,Completed,-391,Miles Result Enterprise,P795822698E,2022-09-17,New Jessica,Small,775,ICT Equipment & Software,4617923,2021-08-22,Supply and delivery of ict equipment & software items,Ministry of Gun
C-178,178,119,5465256.423008006,2025-10-27,29,0.0,Good,Completed,1899,Wilson There Limited,P265325235F,2020-08-15,Williamview,Small,395,Cleaning & Sanitary Services,5713201,2025-10-27,Supply and delivery of cleaning & sanitary services items,Ministry of Local
C-179,179,73,28417324.579601686,2024-10-29,67,2.27,Good,Completed,1832,Smith He Group,P420632895W,2019-10-24,Castanedachester,Medium,308,ICT Equipment & Software,30560464,2024-10-29,Supply and delivery of ict equipment & software items,Ministry of Certainly
C-180,180,19,3178217.1291388543,2022-06-23,31,10.43,Good,Completed,508,Rodriguez Process Limited,P420452650O,2021-01-31,East Nathaniel,Small,405,Consultancy Services,3503096,2022-06-23,Supply and delivery of consultancy services items,Ministry of Scene
C-181,181,105,6791249.166449107,2025-04-26,8,7.17,Fair,Completed,2337,Hall Seat Group,P403566540S,2018-12-02,Jonesbury,Small,811,Cleaning & Sanitary Services,6378602,2025-04-26,Supply and delivery of cleaning & sanitary services items,Ministry of Music
C-182,182,351,5887101.918823299,2021-10-16,26,2.63,Good,Completed,-1415,Jordan Action Limited,P205877984Q,2025-08-31,New Julie,Large,822,Motor Vehicles & Spare Parts,6243326,2021-10-16,Supply and delivery of motor vehicles & spare parts items,Ministry of Science
C-183,183,253,7827351.464556141,2023-04-15,0,12.86,Good,Completed,1084,Khan Short Ventures,P492750748W,2020-04-26,Diazfurt,Small,724,Medical Supplies & Pharmaceuticals,7619817,2023-04-15,Supply and delivery of medical supplies & pharmaceuticals items,Ministry of Former
C-184,184,224,7341846.286067283,2024-04-08,46,0.0,Poor,Completed,2643,Murphy Find Agencies,P429097422C,2017-01-12,Jacksonmouth,Medium,410,Motor Vehicles & Spare Parts,7512620,2024-04-08,Supply and delivery of motor vehicles & spare parts items,Ministry of Worry
C-185,185,212,8800725.285008792,2023-04-27,0,8.3,Good,Completed,491,Smith Myself Ltd,P717452511P,2021-12-22,West Ruben,Small,688,Motor Vehicles & Spare Parts,8754406,2023-04-27,Supply and delivery of motor vehicles & spare parts items,Ministry of Director
C-186,186,289,5726756.586859742,2021-03-16,0,4.85,Good,Completed,-2,Wilson Describe Ltd,P869784803L,2021-03-18,Davishaven,Small,524,Motor Vehicles & Spare Parts,6148055,2021-03-16,Supply and delivery of motor vehicles & spare parts items,Ministry of Probably
C-187,187,343,306261276.6236157,2024-04-14,31,54.45,Poor,Completed,-437,Harris Former Group,P290736564Z,2025-06-25,Kellyfort,Small,563,Construction & Civil Works,294103785,2024-04-14,Supply and delivery of construction & civil works items,Ministry of Right
C-188,188,441,7937967.418658793,2022-01-26,12,4.25,Good,Completed,1695,Vaughan Think Group,P970161616F,2017-06-06,Gregoryton,Small,648,Consultancy Services,8644291,2022-01-26,Supply and delivery of consultancy services items,Ministry of Remember
C-189,189,72,4726991.741166339,2020-10-17,17,0.23,Good,Completed,1521,Wall Improve Ltd,P926561919L,2016-08-18,Port Nicoleshire,Small,752,Medical Supplies & Pharmaceuticals,4830741,2020-10-17,Supply and delivery of medical supplies & pharmaceuticals items,Ministry of See
C-190,190,422,2100766.4913042258,2023-11-25,0,0.0,Good,Completed,1180,Russell North Group,P484708210X,2020-09-01,South Kyle,Large,609,Motor Vehicles & Spare Parts,2006039,2023-11-25,Supply and delivery of motor vehicles & spare parts items,Ministry of Could
C-191,191,60,1581452.8094877803,2023-01-09,6,6.66,Good,Completed,1452,Clark Stock Enterprise,P722753913M,2019-01-18,Stevenmouth,Small,593,Consultancy Services,1555465,2023-01-09,Supply and delivery of consultancy services items,Ministry of Rule
C-192,192,241,10248440.73697153,2023-10-27,0,4.77,Fair,Completed,1851,Weber Possible Agencies,P672817675F,2018-10-02,New Shelly,Small,664,Motor Vehicles & Spare Parts,9482778,2023-10-27,Supply and delivery of motor vehicles & spare parts items,Ministry of See
C-193,193,95,320546.3792720226,2020-09-09,36,5.35,Poor,Completed,558,Newton Sound Enterprise,P841057474L,2019-03-01,East Joanna,Large,415,Consultancy Services,311830,2020-09-09,Supply and delivery of consultancy services items,Ministry of He
C-194,194,275,6424400.796440756,2023-05-16,3,0.0,Good,Completed,1841,Rodgers To Limited,P140048684L,2018-05-01,Khanburgh,Small,620,Cleaning & Sanitary Services,6087029,2023-05-16,Supply and delivery of cleaning & sanitary services items,Ministry of Pass
C-195,195,177,6227314.207653658,2023-06-04,70,0.0,Good,Completed,2543,Foster Place Enterprise,P158821683A,2016-06-17,West Sierra,Small,489,Medical Supplies & Pharmaceuticals,6616616,2023-06-04,Supply and delivery of medical supplies & pharmaceuticals items,Ministry of Region
C-196,196,391,41183159.45681564,2024-04-04,22,3.97,Good,Completed,2983,Santos Less Group,P477084942U,2016-02-03,Lake Kaitlin,Medium,499,ICT Equipment & Software,38810408,2024-04-04,Supply and delivery of ict equipment & software items,Ministry of Represent
C-197,197,231,6527761.456073685,2024-06-26,0,8.8,Good,Completed,2140,Green Like Ventures,P330393232N,2018-08-17,Heatherfort,Small,833,Motor Vehicles & Spare Parts,6997673,2024-06-26,Supply and delivery of motor vehicles & spare parts items,Ministry of Thought
C-198,198,120,6474500.229747982,2023-03-15,0,3.15,Good,Completed,1110,Olson Marriage Agencies,P361704064D,2020-02-29,South James,Small,787,ICT Equipment & Software,6502296,2023-03-15,Supply and delivery of ict equipment & software items,Ministry of Understand
C-199,199,367,6975126.618894565,2025-01-30,1,0.0,Good,Completed,1544,Lee If Group,P702994164G,2020-11-08,Ortizfort,Small,586,Consultancy Services,6910183,2025-01-30,Supply and delivery of consultancy services items,Ministry of System
C-200,200,40,495139626.7871779,2020-01-28,121,25.69,Poor,Terminated,-2153,Jones Different Enterprise,P643189555Q,2025-12-20,West Nicole,Small,540,Construction & Civil Works,485480409,2020-01-28,Supply and delivery of construction & civil works items,Ministry of Both
C-201,201,304,5361163.817138038,2020-02-25,18,1.13,Fair,Completed,-1030,Russell First Limited,P504221050L,2022-12-21,Allenbury,Small,368,Office Stationery & Supplies,5594339,2020-02-25,Supply and delivery of office stationery & supplies items,Ministry of Check
C-202,202,286,46837642.88750686,2020-04-26,16,6.94,Fair,Completed,55,Dunn Market Ltd,P913198930I,2020-03-02,Port John,Medium,594,ICT Equipment & Software,43940658,2020-04-26,Supply and delivery of ict equipment & software items,Ministry of Arrive
C-203,203,226,8675985.734651826,2021-03-13,0,0.0,Good,Completed,1621,Walsh Himself Enterprise,P650921917Z,2016-10-04,North Douglas,Small,819,Medical Supplies & Pharmaceuticals,8102619,2021-03-13,Supply and delivery of medical supplies & pharmaceuticals items,Ministry of Social
C-204,204,261,3803898.2408581185,2024-09-17,6,4.33,Good,Completed,1069,Griffith Past Group,P615877957K,2021-10-14,Hernandezbury,Large,522,Motor Vehicles & Spare Parts,4121080,2024-09-17,Supply and delivery of motor vehicles & spare parts items,Ministry of Few
C-205,205,338,4647112.957101279,2024-02-06,11,3.39,Good,Completed,1539,Miller Wear Enterprise,P700797791P,2019-11-20,Lake Oscar,Medium,679,ICT Equipment & Software,4928690,2024-02-06,Supply and delivery of ict equipment & software items,Ministry of Child
C-206,206,322,5501072.224581922,2025-01-13,11,3.41,Good,Completed,3009,Chung Machine Limited,P706666479P,2016-10-18,West Gabriella,Small,646,Medical Supplies & Pharmaceuticals,5539433,2025-01-13,Supply and delivery of medical supplies & pharmaceuticals items,Ministry of Rock
C-207,207,454,193993652.8923356,2024-09-14,130,39.79,Poor,Completed,257,Johnson Again Limited,P442219677Q,2024-01-01,North Matthewfurt,Medium,664,Construction & Civil Works,215216374,2024-09-14,Supply and delivery of construction & civil works items,Ministry of Democrat
C-208,208,379,4154681.643620068,2024-07-09,0,9.64,Good,Completed,1458,Schultz Up Enterprise,P925583165F,2020-07-12,Robertsonview,Medium,806,ICT Equipment & Software,4196176,2024-07-09,Supply and delivery of ict equipment & software items,Ministry of Alone
C-209,209,461,8724615.809072327,2022-02-24,0,0.0,Good,Completed,457,Guerrero Benefit Ltd,P789198776I,2020-11-24,Lopezfurt,Medium,700,Office Stationery & Supplies,8999691,2022-02-24,Supply and delivery of office stationery & supplies items,Ministry of Local
C-210,210,90,17771645.176612485,2020-08-12,19,1.99,Fair,Completed,386,Green Far Enterprise,P740116562S,2019-07-23,Angelahaven,Medium,811,ICT Equipment & Software,18289600,2020-08-12,Supply and delivery of ict equipment & software items,Ministry of Trip
C-211,211,71,911396.1117514339,2024-01-20,44,0.11,Poor,Completed,404,Mccarthy Attack Limited,P545461013A,2022-12-12,Amychester,Large,301,Motor Vehicles & Spare Parts,966964,2024-01-20,Supply and delivery of motor vehicles & spare parts items,Ministry of Or
C-212,212,474,244877735.58684227,2025-03-09,6,1.58,Good,Completed,830,Williams May Enterprise,P388390253X,2022-11-30,West Lisaport,Medium,681,Construction & Civil Works,234548693,2025-03-09,Supply and delivery of construction & civil works items,Ministry of Situation
C-213,213,82,6230570.930914748,2023-11-18,12,7.99,Fair,Completed,662,Stuart Serious Ventures,P222978730X,2022-01-25,West Daniel,Small,691,Consultancy Services,5883182,2023-11-18,Supply and delivery of consultancy services items,Ministry of Improve
C-214,214,200,7738567.489467589,2021-06-04,2,13.0,Good,Completed,-203,Moore Course Ltd,P992649957S,2021-12-24,Lake Samuel,Large,760,Office Stationery & Supplies,7080571,2021-06-04,Supply and delivery of office stationery & supplies items,Ministry of Still
C-215,215,324,5300094.640640656,2024-10-11,27,1.84,Good,Completed,1184,Brown Act Agencies,P854674236K,2021-07-15,South Meganmouth,Small,479,Motor Vehicles & Spare Parts,5434538,2024-10-11,Supply and delivery of motor vehicles & spare parts items,Ministry of Safe
C-216,216,234,32637867.391323905,2021-09-22,14,11.23,Fair,Completed,-811,Hicks Campaign Ltd,P315801027Y,2023-12-12,East Kristy,Small,372,ICT Equipment & Software,30065896,2021-09-22,Supply and delivery of ict equipment & software items,Ministry of Red
C-217,217,385,3017794.3397815214,2020-04-12,32,10.61,Good,Completed,-1662,Turner Two Limited,P394226159F,2024-10-30,Johnstad,Medium,471,Cleaning & Sanitary Services,3219612,2020-04-12,Supply and delivery of cleaning & sanitary services items,Ministry of I
C-218,218,376,74321355.24326612,2022-04-29,41,46.75,Poor,Terminated,-1292,Shelton Beyond Agencies,P245587477W,2025-11-11,Sellersview,Small,705,Construction & Civil Works,77045464,2022-04-29,Supply and delivery of construction & civil works items,Ministry of Story
C-219,219,268,35211914.67257756,2025-11-08,12,3.3,Good,Completed,186,Pope Eye Ventures,P409011489H,2025-05-06,Huangfurt,Small,524,ICT Equipment & Software,38790751,2025-11-08,Supply and delivery of ict equipment & software items,Ministry of Form
C-220,220,309,380603.7622129786,2025-10-17,3,3.24,Good,Completed,2801,Lee Site Ltd,P225967304V,2018-02-15,Rochaborough,Small,759,Office Stationery & Supplies,357681,2025-10-17,Supply and delivery of office stationery & supplies items,Ministry of Arm
C-221,221,112,5219120.295862389,2020-01-29,67,2.91,Good,Completed,-2155,Graham Teach Group,P627986559F,2025-12-23,Baileymouth,Small,304,Office Stationery & Supplies,5729481,2020-01-29,Supply and delivery of office stationery & supplies items,Ministry of Enter
C-222,222,132,2062365.9626886742,2021-03-20,0,5.93,Good,Completed,1010,Jenkins Rest Limited,P950961305L,2018-06-14,East Christian,Small,741,Cleaning & Sanitary Services,2154780,2021-03-20,Supply and delivery of cleaning & sanitary services items,Ministry of Trouble
C-223,223,347,7655894.001744412,2024-09-07,59,0.0,Good,Completed,856,Allen Reason Group,P265510032T,2022-05-05,Mccormickland,Small,306,Motor Vehicles & Spare Parts,8091208,2024-09-07,Supply and delivery of motor vehicles & spare parts items,Ministry of Truth
C-224,224,52,80201544.31539711,2022-08-28,1,0.0,Good,Completed,1151,Hoover Try Ltd,P344378798O,2019-07-04,Lake Jamesmouth,Small,796,Construction & Civil Works,72951050,2022-08-28,Supply and delivery of construction & civil works items,Ministry of Down
C-225,225,316,5638534.794426448,2025-06-20,47,8.26,Good,Completed,1672,Stark Occur Limited,P789137659D,2020-11-21,Port Melanieton,Medium,481,Motor Vehicles & Spare Parts,5452727,2025-06-20,Supply and delivery of motor vehicles & spare parts items,Ministry of Sea
C-226,226,317,9135024.956536837,2024-04-03,1,0.0,Good,Completed,220,Gutierrez Thousand Ltd,P777210736O,2023-08-27,Lake Edwardborough,Small,670,Medical Supplies & Pharmaceuticals,9981901,2024-04-03,Supply and delivery of medical supplies & pharmaceuticals items,Ministry of Hold
C-227,227,165,6920077.528732854,2024-07-12,47,2.9,Good,Completed,1745,Hernandez Wind Agencies,P609241268E,2019-10-02,Port Christopherchester,Small,467,Office Stationery & Supplies,7216355,2024-07-12,Supply and delivery of office stationery & supplies items,Ministry of Office
C-228,228,61,41386479.38160711,2024-06-05,63,4.18,Fair,Completed,607,Dixon Student Group,P954725078V,2022-10-07,Lake Christopher,Medium,497,ICT Equipment & Software,39593349,2024-06-05,Supply and delivery of ict equipment & software items,Ministry of Debate
C-229,229,381,34305734.2968837,2024-08-27,51,13.86,Good,Completed,488,Ellis Red Limited,P848708337W,2023-04-27,Port Amandaborough,Small,372,ICT Equipment & Software,37160390,2024-08-27,Supply and delivery of ict equipment & software items,Ministry of Daughter
C-230,230,30,5695028.2013398865,2021-10-06,14,4.88,Fair,Completed,1194,Lee List Enterprise,P250519597B,2018-06-30,West Steven,Small,691,Consultancy Services,5659277,2021-10-06,Supply and delivery of consultancy services items,Ministry of Cost
C-231,231,257,3407613.8812926775,2025-11-24,1,0.36,Fair,Completed,2146,Williams American Ltd,P247141682T,2020-01-09,Lindahaven,Small,576,Medical Supplies & Pharmaceuticals,3358084,2025-11-24,Supply and delivery of medical supplies & pharmaceuticals items,Ministry of Bad
C-232,232,364,432088191.3095098,2021-02-13,55,14.61,Good,Completed,752,White Rule Ventures,P251782582G,2019-01-23,Barnesberg,Small,333,Construction & Civil Works,416246243,2021-02-13,Supply and delivery of construction & civil works items,Ministry of Consumer
C-233,233,434,532762.9983823257,2024-05-29,7,8.45,Fair,Completed,1148,Mccoy Suffer Ltd,P683746914Y,2021-04-07,South Kimberlystad,Small,840,Office Stationery & Supplies,503322,2024-05-29,Supply and delivery of office stationery & supplies items,Ministry of Call
C-234,234,411,4397495.40102979,2022-04-06,0,7.05,Fair,Completed,923,Shaw Week Agencies,P156556289L,2019-09-26,Port Zachary,Small,571,Cleaning & Sanitary Services,4410796,2022-04-06,Supply and delivery of cleaning & sanitary services items,Ministry of Later
C-235,235,253,368713634.96420825,2021-09-03,29,7.76,Good,Completed,495,Khan Short Ventures,P492750748W,2020-04-26,Diazfurt,Small,724,Construction & Civil Works,356599419,2021-09-03,Supply and delivery of construction & civil works items,Ministry of Everything
C-236,236,433,15383277.564415693,2020-10-11,5,2.66,Good,Completed,-7,Miller Identify Ventures,P247356051A,2020-10-18,Lake Nicole,Small,566,ICT Equipment & Software,15452964,2020-10-11,Supply and delivery of ict equipment & software items,Ministry of Pattern
C-237,237,199,4414426.791638404,2025-01-27,0,0.33,Good,Completed,2745,Phillips Story Ltd,P208599066G,2017-07-23,Lake Matthewberg,Small,581,Medical Supplies & Pharmaceuticals,4177716,2025-01-27,Supply and delivery of medical supplies & pharmaceuticals items,Ministry of Accept
C-238,238,273,1937605.787132565,2021-12-25,31,7.0,Good,Completed,1815,Townsend Accept Ltd,P690936560K,2017-01-05,Delgadofort,Small,309,Cleaning & Sanitary Services,2008802,2021-12-25,Supply and delivery of cleaning & sanitary services items,Ministry of Security
C-239,239,307,1748460.3889447972,2025-08-16,0,5.86,Good,Completed,1556,Calderon Approach Agencies,P388258432Y,2021-05-13,Port Charlesshire,Medium,517,Cleaning & Sanitary Services,1648075,2025-08-16,Supply and delivery of cleaning & sanitary services items,Ministry of Among
C-240,240,196,4635651.2083701175,2020-12-02,0,8.5,Good,Completed,-1554,Collins Reality Limited,P849987147Q,2025-03-05,Andersonland,Large,541,Consultancy Services,4268962,2020-12-02,Supply and delivery of consultancy services items,Ministry of Future
C-241,241,320,6679613.447785158,2023-07-31,12,9.39,Good,Completed,2703,Li Represent Group,P562324458Z,2016-03-06,North Samantha,Medium,543,Cleaning & Sanitary Services,6620645,2023-07-31,Supply and delivery of cleaning & sanitary services items,Ministry of Staff
C-242,242,145,45079194.337447,2025-08-04,0,13.1,Good,Completed,2164,Gibbs Address Ltd,P383960237I,2019-09-01,South Miguelview,Medium,693,ICT Equipment & Software,42437622,2025-08-04,Supply and delivery of ict equipment & software items,Ministry of Power
C-243,243,342,6945937.418433688,2025-01-21,6,6.07,Fair,Completed,1697,Jordan Than Group,P799045497M,2020-05-30,West Malik,Small,538,Medical Supplies & Pharmaceuticals,7328161,2025-01-21,Supply and delivery of medical supplies & pharmaceuticals items,Ministry of Fish
C-244,244,180,908314.4603752696,2022-12-10,23,14.03,Good,Completed,939,Stevens Bank Agencies,P436146289K,2020-05-15,Berrychester,Medium,472,Cleaning & Sanitary Services,880641,2022-12-10,Supply and delivery of cleaning & sanitary services items,Ministry of Page
C-245,245,14,1581200.8177071908,2023-04-20,0,16.44,Fair,Completed,1704,Richards Water Ltd,P726563708Z,2018-08-20,Jeffreyberg,Large,541,Motor Vehicles & Spare Parts,1654205,2023-04-20,Supply and delivery of motor vehicles & spare parts items,Ministry of Baby
C-246,246,218,7164355.874826588,2024-09-13,7,2.34,Good,Completed,868,Cain At Ltd,P868847524X,2022-04-29,Johnsonborough,Small,634,Medical Supplies & Pharmaceuticals,6751143,2024-09-13,Supply and delivery of medical supplies & pharmaceuticals items,Ministry of Friend
C-247,247,453,2570539.53950465,2023-02-25,41,11.59,Good,Completed,2239,Mendoza Treat Enterprise,P720682356P,2017-01-08,East Shannon,Large,316,Cleaning & Sanitary Services,2651331,2023-02-25,Supply and delivery of cleaning & sanitary services items,Ministry of Create
C-248,248,363,9829161.16880268,2023-02-14,48,7.78,Good,Completed,-326,Sellers Performance Agencies,P191001735R,2024-01-06,West David,Large,341,Consultancy Services,9323644,2023-02-14,Supply and delivery of consultancy services items,Ministry of Stop
C-249,249,274,4294868.768794621,2023-01-11,46,0.0,Good,Completed,820,Gonzalez Field Group,P444851196S,2020-10-13,Port Christophershire,Small,471,Motor Vehicles & Spare Parts,4101070,2023-01-11,Supply and delivery of motor vehicles & spare parts items,Ministry of Just
C-250,250,223,191301715.81902108,2023-04-04,7,1.95,Fair,Completed,1673,Miller Language Agencies,P184747224B,2018-09-04,New Kelly,Small,504,Construction & Civil Works,200326262,2023-04-04,Supply and delivery of construction & civil works items,Ministry of International
C-251,251,331,13396307.731768861,2020-07-20,0,2.43,Poor,Completed,811,Jones Point Agencies,P925713533N,2018-05-01,Novakmouth,Medium,617,ICT Equipment & Software,13069021,2020-07-20,Supply and delivery of ict equipment & software items,Ministry of Do
C-252,252,15,4726435.420283898,2025-04-19,4,3.7,Good,Completed,1532,Davis Anyone Limited,P217734861J,2021-02-07,Port Erin,Small,639,Cleaning & Sanitary Services,5048600,2025-04-19,Supply and delivery of cleaning & sanitary services items,Ministry of Record
C-253,253,70,9914798.223041879,2021-12-28,67,2.98,Good,Completed,1329,Rogers Walk Enterprise,P679984033F,2018-05-09,East Jesse,Small,443,Motor Vehicles & Spare Parts,9794095,2021-12-28,Supply and delivery of motor vehicles & spare parts items,Ministry of Herself
C-254,254,499,416521.66694841476,2021-10-05,27,0.67,Good,Completed,21,Knox Lot Limited,P253785761U,2021-09-14,Port Christopher,Small,493,Medical Supplies & Pharmaceuticals,408623,2021-10-05,Supply and delivery of medical supplies & pharmaceuticals items,Ministry of Soldier
C-255,255,44,3591222.564155463,2023-09-16,66,7.31,Fair,Completed,301,Farrell Mouth Agencies,P624557080Q,2022-11-19,North Cynthiaview,Medium,327,Medical Supplies & Pharmaceuticals,3396903,2023-09-16,Supply and delivery of medical supplies & pharmaceuticals items,Ministry of May
C-256,256,159,9506941.622707399,2025-12-23,58,0.0,Good,Completed,985,Kerr Reason Ventures,P659903980T,2023-04-13,Schneidertown,Large,443,Medical Supplies & Pharmaceuticals,9679010,2025-12-23,Supply and delivery of medical supplies & pharmaceuticals items,Ministry of Than
C-257,257,303,1338207.0848794044,2024-07-05,0,2.74,Poor,Completed,819,Simmons Mission Enterprise,P150341410W,2022-04-08,Floydmouth,Medium,591,Cleaning & Sanitary Services,1247116,2024-07-05,Supply and delivery of cleaning & sanitary services items,Ministry of Range
C-258,258,322,3721611.844267421,2020-01-20,0,5.58,Good,Completed,1189,Chung Machine Limited,P706666479P,2016-10-18,West Gabriella,Small,646,Motor Vehicles & Spare Parts,3872763,2020-01-20,Supply and delivery of motor vehicles & spare parts items,Ministry of Relate
C-259,259,126,432927.8974979819,2022-01-28,27,7.33,Fair,Completed,407,Johnson Morning Agencies,P733701411V,2020-12-17,Port Meganville,Small,346,Office Stationery & Supplies,410375,2022-01-28,Supply and delivery of office stationery & supplies items,Ministry of Effect
C-260,260,499,1431663.0810454884,2025-06-04,19,2.25,Good,Completed,1359,Knox Lot Limited,P253785761U,2021-09-14,Port Christopher,Small,493,Cleaning & Sanitary Services,1371300,2025-06-04,Supply and delivery of cleaning & sanitary services items,Ministry of Positive
C-261,261,222,5109011.067523682,2025-07-05,0,12.43,Good,Completed,202,Hughes Culture Ventures,P632794158S,2024-12-15,Richardsonhaven,Small,845,Medical Supplies & Pharmaceuticals,5338631,2025-07-05,Supply and delivery of medical supplies & pharmaceuticals items,Ministry of Either
C-262,262,325,6414248.865845076,2025-10-01,18,1.37,Good,Completed,1491,Hodge Beyond Agencies,P667106600C,2021-09-01,East Rachel,Small,460,Medical Supplies & Pharmaceuticals,6410208,2025-10-01,Supply and delivery of medical supplies & pharmaceuticals items,Ministry of Rest
C-263,263,47,219843774.23577484,2025-04-24,3,0.72,Poor,Completed,2050,Tran Law Agencies,P236843584C,2019-09-13,Michaelton,Small,676,Construction & Civil Works,204967005,2025-04-24,Supply and delivery of construction & civil works items,Ministry of I
C-264,264,155,5489734.8594760075,2025-06-29,8,0.67,Fair,Completed,288,Murphy Choose Ventures,P946799779M,2024-09-14,West Micheleberg,Large,683,Consultancy Services,5959046,2025-06-29,Supply and delivery of consultancy services items,Ministry of You
C-265,265,200,497953889.743107,2020-09-05,109,45.45,Poor,Completed,-475,Moore Course Ltd,P992649957S,2021-12-24,Lake Samuel,Large,760,Construction & Civil Works,470945588,2020-09-05,Supply and delivery of construction & civil works items,Ministry of Establish
C-266,266,219,3278303.3825700637,2023-03-29,32,7.11,Fair,Completed,2481,Gonzalez Analysis Ventures,P438868427T,2016-06-12,Haysside,Small,405,Medical Supplies & Pharmaceuticals,3441861,2023-03-29,Supply and delivery of medical supplies & pharmaceuticals items,Ministry of Fear
C-267,267,312,7252317.043964285,2020-02-24,15,14.56,Good,Completed,-1270,Flores Democrat Limited,P498041381U,2023-08-17,Williamsbury,Medium,677,Medical Supplies & Pharmaceuticals,7459201,2020-02-24,Supply and delivery of medical supplies & pharmaceuticals items,Ministry of Nation
C-268,268,16,4042217.7905731825,2024-12-06,10,7.16,Good,Completed,1081,Cruz Pick Ventures,P602564736H,2021-12-21,Tashatown,Small,754,Consultancy Services,4412717,2024-12-06,Supply and delivery of consultancy services items,Ministry of House
C-269,269,129,3431876.334330442,2023-01-31,0,18.71,Good,Completed,1196,Stewart Serious Group,P915401487F,2019-10-23,New Caseyport,Small,588,Medical Supplies & Pharmaceuticals,3513654,2023-01-31,Supply and delivery of medical supplies & pharmaceuticals items,Ministry of Movie
C-270,270,270,3603646.2821672354,2022-09-03,0,7.98,Good,Completed,1169,Ramos Establish Limited,P902448600E,2019-06-22,East Maria,Medium,849,ICT Equipment & Software,3770209,2022-09-03,Supply and delivery of ict equipment & software items,Ministry of Animal
C-271,271,330,408973276.30473256,2021-10-11,138,46.96,Poor,Terminated,-780,Norris Bar Ltd,P637722224V,2023-11-30,Brianchester,Small,440,Construction & Civil Works,381422740,2021-10-11,Supply and delivery of construction & civil works items,Ministry of Reach
C-272,272,272,22173155.66796946,2021-02-25,35,0.0,Fair,Completed,-1427,Perez Early Ventures,P156361897G,2025-01-22,Riverafort,Small,558,ICT Equipment & Software,20601880,2021-02-25,Supply and delivery of ict equipment & software items,Ministry of My
C-273,273,473,48885959.9889423,2020-06-29,0,6.86,Good,Completed,1502,Hill Charge Agencies,P763834967M,2016-05-19,Williamsmouth,Small,758,Construction & Civil Works,46765312,2020-06-29,Supply and delivery of construction & civil works items,Ministry of Big
C-274,274,140,4603278.437683337,2021-01-01,65,9.47,Good,Completed,-936,Saunders Responsibility Limited,P246865585O,2023-07-26,Lake Debbieport,Small,334,Office Stationery & Supplies,4684258,2021-01-01,Supply and delivery of office stationery & supplies items,Ministry of Spring
C-275,275,402,8870301.090782722,2023-03-24,21,11.37,Good,Completed,1503,Kim Throughout Group,P356234948D,2019-02-10,North Sandy,Small,470,Medical Supplies & Pharmaceuticals,8217654,2023-03-24,Supply and delivery of medical supplies & pharmaceuticals items,Ministry of Account
C-276,276,209,30951358.511622366,2023-10-05,60,9.84,Good,Completed,2692,Lowery Marriage Ventures,P847401602I,2016-05-22,Westtown,Small,453,ICT Equipment & Software,29896163,2023-10-05,Supply and delivery of ict equipment & software items,Ministry of Develop
C-277,277,364,719015.7853391737,2024-01-08,39,0.0,Fair,Completed,1811,White Rule Ventures,P251782582G,2019-01-23,Barnesberg,Small,333,ICT Equipment & Software,733782,2024-01-08,Supply and delivery of ict equipment & software items,Ministry of Staff
C-278,278,407,6188542.256677871,2021-04-12,12,8.14,Good,Completed,1723,Villarreal Compare Enterprise,P494801749K,2016-07-24,Kerrishire,Medium,713,Cleaning & Sanitary Services,6212674,2021-04-12,Supply and delivery of cleaning & sanitary services items,Ministry of Reveal
C-279,279,175,3742868.0407282757,2022-07-18,4,0.0,Good,Completed,-31,Tucker Letter Agencies,P544726404R,2022-08-18,Port William,Small,775,Cleaning & Sanitary Services,3835466,2022-07-18,Supply and delivery of cleaning & sanitary services items,Ministry of Body
C-280,280,6,779281.6158532166,2021-03-26,20,2.28,Good,Completed,-1040,Blair Not Ventures,P234031070Y,2024-01-30,New Kellystad,Large,685,Motor Vehicles & Spare Parts,826331,2021-03-26,Supply and delivery of motor vehicles & spare parts items,Ministry of Them
C-281,281,306,1899868.0170591376,2024-03-19,0,4.77,Good,Completed,1061,Price Especially Agencies,P318331154V,2021-04-23,South Melanieland,Small,645,Consultancy Services,1894291,2024-03-19,Supply and delivery of consultancy services items,Ministry of Site
C-282,282,170,5823536.787888942,2024-08-25,58,2.15,Good,Completed,208,Bruce Speak Ltd,P978779150N,2024-01-30,New Sarahview,Small,369,ICT Equipment & Software,5452075,2024-08-25,Supply and delivery of ict equipment & software items,Ministry of Radio
C-283,283,478,3061733.611983353,2024-11-24,0,0.0,Good,Completed,248,Robertson Cold Limited,P170455681T,2024-03-21,Taylorhaven,Small,823,Motor Vehicles & Spare Parts,2978117,2024-11-24,Supply and delivery of motor vehicles & spare parts items,Ministry of Away
C-284,284,248,12716374.958615327,2024-06-24,0,8.79,Fair,Completed,1929,Owens Example Agencies,P582750043P,2019-03-14,North Brent,Small,836,ICT Equipment & Software,13170380,2024-06-24,Supply and delivery of ict equipment & software items,Ministry of Class
C-285,285,35,4941539.92054334,2020-02-22,0,2.67,Poor,Completed,715,Brown Simply Ventures,P682177668D,2018-03-09,Brianshire,Medium,846,Office Stationery & Supplies,5387913,2020-02-22,Supply and delivery of office stationery & supplies items,Ministry of Series
C-286,286,167,5716970.141255262,2021-12-27,2,4.62,Good,Completed,980,Martinez Health Group,P814403943W,2019-04-22,Parrishton,Small,721,Cleaning & Sanitary Services,5416741,2021-12-27,Supply and delivery of cleaning & sanitary services items,Ministry of Begin
C-287,287,252,4378851.9862591205,2020-06-09,0,6.99,Good,Completed,-189,Khan Ready Agencies,P822113500E,2020-12-15,Amandaville,Small,668,Office Stationery & Supplies,4257263,2020-06-09,Supply and delivery of office stationery & supplies items,Ministry of Could
C-288,288,225,10208230.988998435,2024-10-06,55,7.11,Good,Completed,1914,Williams True Ltd,P478557676N,2019-07-11,Hillton,Small,394,Motor Vehicles & Spare Parts,9615406,2024-10-06,Supply and delivery of motor vehicles & spare parts items,Ministry of Open
C-289,289,287,7819642.237475073,2020-06-03,0,0.0,Fair,Completed,-1145,Marks Beat Agencies,P664258474C,2023-07-23,Christianshire,Medium,721,Consultancy Services,7184609,2020-06-03,Supply and delivery of consultancy services items,Ministry of Term
C-290,290,405,4348975.729160242,2021-05-13,0,13.74,Good,Completed,-782,Marks Significant Limited,P226762436X,2023-07-04,West Lindsayview,Small,792,Office Stationery & Supplies,4215362,2021-05-13,Supply and delivery of office stationery & supplies items,Ministry of Evening
C-291,291,10,18104670.32264903,2022-06-12,52,0.0,Good,Completed,1755,Gray Wish Ventures,P787194506S,2017-08-22,Lake Mark,Small,489,ICT Equipment & Software,18529773,2022-06-12,Supply and delivery of ict equipment & software items,Ministry of Little
C-292,292,316,1667044.7231363158,2023-10-12,66,4.62,Good,Completed,1055,Stark Occur Limited,P789137659D,2020-11-21,Port Melanieton,Medium,481,Medical Supplies & Pharmaceuticals,1590687,2023-10-12,Supply and delivery of medical supplies & pharmaceuticals items,Ministry of Lead
C-293,293,472,43393560.26697645,2021-11-24,53,0.91,Good,Completed,-1064,Humphrey Everything Enterprise,P511289794P,2024-10-23,Armstrongfort,Small,429,ICT Equipment & Software,43366200,2021-11-24,Supply and delivery of ict equipment & software items,Ministry of Improve
C-294,294,281,32578194.13184704,2024-01-15,9,10.75,Good,Completed,1736,Morales Beyond Ltd,P298407302I,2019-04-15,Morrisbury,Medium,648,ICT Equipment & Software,32818232,2024-01-15,Supply and delivery of ict equipment & software items,Ministry of Nor
C-295,295,85,5524510.488226105,2020-01-13,45,2.53,Good,Completed,202,Patterson Hospital Agencies,P174041730G,2019-06-25,Alexanderchester,Small,337,Consultancy Services,5372864,2020-01-13,Supply and delivery of consultancy services items,Ministry of Service
C-296,296,185,3927105.383265083,2023-09-16,8,11.26,Good,Completed,1949,Thomas Decade Ltd,P286293158M,2018-05-16,Port Katherine,Medium,714,Medical Supplies & Pharmaceuticals,3974910,2023-09-16,Supply and delivery of medical supplies & pharmaceuticals items,Ministry of Something
C-297,297,472,3164677.2701103347,2024-06-22,37,2.04,Good,Completed,-123,Humphrey Everything Enterprise,P511289794P,2024-10-23,Armstrongfort,Small,429,Cleaning & Sanitary Services,3468045,2024-06-22,Supply and delivery of cleaning & sanitary services items,Ministry of Answer
C-298,298,50,5342163.141304994,2024-03-15,11,0.0,Good,Completed,303,Cook Word Group,P542073642Z,2023-05-17,West Erik,Medium,533,Cleaning & Sanitary Services,5285773,2024-03-15,Supply and delivery of cleaning & sanitary services items,Ministry of Baby
C-299,299,481,4778864.3152918,2022-02-22,0,5.66,Good,Completed,-247,Allen Middle Ltd,P737849448C,2022-10-27,Port Thomas,Medium,608,Consultancy Services,4932691,2022-02-22,Supply and delivery of consultancy services items,Ministry of Morning
C-300,300,203,1106276.1412715681,2020-08-20,0,9.28,Good,Completed,-393,Alexander Specific Ventures,P402550088X,2021-09-17,Shawchester,Medium,736,Office Stationery & Supplies,1068616,2020-08-20,Supply and delivery of office stationery & supplies items,Ministry of Stop
C-301,301,51,8297639.8703025095,2024-02-11,4,0.0,Good,Completed,399,Reyes American Ventures,P605399561O,2023-01-08,Port Samantha,Small,673,Cleaning & Sanitary Services,8014520,2024-02-11,Supply and delivery of cleaning & sanitary services items,Ministry of Policy
C-302,302,61,1533545.5443056668,2020-07-08,44,5.63,Good,Completed,-821,Dixon Student Group,P954725078V,2022-10-07,Lake Christopher,Medium,497,Consultancy Services,1590036,2020-07-08,Supply and delivery of consultancy services items,Ministry of Southern
C-303,303,65,27183554.708936762,2025-07-23,69,0.0,Good,Completed,228,Dalton Value Limited,P214447237X,2024-12-07,Robinsonhaven,Small,446,ICT Equipment & Software,24862375,2025-07-23,Supply and delivery of ict equipment & software items,Ministry of I
C-304,304,314,9772221.868057089,2022-05-15,6,11.68,Fair,Completed,1119,James These Agencies,P363850592F,2019-04-22,Jonathanfort,Large,706,Consultancy Services,9554531,2022-05-15,Supply and delivery of consultancy services items,Ministry of Recent
C-305,305,81,471245181.4871889,2020-03-08,160,29.47,Poor,Completed,-920,Elliott Discover Ventures,P599326438S,2022-09-14,Katieburgh,Small,576,Construction & Civil Works,466929550,2020-03-08,Supply and delivery of construction & civil works items,Ministry of Close
C-306,306,304,7306287.873762757,2023-03-14,21,6.58,Fair,Completed,83,Russell First Limited,P504221050L,2022-12-21,Allenbury,Small,368,Medical Supplies & Pharmaceuticals,8004428,2023-03-14,Supply and delivery of medical supplies & pharmaceuticals items,Ministry of Century
C-307,307,266,4695795.499724773,2024-06-24,0,10.13,Good,Completed,866,Lee Employee Limited,P399580835J,2022-02-09,Jeffreyport,Small,599,Medical Supplies & Pharmaceuticals,4302271,2024-06-24,Supply and delivery of medical supplies & pharmaceuticals items,Ministry of Style
C-308,308,459,9417098.300313963,2024-10-13,0,4.42,Good,Completed,1643,Phillips Recently Ventures,P771186296M,2020-04-14,Gonzaleztown,Small,783,Medical Supplies & Pharmaceuticals,9701869,2024-10-13,Supply and delivery of medical supplies & pharmaceuticals items,Ministry of Offer
C-309,309,456,8510085.404920988,2021-10-08,0,0.0,Good,Completed,-1338,Martin Voice Agencies,P566219118K,2025-06-07,North Markborough,Small,532,Medical Supplies & Pharmaceuticals,8740145,2021-10-08,Supply and delivery of medical supplies & pharmaceuticals items,Ministry of Protect
C-310,310,491,869786.5881597786,2020-11-11,0,7.82,Fair,Completed,-861,Rios Find Agencies,P378556835A,2023-03-22,Priceton,Small,600,Consultancy Services,941531,2020-11-11,Supply and delivery of consultancy services items,Ministry of Research
C-311,311,237,878587.7683569884,2025-04-27,4,16.54,Fair,Completed,3132,Compton Quality Enterprise,P179634081C,2016-09-29,Frazierstad,Large,636,Motor Vehicles & Spare Parts,964645,2025-04-27,Supply and delivery of motor vehicles & spare parts items,Ministry of Stuff
C-312,312,9,9571358.613703696,2025-03-14,3,5.97,Good,Completed,909,Miles Result Enterprise,P795822698E,2022-09-17,New Jessica,Small,775,Consultancy Services,8959690,2025-03-14,Supply and delivery of consultancy services items,Ministry of Raise
C-313,313,84,3920270.5256271386,2022-03-28,1,9.72,Poor,Completed,-759,Sanchez Same Ventures,P929445037T,2024-04-25,Port Tonyaton,Small,769,Cleaning & Sanitary Services,4354849,2022-03-28,Supply and delivery of cleaning & sanitary services items,Ministry of Activity
C-314,314,451,6284103.171533032,2023-04-27,0,4.65,Good,Completed,1905,Steele Hard Ventures,P375584366Y,2018-02-07,Lake Aaronfurt,Small,823,Medical Supplies & Pharmaceuticals,6615350,2023-04-27,Supply and delivery of medical supplies & pharmaceuticals items,Ministry of One
C-315,315,317,7637757.531777946,2020-11-05,1,14.02,Good,Completed,-1025,Gutierrez Thousand Ltd,P777210736O,2023-08-27,Lake Edwardborough,Small,670,Office Stationery & Supplies,8436900,2020-11-05,Supply and delivery of office stationery & supplies items,Ministry of Analysis
C-316,316,471,1734342.809804237,2020-01-12,51,4.66,Poor,Completed,928,Matthews Son Ltd,P207593219G,2017-06-28,Port Justinside,Small,456,Office Stationery & Supplies,1715777,2020-01-12,Supply and delivery of office stationery & supplies items,Ministry of Pick
C-317,317,70,41127391.04058213,2022-05-13,35,2.76,Good,Completed,1465,Rogers Walk Enterprise,P679984033F,2018-05-09,East Jesse,Small,443,ICT Equipment & Software,37567096,2022-05-13,Supply and delivery of ict equipment & software items,Ministry of Officer
C-318,318,71,1489451.2092100056,2025-09-05,49,12.04,Good,Completed,998,Mccarthy Attack Limited,P545461013A,2022-12-12,Amychester,Large,301,ICT Equipment & Software,1473181,2025-09-05,Supply and delivery of ict equipment & software items,Ministry of Focus
C-319,319,459,1609812.8874309736,2021-04-05,7,5.75,Good,Completed,356,Phillips Recently Ventures,P771186296M,2020-04-14,Gonzaleztown,Small,783,Office Stationery & Supplies,1591633,2021-04-05,Supply and delivery of office stationery & supplies items,Ministry of Site
C-320,320,435,2307842.899812448,2025-06-02,3,3.86,Good,Completed,1685,Harrington Guy Ltd,P707363258G,2020-10-21,Paulburgh,Small,631,Consultancy Services,2161774,2025-06-02,Supply and delivery of consultancy services items,Ministry of Guy
C-321,321,36,226871165.82177615,2021-04-08,67,57.01,Poor,Terminated,180,Calhoun Nice Ltd,P269042105D,2020-10-10,Port Jacobland,Small,761,Construction & Civil Works,242671382,2021-04-08,Supply and delivery of construction & civil works items,Ministry of Western
C-322,322,66,7294315.885310518,2023-11-16,11,5.48,Good,Completed,1176,Grant Whose Ventures,P230307805D,2020-08-27,Port Steven,Medium,788,Office Stationery & Supplies,7076610,2023-11-16,Supply and delivery of office stationery & supplies items,Ministry of Music
C-323,323,342,1395683.661805144,2020-11-08,0,4.69,Good,Completed,162,Jordan Than Group,P799045497M,2020-05-30,West Malik,Small,538,Consultancy Services,1350632,2020-11-08,Supply and delivery of consultancy services items,Ministry of Create
C-324,324,440,8591829.27591564,2021-04-28,46,5.26,Fair,Completed,-755,Howard Perhaps Group,P130286569T,2023-05-23,Staceyshire,Small,413,Medical Supplies & Pharmaceuticals,8626086,2021-04-28,Supply and delivery of medical supplies & pharmaceuticals items,Ministry of They
C-325,325,232,3718443.4213496023,2021-07-07,0,6.22,Good,Completed,1280,Taylor Back Group,P585377142L,2018-01-04,Osbornmouth,Small,532,Medical Supplies & Pharmaceuticals,3811584,2021-07-07,Supply and delivery of medical supplies & pharmaceuticals items,Ministry of Building
C-326,326,450,1606475.4219756944,2021-02-01,34,5.7,Good,Completed,1242,Mcclure Behavior Group,P982252644T,2017-09-08,Seanview,Medium,381,Medical Supplies & Pharmaceuticals,1719715,2021-02-01,Supply and delivery of medical supplies & pharmaceuticals items,Ministry of Successful
C-327,327,497,6326694.551349793,2023-05-27,12,0.56,Good,Completed,-749,Jones Visit Ventures,P308889819G,2025-06-14,Port Erinhaven,Small,524,Motor Vehicles & Spare Parts,6414768,2023-05-27,Supply and delivery of motor vehicles & spare parts items,Ministry of Arm
C-328,328,309,8585825.807305586,2025-02-08,0,2.99,Good,Completed,2550,Lee Site Ltd,P225967304V,2018-02-15,Rochaborough,Small,759,Consultancy Services,8424454,2025-02-08,Supply and delivery of consultancy services items,Ministry of Work
C-329,329,417,6459055.434968946,2025-12-09,15,5.69,Good,Completed,3248,Moreno Economy Ltd,P550773824F,2017-01-17,East Jenniferland,Large,698,Medical Supplies & Pharmaceuticals,6826451,2025-12-09,Supply and delivery of medical supplies & pharmaceuticals items,Ministry of Often
C-330,330,207,1599670.998368296,2022-10-07,0,8.25,Good,Completed,-931,Perry Individual Group,P639026034X,2025-04-25,South Virginia,Medium,745,Consultancy Services,1644613,2022-10-07,Supply and delivery of consultancy services items,Ministry of Often
C-331,331,175,7056882.249392004,2020-06-09,0,11.02,Good,Completed,-800,Tucker Letter Agencies,P544726404R,2022-08-18,Port William,Small,775,Motor Vehicles & Spare Parts,7234897,2020-06-09,Supply and delivery of motor vehicles & spare parts items,Ministry of Remain
C-332,332,70,2755134.2372562042,2020-05-27,33,1.05,Fair,Completed,749,Rogers Walk Enterprise,P679984033F,2018-05-09,East Jesse,Small,443,Motor Vehicles & Spare Parts,2530525,2020-05-27,Supply and delivery of motor vehicles & spare parts items,Ministry of Billion
C-333,333,435,2437459.242338734,2021-03-08,0,4.44,Good,Completed,138,Harrington Guy Ltd,P707363258G,2020-10-21,Paulburgh,Small,631,Consultancy Services,2556070,2021-03-08,Supply and delivery of consultancy services items,Ministry of Partner
C-334,334,47,391857.1236421732,2022-12-03,28,0.0,Good,Completed,1177,Tran Law Agencies,P236843584C,2019-09-13,Michaelton,Small,676,Office Stationery & Supplies,388859,2022-12-03,Supply and delivery of office stationery & supplies items,Ministry of Give
C-335,335,61,4635683.627391944,2022-02-21,47,5.62,Good,Completed,-228,Dixon Student Group,P954725078V,2022-10-07,Lake Christopher,Medium,497,Cleaning & Sanitary Services,4849766,2022-02-21,Supply and delivery of cleaning & sanitary services items,Ministry of Remain
C-336,336,150,1599786.8446938696,2023-12-07,0,0.0,Fair,Completed,-340,Pena These Group,P625432379N,2024-11-11,Crosbyview,Medium,572,Consultancy Services,1646236,2023-12-07,Supply and delivery of consultancy services items,Ministry of Black
C-337,337,134,8754418.952823846,2021-09-16,60,15.63,Fair,Completed,1155,Scott Act Limited,P963968184D,2018-07-19,Ericaburgh,Small,459,Cleaning & Sanitary Services,9082913,2021-09-16,Supply and delivery of cleaning & sanitary services items,Ministry of Available
C-338,338,143,4067227.503656476,2025-05-26,19,1.53,Good,Completed,91,Raymond Sure Limited,P416905717V,2025-02-24,Lindamouth,Medium,792,Cleaning & Sanitary Services,3859834,2025-05-26,Supply and delivery of cleaning & sanitary services items,Ministry of Friend
C-339,339,302,5146199.422418523,2022-11-30,65,1.35,Poor,Completed,-1078,Boyd Job Ventures,P422660441R,2025-11-12,New Stacyburgh,Medium,429,Consultancy Services,5577093,2022-11-30,Supply and delivery of consultancy services items,Ministry of Get
C-340,340,282,581964.0909589806,2023-09-12,7,5.51,Good,Completed,2784,Reyes Likely Enterprise,P909340042R,2016-01-28,Kevinshire,Medium,569,Motor Vehicles & Spare Parts,602420,2023-09-12,Supply and delivery of motor vehicles & spare parts items,Ministry of Follow
C-341,341,6,37152860.10346435,2024-02-28,0,2.34,Good,Completed,29,Blair Not Ventures,P234031070Y,2024-01-30,New Kellystad,Large,685,ICT Equipment & Software,39583478,2024-02-28,Supply and delivery of ict equipment & software items,Ministry of Claim
C-342,342,12,10343321.352959441,2023-05-24,40,10.11,Good,Completed,1927,Hahn Under Ltd,P870854579U,2018-02-12,Lake Victor,Small,320,ICT Equipment & Software,9926807,2023-05-24,Supply and delivery of ict equipment & software items,Ministry of His
C-343,343,243,7956407.688297314,2024-11-04,4,6.68,Fair,Completed,3061,May Part Enterprise,P384172112P,2016-06-18,Port Ashley,Medium,662,Motor Vehicles & Spare Parts,7662116,2024-11-04,Supply and delivery of motor vehicles & spare parts items,Ministry of Later
C-344,344,15,288617272.3949601,2021-01-04,163,43.76,Poor,Completed,-34,Davis Anyone Limited,P217734861J,2021-02-07,Port Erin,Small,639,Construction & Civil Works,320681804,2021-01-04,Supply and delivery of construction & civil works items,Ministry of Form
C-345,345,368,10271339.62943978,2021-06-23,0,10.04,Fair,Completed,479,Larsen Middle Agencies,P279587066F,2020-03-01,Port Kathleenport,Medium,567,Consultancy Services,9858681,2021-06-23,Supply and delivery of consultancy services items,Ministry of Do
C-346,346,309,18627553.349668074,2024-04-09,10,2.65,Good,Completed,2245,Lee Site Ltd,P225967304V,2018-02-15,Rochaborough,Small,759,ICT Equipment & Software,18963212,2024-04-09,Supply and delivery of ict equipment & software items,Ministry of Put
C-347,347,158,3216083.8686514134,2022-08-13,0,7.76,Fair,Completed,674,Strickland Must Ltd,P737444033G,2020-10-08,Gordonton,Small,768,Consultancy Services,3346417,2022-08-13,Supply and delivery of consultancy services items,Ministry of Though
C-348,348,400,1391856.9023957278,2022-02-26,0,10.39,Good,Completed,-557,Henderson Interest Enterprise,P188506190O,2023-09-06,West Christopher,Medium,572,Consultancy Services,1452144,2022-02-26,Supply and delivery of consultancy services items,Ministry of Respond
C-349,349,477,1045555.4867612154,2024-05-24,4,2.84,Good,Completed,2377,Lewis Than Enterprise,P537195843V,2017-11-20,Malonestad,Small,826,Office Stationery & Supplies,1071248,2024-05-24,Supply and delivery of office stationery & supplies items,Ministry of Understand
C-350,350,176,6476694.212369951,2022-11-17,39,0.0,Good,Completed,1249,Rodriguez Resource Group,P828519068L,2019-06-17,Roseport,Medium,300,Medical Supplies & Pharmaceuticals,6795306,2022-11-17,Supply and delivery of medical supplies & pharmaceuticals items,Ministry of Like
C-351,351,33,2842318.9303974523,2022-02-25,55,4.68,Good,Completed,-914,Barrera Community Ventures,P506919288A,2024-08-27,Bakermouth,Medium,332,Motor Vehicles & Spare Parts,2707411,2022-02-25,Supply and delivery of motor vehicles & spare parts items,Ministry of Focus
C-352,352,193,3367773.6945325034,2022-12-02,10,6.14,Good,Completed,919,Mills Cold Ventures,P490732457X,2020-05-27,Paulmouth,Small,846,Motor Vehicles & Spare Parts,3537172,2022-12-02,Supply and delivery of motor vehicles & spare parts items,Ministry of Boy
C-353,353,483,9858190.176083189,2021-01-20,21,11.94,Poor,Completed,1248,Armstrong Difficult Enterprise,P337673911P,2017-08-21,Lake Jamie,Medium,835,ICT Equipment & Software,9947933,2021-01-20,Supply and delivery of ict equipment & software items,Ministry of Policy
C-354,354,250,5933076.581588956,2020-06-28,6,0.83,Good,Completed,944,Moore Myself Ventures,P601238919F,2017-11-27,Tylerland,Small,532,Medical Supplies & Pharmaceuticals,6023361,2020-06-28,Supply and delivery of medical supplies & pharmaceuticals items,Ministry of Fast
C-355,355,228,5570045.230569106,2025-02-24,23,2.52,Good,Completed,2017,Herring Alone Enterprise,P749715626J,2019-08-18,Rushstad,Medium,392,Medical Supplies & Pharmaceuticals,5642511,2025-02-24,Supply and delivery of medical supplies & pharmaceuticals items,Ministry of Challenge
C-356,356,417,8601814.461372081,2025-05-06,3,0.09,Fair,Completed,3031,Moreno Economy Ltd,P550773824F,2017-01-17,East Jenniferland,Large,698,Medical Supplies & Pharmaceuticals,9085826,2025-05-06,Supply and delivery of medical supplies & pharmaceuticals items,Ministry of Debate
C-357,357,17,515125712.698906,2021-07-30,171,39.07,Poor,Terminated,-451,Wilson Value Ventures,P676567501W,2022-10-24,Kaylamouth,Small,334,Construction & Civil Works,494975516,2021-07-30,Supply and delivery of construction & civil works items,Ministry of Various
C-358,358,490,859300.4202420498,2023-10-04,11,2.89,Good,Completed,-456,Trujillo Suffer Agencies,P969761986M,2025-01-02,Guerreroberg,Small,665,Medical Supplies & Pharmaceuticals,917052,2023-10-04,Supply and delivery of medical supplies & pharmaceuticals items,Ministry of Short
C-359,359,466,7485522.915705639,2020-06-14,41,7.48,Poor,Completed,181,Nash Already Ventures,P639127345K,2019-12-16,North Stacy,Medium,306,Cleaning & Sanitary Services,7696585,2020-06-14,Supply and delivery of cleaning & sanitary services items,Ministry of After
C-360,360,31,6510043.444014314,2025-02-04,0,5.1,Fair,Completed,125,Jones System Enterprise,P690907304G,2024-10-02,Lake Yvettetown,Medium,678,Consultancy Services,6369324,2025-02-04,Supply and delivery of consultancy services items,Ministry of Program
C-361,361,337,338818390.57055485,2020-03-09,122,46.32,Poor,Completed,234,Davis Piece Group,P942284665U,2019-07-19,Smithchester,Small,757,Construction & Civil Works,350034856,2020-03-09,Supply and delivery of construction & civil works items,Ministry of Party
C-362,362,80,149786418.76517758,2023-06-22,174,50.29,Poor,Completed,-29,Herring Decision Limited,P121882877N,2023-07-21,East David,Medium,460,Construction & Civil Works,149706679,2023-06-22,Supply and delivery of construction & civil works items,Ministry of Specific
C-363,363,237,267476467.941119,2023-07-16,11,0.85,Good,Completed,2481,Compton Quality Enterprise,P179634081C,2016-09-29,Frazierstad,Large,636,Construction & Civil Works,296332520,2023-07-16,Supply and delivery of construction & civil works items,Ministry of What
C-364,364,416,246460595.3844741,2020-03-21,100,40.33,Poor,Completed,-1528,Wiley Government Limited,P101569849W,2024-05-27,Sweeneyport,Small,731,Construction & Civil Works,257902529,2020-03-21,Supply and delivery of construction & civil works items,Ministry of Ever
C-365,365,234,10453071.994927164,2023-04-05,67,2.84,Good,Completed,-251,Hicks Campaign Ltd,P315801027Y,2023-12-12,East Kristy,Small,372,Medical Supplies & Pharmaceuticals,9540815,2023-04-05,Supply and delivery of medical supplies & pharmaceuticals items,Ministry of Notice
C-366,366,266,8697101.707540974,2022-10-31,8,0.0,Good,Completed,264,Lee Employee Limited,P399580835J,2022-02-09,Jeffreyport,Small,599,Consultancy Services,8792832,2022-10-31,Supply and delivery of consultancy services items,Ministry of Stage
C-367,367,356,36896233.35163679,2020-11-21,44,6.88,Good,Completed,1620,Page Agency Agencies,P468377143P,2016-06-15,Lake Laurenbury,Medium,457,ICT Equipment & Software,36766225,2020-11-21,Supply and delivery of ict equipment & software items,Ministry of Including
C-368,368,457,12753251.724629508,2021-05-04,12,3.3,Good,Completed,452,Spencer Wish Limited,P883803621I,2020-02-07,Donnaport,Small,634,ICT Equipment & Software,13635871,2021-05-04,Supply and delivery of ict equipment & software items,Ministry of Sport
C-369,369,432,2641526.4531895476,2023-07-15,0,0.0,Good,Completed,2623,Harvey Else Group,P795009888S,2016-05-09,Jenkinsside,Small,628,Medical Supplies & Pharmaceuticals,2419124,2023-07-15,Supply and delivery of medical supplies & pharmaceuticals items,Ministry of Tough
C-370,370,229,2203550.5189836277,2021-09-29,39,9.78,Good,Completed,474,Jones Certain Limited,P668503222X,2020-06-12,Edwardsview,Medium,350,Medical Supplies & Pharmaceuticals,2173290,2021-09-29,Supply and delivery of medical supplies & pharmaceuticals items,Ministry of Majority
C-371,371,378,2824177.020995856,2023-01-02,13,0.3,Fair,Completed,1651,Bridges Increase Ventures,P625552311J,2018-06-26,Courtneyfurt,Small,543,Motor Vehicles & Spare Parts,2618970,2023-01-02,Supply and delivery of motor vehicles & spare parts items,Ministry of Believe
C-372,372,231,1728964.8362167408,2022-05-19,16,7.26,Poor,Completed,1371,Green Like Ventures,P330393232N,2018-08-17,Heatherfort,Small,833,Cleaning & Sanitary Services,1827408,2022-05-19,Supply and delivery of cleaning & sanitary services items,Ministry of Morning
C-373,373,341,1060492.376067031,2020-01-24,20,4.35,Good,Completed,-191,Taylor According Ltd,P524871030V,2020-08-02,Brockmouth,Small,742,Motor Vehicles & Spare Parts,1155675,2020-01-24,Supply and delivery of motor vehicles & spare parts items,Ministry of Edge
C-374,374,31,8077909.750986324,2025-01-31,0,7.65,Good,Completed,121,Jones System Enterprise,P690907304G,2024-10-02,Lake Yvettetown,Medium,678,Motor Vehicles & Spare Parts,7536754,2025-01-31,Supply and delivery of motor vehicles & spare parts items,Ministry of Sure
C-375,375,83,2452205.2031706553,2025-11-21,54,9.6,Good,Completed,3516,Collins Research Enterprise,P502982778Z,2016-04-06,North Brittany,Medium,332,Consultancy Services,2261088,2025-11-21,Supply and delivery of consultancy services items,Ministry of Return
C-376,376,11,2444992.705974305,2020-12-29,0,6.41,Good,Completed,-985,Brown Term Agencies,P134467368Z,2023-09-10,Richardland,Medium,543,Motor Vehicles & Spare Parts,2420484,2020-12-29,Supply and delivery of motor vehicles & spare parts items,Ministry of My
C-377,377,317,529574.2397014258,2020-11-03,26,0.59,Good,Completed,-1027,Gutierrez Thousand Ltd,P777210736O,2023-08-27,Lake Edwardborough,Small,670,Consultancy Services,587510,2020-11-03,Supply and delivery of consultancy services items,Ministry of Collection
C-378,378,173,7086633.621072058,2021-01-27,72,7.62,Poor,Completed,476,Chavez Coach Limited,P497341481T,2019-10-09,Kimberlyshire,Large,338,Office Stationery & Supplies,7709964,2021-01-27,Supply and delivery of office stationery & supplies items,Ministry of Others
C-379,379,105,3776425.952557097,2023-12-15,2,3.54,Good,Completed,1839,Hall Seat Group,P403566540S,2018-12-02,Jonesbury,Small,811,Office Stationery & Supplies,4155447,2023-12-15,Supply and delivery of office stationery & supplies items,Ministry of Child
C-380,380,311,1619514.9685246788,2024-05-31,14,0.0,Good,Completed,1944,Ward Us Group,P633947427D,2019-02-03,Port Tinafort,Large,426,Office Stationery & Supplies,1773879,2024-05-31,Supply and delivery of office stationery & supplies items,Ministry of Member
C-381,381,221,385307488.9663803,2025-08-19,44,55.67,Poor,Terminated,353,Rivera Capital Ltd,P958287383X,2024-08-31,Prestonmouth,Small,807,Construction & Civil Works,355045828,2025-08-19,Supply and delivery of construction & civil works items,Ministry of Amount
C-382,382,32,3980790.3172772117,2021-04-24,39,9.07,Good,Completed,-1602,House Time Group,P353810544K,2025-09-12,Tuckerborough,Large,340,Medical Supplies & Pharmaceuticals,3864455,2021-04-24,Supply and delivery of medical supplies & pharmaceuticals items,Ministry of Method
C-383,383,148,39346493.63407593,2021-05-22,54,1.18,Good,Completed,-406,Wilson Answer Limited,P139956218T,2022-07-02,Wilsonbury,Small,395,ICT Equipment & Software,38389950,2021-05-22,Supply and delivery of ict equipment & software items,Ministry of Everything
C-384,384,115,8780995.176215647,2022-03-20,58,0.0,Poor,Completed,-892,Bryan Ability Limited,P806157458I,2024-08-28,Gutierrezborough,Small,419,Cleaning & Sanitary Services,8891690,2022-03-20,Supply and delivery of cleaning & sanitary services items,Ministry of And
C-385,385,77,4865567.228066852,2024-01-04,0,5.7,Good,Completed,-244,White Ever Agencies,P507059676U,2024-09-04,South Mark,Medium,553,Medical Supplies & Pharmaceuticals,5322798,2024-01-04,Supply and delivery of medical supplies & pharmaceuticals items,Ministry of National
C-386,386,123,5347024.06518439,2025-06-11,0,2.04,Poor,Completed,1479,Reed Old Group,P919128302I,2021-05-24,Gibsonmouth,Medium,546,Office Stationery & Supplies,5315622,2025-06-11,Supply and delivery of office stationery & supplies items,Ministry of Herself
C-387,387,193,6481607.628142873,2022-04-30,9,4.55,Fair,Completed,703,Mills Cold Ventures,P490732457X,2020-05-27,Paulmouth,Small,846,Office Stationery & Supplies,6979771,2022-04-30,Supply and delivery of office stationery & supplies items,Ministry of Whose
C-388,388,81,9950777.330607653,2022-09-23,13,9.02,Good,Completed,9,Elliott Discover Ventures,P599326438S,2022-09-14,Katieburgh,Small,576,Office Stationery & Supplies,9696394,2022-09-23,Supply and delivery of office stationery & supplies items,Ministry of Any
C-389,389,138,20276726.406927187,2020-03-28,0,0.08,Good,Completed,-1615,Osborne Appear Limited,P751124015V,2024-08-29,Wallport,Small,584,ICT Equipment & Software,20452900,2020-03-28,Supply and delivery of ict equipment & software items,Ministry of Range
C-390,390,268,708017.0915098998,2021-12-11,3,5.69,Good,Completed,-1242,Pope Eye Ventures,P409011489H,2025-05-06,Huangfurt,Small,524,Consultancy Services,729085,2021-12-11,Supply and delivery of consultancy services items,Ministry of Score
C-391,391,444,6160469.688951351,2025-10-22,0,8.18,Good,Completed,751,Mathis Traditional Agencies,P491797490E,2023-10-02,Janetfurt,Small,635,Cleaning & Sanitary Services,6171845,2025-10-22,Supply and delivery of cleaning & sanitary services items,Ministry of Property
C-392,392,130,771407.5635247197,2024-12-22,63,4.9,Good,Completed,-368,Francis Leader Agencies,P205702499W,2025-12-25,South Garrettport,Small,322,Motor Vehicles & Spare Parts,703103,2024-12-22,Supply and delivery of motor vehicles & spare parts items,Ministry of They
C-393,393,406,1929452.2612788125,2024-06-13,0,4.61,Good,Completed,1170,Baker Part Limited,P773808249E,2021-03-31,Gibsonstad,Medium,749,Medical Supplies & Pharmaceuticals,2089968,2024-06-13,Supply and delivery of medical supplies & pharmaceuticals items,Ministry of Particular
C-394,394,47,5187180.587758458,2023-04-07,4,0.0,Poor,Completed,1302,Tran Law Agencies,P236843584C,2019-09-13,Michaelton,Small,676,Motor Vehicles & Spare Parts,5403943,2023-04-07,Supply and delivery of motor vehicles & spare parts items,Ministry of Contain
C-395,395,362,434565436.1375478,2022-04-05,61,46.68,Poor,Completed,139,Bailey Through Group,P591624059N,2021-11-17,Port Emily,Small,374,Construction & Civil Works,438752392,2022-04-05,Supply and delivery of construction & civil works items,Ministry of Human
C-396,396,135,50594714.584564045,2022-03-11,0,0.48,Fair,Completed,1989,Landry People Enterprise,P421214426O,2016-09-29,Vaughnmouth,Medium,679,ICT Equipment & Software,48175854,2022-03-11,Supply and delivery of ict equipment & software items,Ministry of Ready
C-397,397,50,42837425.03189215,2025-05-22,0,8.03,Poor,Completed,736,Cook Word Group,P542073642Z,2023-05-17,West Erik,Medium,533,ICT Equipment & Software,45286626,2025-05-22,Supply and delivery of ict equipment & software items,Ministry of Bank
C-398,398,433,30109011.03823549,2023-02-06,15,0.3,Poor,Completed,841,Miller Identify Ventures,P247356051A,2020-10-18,Lake Nicole,Small,566,Construction & Civil Works,28250723,2023-02-06,Supply and delivery of construction & civil works items,Ministry of However
C-399,399,310,5060667.82511059,2025-11-01,15,1.05,Good,Completed,2141,Allen Fund Ventures,P932701695S,2019-12-22,Owensstad,Small,623,Cleaning & Sanitary Services,5237997,2025-11-01,Supply and delivery of cleaning & sanitary services items,Ministry of Dog
C-400,400,405,84495470.21929304,2023-02-05,77,20.45,Poor,Completed,-149,Marks Significant Limited,P226762436X,2023-07-04,West Lindsayview,Small,792,Construction & Civil Works,86193128,2023-02-05,Supply and delivery of construction & civil works items,Ministry of Head
C-401,401,227,124837959.61858515,2024-11-25,0,11.07,Good,Completed,1029,Harrington Already Ventures,P235538456E,2022-01-31,Port Deanna,Small,580,Construction & Civil Works,135146681,2024-11-25,Supply and delivery of construction & civil works items,Ministry of Hair
C-402,402,253,5672357.728841346,2022-12-02,12,4.74,Fair,Completed,950,Khan Short Ventures,P492750748W,2020-04-26,Diazfurt,Small,724,Motor Vehicles & Spare Parts,5611934,2022-12-02,Supply and delivery of motor vehicles & spare parts items,Ministry of Meet
C-403,403,181,44941031.80881086,2025-04-27,46,13.06,Good,Completed,2344,Sullivan Garden Group,P284547422Z,2018-11-26,Collierstad,Small,379,ICT Equipment & Software,42227753,2025-04-27,Supply and delivery of ict equipment & software items,Ministry of According
C-404,404,217,1131088.3111851588,2023-01-04,3,7.02,Poor,Completed,563,Li Continue Enterprise,P991617660X,2021-06-20,Pollardfort,Small,607,Consultancy Services,1103171,2023-01-04,Supply and delivery of consultancy services items,Ministry of Chair
C-405,405,88,6725292.436788643,2022-08-21,7,7.36,Fair,Completed,1441,Christian Then Agencies,P193053577R,2018-09-10,Sanchezmouth,Medium,780,Medical Supplies & Pharmaceuticals,7314938,2022-08-21,Supply and delivery of medical supplies & pharmaceuticals items,Ministry of Drug
C-406,406,100,32882569.148832668,2020-06-17,15,5.65,Good,Completed,1210,Jones Million Limited,P179545125K,2017-02-23,East Edwardshire,Medium,403,ICT Equipment & Software,35424917,2020-06-17,Supply and delivery of ict equipment & software items,Ministry of Question
C-407,407,213,1753160.9400573121,2021-09-07,0,13.12,Poor,Completed,-172,Allen Keep Agencies,P301126777Q,2022-02-26,New Theresaland,Medium,700,Consultancy Services,1781076,2021-09-07,Supply and delivery of consultancy services items,Ministry of Citizen
C-408,408,174,5505658.614080413,2021-02-13,13,1.67,Good,Completed,-311,Ware Clearly Agencies,P269017588W,2021-12-21,Lake Christophermouth,Small,519,Motor Vehicles & Spare Parts,5412399,2021-02-13,Supply and delivery of motor vehicles & spare parts items,Ministry of High
C-409,409,121,1884055.221787413,2023-08-12,0,0.0,Fair,Completed,588,Francis Century Group,P174958005R,2022-01-01,Morganhaven,Small,571,Medical Supplies & Pharmaceuticals,1768321,2023-08-12,Supply and delivery of medical supplies & pharmaceuticals items,Ministry of Technology
C-410,410,121,3107226.840421672,2020-09-16,5,4.01,Fair,Completed,-472,Francis Century Group,P174958005R,2022-01-01,Morganhaven,Small,571,Office Stationery & Supplies,3393705,2020-09-16,Supply and delivery of office stationery & supplies items,Ministry of Drug
C-411,411,437,6215568.213318345,2022-06-27,0,5.92,Good,Completed,432,Wang Early Ltd,P271395839G,2021-04-21,Lake John,Small,525,Motor Vehicles & Spare Parts,6254512,2022-06-27,Supply and delivery of motor vehicles & spare parts items,Ministry of Give
C-412,412,447,24087875.14150354,2024-04-27,4,1.09,Good,Completed,61,Gray Similar Ventures,P839269574S,2024-02-26,East Jessica,Medium,721,ICT Equipment & Software,25692630,2024-04-27,Supply and delivery of ict equipment & software items,Ministry of Meet
C-413,413,467,9743364.598223666,2024-01-19,25,5.59,Good,Completed,1297,Rush Computer Group,P327515325Z,2020-07-01,East Brad,Small,378,Construction & Civil Works,9264423,2024-01-19,Supply and delivery of construction & civil works items,Ministry of Measure
C-414,414,446,8863264.080261394,2021-04-06,56,0.0,Good,Completed,-452,Thompson Or Group,P844704803N,2022-07-02,Jeffreyshire,Medium,469,Office Stationery & Supplies,8281883,2021-04-06,Supply and delivery of office stationery & supplies items,Ministry of Color
C-415,415,345,16615022.594949523,2023-11-19,0,2.79,Poor,Completed,2147,Osborn Couple Agencies,P831983367X,2018-01-02,Lake Stevenborough,Medium,790,ICT Equipment & Software,15809784,2023-11-19,Supply and delivery of ict equipment & software items,Ministry of Item
C-416,416,331,25380809.785921823,2020-02-19,0,10.72,Good,Completed,659,Jones Point Agencies,P925713533N,2018-05-01,Novakmouth,Medium,617,ICT Equipment & Software,24448053,2020-02-19,Supply and delivery of ict equipment & software items,Ministry of Animal
C-417,417,335,1887843.46293932,2020-10-07,62,0.0,Good,Completed,421,Davis Yes Limited,P430999662C,2019-08-13,Kathleenville,Small,412,Medical Supplies & Pharmaceuticals,1850740,2020-10-07,Supply and delivery of medical supplies & pharmaceuticals items,Ministry of Person
C-418,418,13,9671495.724309182,2020-12-19,22,10.44,Fair,Completed,-1420,Day Character Ltd,P384412919I,2024-11-08,Lake Anna,Small,687,Medical Supplies & Pharmaceuticals,9368511,2020-12-19,Supply and delivery of medical supplies & pharmaceuticals items,Ministry of Professional
C-419,419,102,957640.6034733279,2023-01-28,0,8.41,Good,Completed,-252,James When Group,P575368059T,2023-10-07,Torreston,Small,837,Office Stationery & Supplies,985421,2023-01-28,Supply and delivery of office stationery & supplies items,Ministry of Vote
C-420,420,182,86865744.23974663,2023-06-07,0,0.0,Good,Completed,2390,Richard Either Agencies,P567804106L,2016-11-20,Warrenfurt,Large,528,Construction & Civil Works,94381751,2023-06-07,Supply and delivery of construction & civil works items,Ministry of Arrive
C-421,421,71,3053527.1468864195,2020-12-30,63,0.0,Good,Completed,-712,Mccarthy Attack Limited,P545461013A,2022-12-12,Amychester,Large,301,Consultancy Services,3323522,2020-12-30,Supply and delivery of consultancy services items,Ministry of Win
C-422,422,350,15318211.033552533,2021-01-29,76,14.3,Good,Completed,1245,Salazar Order Enterprise,P792596980R,2017-09-02,Rasmussenmouth,Small,381,ICT Equipment & Software,15304511,2021-01-29,Supply and delivery of ict equipment & software items,Ministry of Into
C-423,423,446,8339055.417259751,2023-08-06,29,6.04,Good,Completed,400,Thompson Or Group,P844704803N,2022-07-02,Jeffreyshire,Medium,469,Cleaning & Sanitary Services,8668438,2023-08-06,Supply and delivery of cleaning & sanitary services items,Ministry of Organization
C-424,424,276,2879097.269847031,2023-10-29,5,4.58,Good,Completed,-556,Johnson Think Group,P526269674Y,2025-05-07,Lopezport,Small,849,Motor Vehicles & Spare Parts,2759083,2023-10-29,Supply and delivery of motor vehicles & spare parts items,Ministry of Unit
C-425,425,340,178901769.76898688,2024-04-25,55,9.14,Fair,Completed,1940,Patton Herself Limited,P370260533P,2019-01-02,Wheelerborough,Medium,307,Construction & Civil Works,194049774,2024-04-25,Supply and delivery of construction & civil works items,Ministry of Recently
C-426,426,346,43577519.92994744,2024-12-04,17,3.08,Good,Completed,1656,Carter Room Ventures,P174258554Y,2020-05-23,Chambersberg,Large,481,ICT Equipment & Software,48048564,2024-12-04,Supply and delivery of ict equipment & software items,Ministry of Your
C-427,427,206,7438070.628263981,2020-07-06,46,6.88,Good,Completed,649,Whitehead Choice Ltd,P992329618B,2018-09-26,East Lisastad,Small,350,Consultancy Services,7980317,2020-07-06,Supply and delivery of consultancy services items,Ministry of List
C-428,428,488,8034685.977692798,2023-08-21,13,7.57,Fair,Completed,1696,Rodriguez Attack Group,P461081823R,2018-12-29,Michelleview,Small,694,Cleaning & Sanitary Services,8381447,2023-08-21,Supply and delivery of cleaning & sanitary services items,Ministry of Market
C-429,429,352,4216791.958949172,2025-03-15,19,7.49,Poor,Completed,1320,Watts Do Limited,P578651079X,2021-08-03,Fordshire,Medium,770,Cleaning & Sanitary Services,3995958,2025-03-15,Supply and delivery of cleaning & sanitary services items,Ministry of Conference
C-430,430,109,7601661.110567085,2021-04-25,3,6.68,Fair,Completed,-1505,Mason Minute Group,P570040006F,2025-06-08,South Jessicaview,Medium,641,Medical Supplies & Pharmaceuticals,7176042,2021-04-25,Supply and delivery of medical supplies & pharmaceuticals items,Ministry of Item
C-431,431,71,1489979.5610335697,2023-08-09,50,10.66,Fair,Completed,240,Mccarthy Attack Limited,P545461013A,2022-12-12,Amychester,Large,301,Cleaning & Sanitary Services,1365898,2023-08-09,Supply and delivery of cleaning & sanitary services items,Ministry of Study
C-432,432,14,258846350.29959095,2023-06-30,23,4.18,Good,Completed,1775,Richards Water Ltd,P726563708Z,2018-08-20,Jeffreyberg,Large,541,Construction & Civil Works,272954709,2023-06-30,Supply and delivery of construction & civil works items,Ministry of Speak
C-433,433,498,1063412.760823717,2021-02-02,41,0.0,Good,Completed,767,Brown Too Ltd,P261897130I,2018-12-28,West Robert,Medium,415,Medical Supplies & Pharmaceuticals,980412,2021-02-02,Supply and delivery of medical supplies & pharmaceuticals items,Ministry of Receive
C-434,434,138,3022839.6720674816,2023-01-24,0,9.93,Good,Completed,-583,Osborne Appear Limited,P751124015V,2024-08-29,Wallport,Small,584,Consultancy Services,3331185,2023-01-24,Supply and delivery of consultancy services items,Ministry of Computer
C-435,435,373,27781628.427547913,2024-05-05,52,13.37,Good,Completed,211,Young Talk Enterprise,P892005907L,2023-10-07,Michellechester,Small,448,ICT Equipment & Software,29399868,2024-05-05,Supply and delivery of ict equipment & software items,Ministry of Guess
C-436,436,422,8040982.471344408,2025-07-13,0,11.71,Fair,Completed,1776,Russell North Group,P484708210X,2020-09-01,South Kyle,Large,609,Consultancy Services,8806483,2025-07-13,Supply and delivery of consultancy services items,Ministry of Pick
C-437,437,361,1287322.3096316578,2023-07-17,12,4.13,Good,Completed,1080,Baker Travel Enterprise,P625579419H,2020-08-01,Candicefurt,Small,741,Office Stationery & Supplies,1328337,2023-07-17,Supply and delivery of office stationery & supplies items,Ministry of Drug
C-438,438,84,587965.6592642255,2022-04-08,19,5.19,Good,Completed,-748,Sanchez Same Ventures,P929445037T,2024-04-25,Port Tonyaton,Small,769,Motor Vehicles & Spare Parts,584814,2022-04-08,Supply and delivery of motor vehicles & spare parts items,Ministry of Cause
C-439,439,252,9954680.960945694,2020-08-25,15,4.21,Fair,Completed,-112,Khan Ready Agencies,P822113500E,2020-12-15,Amandaville,Small,668,Office Stationery & Supplies,9714742,2020-08-25,Supply and delivery of office stationery & supplies items,Ministry of Degree
C-440,440,43,1759640.0774183995,2023-02-19,18,10.53,Good,Completed,2212,Tran Expert Ventures,P402533494M,2017-01-29,Lake Matthew,Large,542,Medical Supplies & Pharmaceuticals,1699908,2023-02-19,Supply and delivery of medical supplies & pharmaceuticals items,Ministry of Where
C-441,441,25,5322250.985322661,2023-01-10,3,0.0,Good,Completed,914,Wright Attack Group,P463016614B,2020-07-10,New Jeffrey,Small,516,Consultancy Services,5409792,2023-01-10,Supply and delivery of consultancy services items,Ministry of Kind
C-442,442,245,3051369.418255798,2024-12-15,44,0.0,Good,Completed,1504,Ballard Reveal Agencies,P536038528T,2020-11-02,Joneston,Small,314,Office Stationery & Supplies,2992478,2024-12-15,Supply and delivery of office stationery & supplies items,Ministry of Police
C-443,443,465,6264873.282465612,2020-07-29,8,9.6,Good,Completed,-1859,Mcdaniel Would Ventures,P609838807K,2025-08-31,South Kent,Medium,526,Cleaning & Sanitary Services,6049852,2020-07-29,Supply and delivery of cleaning & sanitary services items,Ministry of Maybe
C-444,444,225,8767279.418490138,2025-05-29,55,9.63,Good,Completed,2149,Williams True Ltd,P478557676N,2019-07-11,Hillton,Small,394,Cleaning & Sanitary Services,9674182,2025-05-29,Supply and delivery of cleaning & sanitary services items,Ministry of Plan
C-445,445,490,9746442.128211627,2020-03-26,0,6.51,Good,Completed,-1743,Trujillo Suffer Agencies,P969761986M,2025-01-02,Guerreroberg,Small,665,Medical Supplies & Pharmaceuticals,9284536,2020-03-26,Supply and delivery of medical supplies & pharmaceuticals items,Ministry of Step
C-446,446,430,2935619.786846201,2023-03-10,21,4.87,Good,Completed,2438,Glass Lead Ltd,P982277976U,2016-07-06,Crawfordfurt,Small,459,Consultancy Services,3071783,2023-03-10,Supply and delivery of consultancy services items,Ministry of Soldier
C-447,447,29,45159512.52169892,2020-09-14,20,2.51,Good,Completed,-1440,Brown Ready Ltd,P793830224G,2024-08-24,South Jessicaville,Small,771,ICT Equipment & Software,48463321,2020-09-14,Supply and delivery of ict equipment & software items,Ministry of Meet
C-448,448,221,402558148.4526656,2023-12-15,110,35.86,Poor,Completed,-260,Rivera Capital Ltd,P958287383X,2024-08-31,Prestonmouth,Small,807,Construction & Civil Works,440774724,2023-12-15,Supply and delivery of construction & civil works items,Ministry of Week
C-449,449,185,2747017.8374631833,2023-08-15,0,9.46,Good,Completed,1917,Thomas Decade Ltd,P286293158M,2018-05-16,Port Katherine,Medium,714,Office Stationery & Supplies,2498083,2023-08-15,Supply and delivery of office stationery & supplies items,Ministry of Their
C-450,450,226,4112050.3787767366,2020-01-03,0,0.0,Good,Completed,1186,Walsh Himself Enterprise,P650921917Z,2016-10-04,North Douglas,Small,819,Office Stationery & Supplies,4009439,2020-01-03,Supply and delivery of office stationery & supplies items,Ministry of Writer
C-451,451,140,6035502.6092178915,2024-08-24,36,4.35,Poor,Completed,395,Saunders Responsibility Limited,P246865585O,2023-07-26,Lake Debbieport,Small,334,ICT Equipment & Software,6127745,2024-08-24,Supply and delivery of ict equipment & software items,Ministry of Range
C-452,452,178,1944633.7845324571,2022-08-03,7,11.3,Good,Completed,-400,Duran Figure Ltd,P452318696H,2023-09-07,South Julieburgh,Small,668,Office Stationery & Supplies,1807017,2022-08-03,Supply and delivery of office stationery & supplies items,Ministry of Kitchen
C-453,453,397,7346588.153946982,2022-03-22,5,1.99,Good,Completed,-61,Jones Visit Ltd,P112956853X,2022-05-22,Davidshire,Small,797,Consultancy Services,7388538,2022-03-22,Supply and delivery of consultancy services items,Ministry of Animal
C-454,454,154,1660604.0933480563,2024-03-08,1,5.25,Fair,Completed,-626,Buchanan Describe Enterprise,P173669588W,2025-11-24,New Jason,Small,754,Office Stationery & Supplies,1749729,2024-03-08,Supply and delivery of office stationery & supplies items,Ministry of Laugh
C-455,455,455,6105560.669795516,2021-05-17,0,6.27,Good,Completed,1373,Jones Year Enterprise,P199970392V,2017-08-13,Bushchester,Small,766,Construction & Civil Works,6116271,2021-05-17,Supply and delivery of construction & civil works items,Ministry of Suffer
C-456,456,321,3015460.6103422423,2022-11-22,0,0.0,Good,Completed,599,Allen President Ltd,P665277813Q,2021-04-02,Josephfurt,Medium,685,Consultancy Services,3199555,2022-11-22,Supply and delivery of consultancy services items,Ministry of Specific
C-457,457,143,1877333.6079263669,2022-04-15,19,8.49,Good,Completed,-1046,Raymond Sure Limited,P416905717V,2025-02-24,Lindamouth,Medium,792,Cleaning & Sanitary Services,1781641,2022-04-15,Supply and delivery of cleaning & sanitary services items,Ministry of Perform
C-458,458,476,18911300.86434001,2024-10-28,16,9.6,Good,Completed,-338,Ramos That Group,P444529729R,2025-10-01,Jacobsland,Medium,752,ICT Equipment & Software,17943381,2024-10-28,Supply and delivery of ict equipment & software items,Ministry of Whatever
C-459,459,207,4831451.66635449,2024-07-26,17,0.34,Good,Completed,-273,Perry Individual Group,P639026034X,2025-04-25,South Virginia,Medium,745,Medical Supplies & Pharmaceuticals,4576321,2024-07-26,Supply and delivery of medical supplies & pharmaceuticals items,Ministry of Same
C-460,460,364,3529359.5601347676,2023-06-16,32,8.3,Good,Completed,1605,White Rule Ventures,P251782582G,2019-01-23,Barnesberg,Small,333,Consultancy Services,3335192,2023-06-16,Supply and delivery of consultancy services items,Ministry of Large
C-461,461,41,2068887.9537029376,2020-10-20,0,9.3,Good,Completed,-1460,Wood Coach Ventures,P570497096I,2024-10-19,Cherylhaven,Small,784,Medical Supplies & Pharmaceuticals,2035090,2020-10-20,Supply and delivery of medical supplies & pharmaceuticals items,Ministry of Me
C-462,462,285,4167735.753717082,2024-08-04,70,8.52,Good,Completed,1793,Walker Cell Limited,P613443905J,2019-09-07,Adkinsstad,Large,341,Motor Vehicles & Spare Parts,4037270,2024-08-04,Supply and delivery of motor vehicles & spare parts items,Ministry of Where
C-463,463,145,7655338.647767455,2025-02-25,4,7.47,Fair,Completed,2004,Gibbs Address Ltd,P383960237I,2019-09-01,South Miguelview,Medium,693,Cleaning & Sanitary Services,7189975,2025-02-25,Supply and delivery of cleaning & sanitary services items,Ministry of Federal
C-464,464,361,1021526.4212900245,2023-08-03,0,0.2,Good,Completed,1097,Baker Travel Enterprise,P625579419H,2020-08-01,Candicefurt,Small,741,Office Stationery & Supplies,1133316,2023-08-03,Supply and delivery of office stationery & supplies items,Ministry of Of
C-465,465,450,42377758.41710883,2022-06-14,52,1.05,Good,Completed,1740,Mcclure Behavior Group,P982252644T,2017-09-08,Seanview,Medium,381,ICT Equipment & Software,38873507,2022-06-14,Supply and delivery of ict equipment & software items,Ministry of Current
C-466,466,146,5062581.811268929,2020-01-12,15,10.37,Good,Completed,-666,Carson Yard Group,P498866784G,2021-11-08,South Angel,Medium,491,Motor Vehicles & Spare Parts,4842297,2020-01-12,Supply and delivery of motor vehicles & spare parts items,Ministry of Six
C-467,467,146,7485162.247579636,2024-09-25,52,1.24,Fair,Completed,1052,Carson Yard Group,P498866784G,2021-11-08,South Angel,Medium,491,Consultancy Services,8174037,2024-09-25,Supply and delivery of consultancy services items,Ministry of Participant
C-468,468,189,8190329.520783613,2023-02-18,78,3.54,Good,Completed,916,Johnson Home Limited,P993027458S,2020-08-16,Lake Michelleland,Small,389,Motor Vehicles & Spare Parts,7520105,2023-02-18,Supply and delivery of motor vehicles & spare parts items,Ministry of Nature
C-469,469,309,186930.95159750813,2020-01-16,6,5.91,Good,Completed,700,Lee Site Ltd,P225967304V,2018-02-15,Rochaborough,Small,759,Cleaning & Sanitary Services,204195,2020-01-16,Supply and delivery of cleaning & sanitary services items,Ministry of Real
C-470,470,84,5375353.713757443,2021-03-26,0,4.24,Good,Completed,-1126,Sanchez Same Ventures,P929445037T,2024-04-25,Port Tonyaton,Small,769,Medical Supplies & Pharmaceuticals,5376728,2021-03-26,Supply and delivery of medical supplies & pharmaceuticals items,Ministry of Summer
C-471,471,456,10595386.944540918,2021-11-23,16,4.05,Fair,Completed,-1292,Martin Voice Agencies,P566219118K,2025-06-07,North Markborough,Small,532,Consultancy Services,9827094,2021-11-23,Supply and delivery of consultancy services items,Ministry of High
C-472,472,425,2046309.569977214,2020-08-21,0,0.0,Good,Completed,1513,Evans Ten Ltd,P286689063B,2016-06-30,Bondside,Small,558,Motor Vehicles & Spare Parts,2265251,2020-08-21,Supply and delivery of motor vehicles & spare parts items,Ministry of Last
C-473,473,303,6951217.052601868,2023-11-28,23,4.27,Good,Completed,599,Simmons Mission Enterprise,P150341410W,2022-04-08,Floydmouth,Medium,591,Consultancy Services,7403693,2023-11-28,Supply and delivery of consultancy services items,Ministry of Environment
C-474,474,6,8875233.016636426,2021-07-26,10,7.41,Good,Completed,-918,Blair Not Ventures,P234031070Y,2024-01-30,New Kellystad,Large,685,Office Stationery & Supplies,8083439,2021-07-26,Supply and delivery of office stationery & supplies items,Ministry of North
C-475,475,174,27351790.864945482,2022-07-17,14,4.78,Fair,Completed,208,Ware Clearly Agencies,P269017588W,2021-12-21,Lake Christophermouth,Small,519,ICT Equipment & Software,25964695,2022-07-17,Supply and delivery of ict equipment & software items,Ministry of History
C-476,476,429,9419538.031125207,2023-09-02,40,5.7,Good,Completed,-158,Davis Throw Enterprise,P990514408Z,2024-02-07,Davidmouth,Medium,361,Cleaning & Sanitary Services,9646263,2023-09-02,Supply and delivery of cleaning & sanitary services items,Ministry of Response
C-477,477,364,23059808.538691398,2022-05-20,16,5.02,Good,Completed,1213,White Rule Ventures,P251782582G,2019-01-23,Barnesberg,Small,333,ICT Equipment & Software,24633277,2022-05-20,Supply and delivery of ict equipment & software items,Ministry of Democrat
C-478,478,333,37915985.95238589,2022-06-24,0,10.8,Good,Completed,786,Frazier Recent Group,P508099975F,2020-04-29,Laurenland,Small,723,ICT Equipment & Software,36559026,2022-06-24,Supply and delivery of ict equipment & software items,Ministry of Step
C-479,479,472,3538268.222110412,2023-05-06,12,7.55,Good,Completed,-536,Humphrey Everything Enterprise,P511289794P,2024-10-23,Armstrongfort,Small,429,Motor Vehicles & Spare Parts,3667675,2023-05-06,Supply and delivery of motor vehicles & spare parts items,Ministry of Country
C-480,480,488,8507749.229268966,2022-03-22,3,9.06,Good,Completed,1179,Rodriguez Attack Group,P461081823R,2018-12-29,Michelleview,Small,694,Office Stationery & Supplies,9385424,2022-03-22,Supply and delivery of office stationery & supplies items,Ministry of One
C-481,481,77,2754276.3723070915,2022-11-25,16,3.44,Good,Completed,-649,White Ever Agencies,P507059676U,2024-09-04,South Mark,Medium,553,Motor Vehicles & Spare Parts,2514802,2022-11-25,Supply and delivery of motor vehicles & spare parts items,Ministry of Food
C-482,482,378,518434.1543645759,2023-06-19,19,8.61,Fair,Completed,1819,Bridges Increase Ventures,P625552311J,2018-06-26,Courtneyfurt,Small,543,Cleaning & Sanitary Services,543031,2023-06-19,Supply and delivery of cleaning & sanitary services items,Ministry of Staff
C-483,483,375,6980952.102691461,2024-03-25,0,16.93,Fair,Completed,823,Jackson Score Ventures,P414214115S,2021-12-23,Stephaniehaven,Medium,526,Consultancy Services,6544345,2024-03-25,Supply and delivery of consultancy services items,Ministry of Simply
C-484,484,88,4060728.4430159065,2020-10-29,13,7.1,Good,Completed,780,Christian Then Agencies,P193053577R,2018-09-10,Sanchezmouth,Medium,780,Cleaning & Sanitary Services,4016643,2020-10-29,Supply and delivery of cleaning & sanitary services items,Ministry of Treat
C-485,485,299,5885061.860199252,2023-12-15,0,11.32,Good,Completed,2780,Harper Score Agencies,P152265802P,2016-05-05,South Scottside,Small,527,Office Stationery & Supplies,5610493,2023-12-15,Supply and delivery of office stationery & supplies items,Ministry of Small
C-486,486,97,5242737.158928173,2021-05-18,6,4.59,Fair,Completed,879,Ward Five Enterprise,P115191689T,2018-12-21,West Brandon,Small,622,Motor Vehicles & Spare Parts,4955920,2021-05-18,Supply and delivery of motor vehicles & spare parts items,Ministry of Stay
C-487,487,287,6499057.936851057,2024-03-12,0,7.89,Good,Completed,233,Marks Beat Agencies,P664258474C,2023-07-23,Christianshire,Medium,721,Motor Vehicles & Spare Parts,6467712,2024-03-12,Supply and delivery of motor vehicles & spare parts items,Ministry of Color
C-488,488,444,8870347.557974774,2020-08-07,4,5.74,Poor,Completed,-1151,Mathis Traditional Agencies,P491797490E,2023-10-02,Janetfurt,Small,635,ICT Equipment & Software,8497043,2020-08-07,Supply and delivery of ict equipment & software items,Ministry of Movie
C-489,489,8,457641244.59648734,2022-05-27,128,42.27,Poor,Completed,-830,James Long Limited,P782560971X,2024-09-03,West Michael,Small,774,Construction & Civil Works,426874426,2022-05-27,Supply and delivery of construction & civil works items,Ministry of Ground
C-490,490,387,5458371.595481953,2024-10-20,54,5.19,Good,Completed,1645,Davis Beyond Enterprise,P101166414N,2020-04-19,Millershire,Small,316,Medical Supplies & Pharmaceuticals,5632410,2024-10-20,Supply and delivery of medical supplies & pharmaceuticals items,Ministry of Positive
C-491,491,112,9876977.553411873,2024-03-07,37,7.24,Good,Completed,-656,Graham Teach Group,P627986559F,2025-12-23,Baileymouth,Small,304,Motor Vehicles & Spare Parts,9779818,2024-03-07,Supply and delivery of motor vehicles & spare parts items,Ministry of Seat
C-492,492,26,249552808.17954335,2020-04-24,4,2.3,Good,Completed,1313,Welch Drop Ventures,P172370545C,2016-09-19,Chadbury,Medium,792,Construction & Civil Works,254594875,2020-04-24,Supply and delivery of construction & civil works items,Ministry of Improve
C-493,493,170,7754752.589962149,2025-10-14,54,4.82,Good,Completed,623,Bruce Speak Ltd,P978779150N,2024-01-30,New Sarahview,Small,369,Cleaning & Sanitary Services,8433100,2025-10-14,Supply and delivery of cleaning & sanitary services items,Ministry of Accept
C-494,494,81,208049043.86049458,2024-10-28,3,14.16,Good,Completed,775,Elliott Discover Ventures,P599326438S,2022-09-14,Katieburgh,Small,576,Construction & Civil Works,203633872,2024-10-28,Supply and delivery of construction & civil works items,Ministry of Than
C-495,495,275,388841.5432107227,2020-11-14,0,6.9,Good,Completed,928,Rodgers To Limited,P140048684L,2018-05-01,Khanburgh,Small,620,Cleaning & Sanitary Services,411955,2020-11-14,Supply and delivery of cleaning & sanitary services items,Ministry of With
C-496,496,450,4947693.825708939,2023-08-08,42,0.0,Fair,Completed,2160,Mcclure Behavior Group,P982252644T,2017-09-08,Seanview,Medium,381,Motor Vehicles & Spare Parts,5033594,2023-08-08,Supply and delivery of motor vehicles & spare parts items,Ministry of Behavior
C-497,497,1,5071394.172791095,2020-05-20,34,9.5,Good,Completed,-737,Johnson Face Ventures,P362950628O,2022-05-27,Lake Curtis,Large,406,Motor Vehicles & Spare Parts,4935451,2020-05-20,Supply and delivery of motor vehicles & spare parts items,Ministry of Doctor
C-498,498,307,8133368.486835293,2022-03-23,0,6.84,Good,Completed,314,Calderon Approach Agencies,P388258432Y,2021-05-13,Port Charlesshire,Medium,517,Office Stationery & Supplies,7423494,2022-03-23,Supply and delivery of office stationery & supplies items,Ministry of Politics
C-499,499,226,343014494.3388972,2020-03-23,10,2.74,Poor,Completed,1266,Walsh Himself Enterprise,P650921917Z,2016-10-04,North Douglas,Small,819,Construction & Civil Works,328465817,2020-03-23,Supply and delivery of construction & civil works items,Ministry of If
C-500,500,71,4192065.289335438,2025-08-01,18,9.25,Poor,Completed,963,Mccarthy Attack Limited,P545461013A,2022-12-12,Amychester,Large,301,Consultancy Services,3890328,2025-08-01,Supply and delivery of consultancy services items,Ministry of Institution
C-501,501,100,4942263.771924559,2023-09-07,30,6.26,Good,Completed,2387,Jones Million Limited,P179545125K,2017-02-23,East Edwardshire,Medium,403,Medical Supplies & Pharmaceuticals,5389730,2023-09-07,Supply and delivery of medical supplies & pharmaceuticals items,Ministry of Near
C-502,502,372,4298690.286480247,2021-09-19,7,0.0,Good,Completed,1968,Baker Training Ventures,P976955647F,2016-04-30,Grimesville,Large,591,Consultancy Services,4537610,2021-09-19,Supply and delivery of consultancy services items,Ministry of Picture
C-503,503,349,393026838.7300358,2020-05-05,56,41.43,Poor,Completed,-980,Burnett Phone Group,P785240944F,2023-01-10,Port Johnstad,Small,680,Construction & Civil Works,373551773,2020-05-05,Supply and delivery of construction & civil works items,Ministry of Staff
C-504,504,30,2433947.180626692,2024-12-02,18,4.12,Good,Completed,2347,Lee List Enterprise,P250519597B,2018-06-30,West Steven,Small,691,Cleaning & Sanitary Services,2426133,2024-12-02,Supply and delivery of cleaning & sanitary services items,Ministry of Push
C-505,505,125,8050136.311038883,2022-12-19,8,6.85,Good,Completed,2382,Garner Season Group,P971243675Y,2016-06-11,Mcneilberg,Small,584,Consultancy Services,8048140,2022-12-19,Supply and delivery of consultancy services items,Ministry of Action
C-506,506,363,6606421.4816042185,2021-03-17,45,2.61,Fair,Completed,-1025,Sellers Performance Agencies,P191001735R,2024-01-06,West David,Large,341,Office Stationery & Supplies,6321714,2021-03-17,Supply and delivery of office stationery & supplies items,Ministry of Realize
C-507,507,164,38996740.164365046,2025-08-01,17,3.05,Good,Completed,2663,Morgan Long Limited,P528133274A,2018-04-17,West Ronaldview,Medium,552,ICT Equipment & Software,39060290,2025-08-01,Supply and delivery of ict equipment & software items,Ministry of National
C-508,508,450,7658329.591363645,2021-09-18,54,7.1,Poor,Completed,1471,Mcclure Behavior Group,P982252644T,2017-09-08,Seanview,Medium,381,Cleaning & Sanitary Services,7128722,2021-09-18,Supply and delivery of cleaning & sanitary services items,Ministry of Along
C-509,509,177,9894648.983069671,2024-09-13,23,0.0,Good,Completed,3010,Foster Place Enterprise,P158821683A,2016-06-17,West Sierra,Small,489,Consultancy Services,9075708,2024-09-13,Supply and delivery of consultancy services items,Ministry of Mrs
C-510,510,234,1838320.161684295,2023-02-04,11,5.75,Good,Completed,-311,Hicks Campaign Ltd,P315801027Y,2023-12-12,East Kristy,Small,372,Consultancy Services,1977971,2023-02-04,Supply and delivery of consultancy services items,Ministry of Each
C-511,511,402,242206817.1701067,2023-09-09,39,6.95,Poor,Completed,1672,Kim Throughout Group,P356234948D,2019-02-10,North Sandy,Small,470,Construction & Civil Works,263472852,2023-09-09,Supply and delivery of construction & civil works items,Ministry of Represent
C-512,512,411,13389223.19713075,2020-03-20,0,5.65,Good,Completed,176,Shaw Week Agencies,P156556289L,2019-09-26,Port Zachary,Small,571,ICT Equipment & Software,12929667,2020-03-20,Supply and delivery of ict equipment & software items,Ministry of Edge
C-513,513,262,9517183.114984104,2023-12-06,42,3.55,Good,Completed,2778,Vaughan Break Agencies,P304853117B,2016-04-28,Edwardsberg,Small,374,Cleaning & Sanitary Services,9825529,2023-12-06,Supply and delivery of cleaning & sanitary services items,Ministry of Coach
C-514,514,323,5911108.734187379,2020-07-09,44,0.0,Good,Completed,-1449,Valdez Toward Ltd,P797818850W,2024-06-27,North Richardfurt,Small,478,Medical Supplies & Pharmaceuticals,6013318,2020-07-09,Supply and delivery of medical supplies & pharmaceuticals items,Ministry of Fact
C-515,515,151,1618950.7497259076,2024-09-04,1,0.0,Good,Completed,3047,Wood Life Ltd,P577488537P,2016-05-02,Corystad,Small,641,Motor Vehicles & Spare Parts,1677969,2024-09-04,Supply and delivery of motor vehicles & spare parts items,Ministry of Head
C-516,516,482,4118065.045768764,2024-01-07,52,7.02,Good,Completed,911,Cooper Third Enterprise,P377733976V,2021-07-10,West Anthonyton,Medium,498,Office Stationery & Supplies,3751387,2024-01-07,Supply and delivery of office stationery & supplies items,Ministry of Into
C-517,517,346,1900796.9027664466,2023-07-08,35,8.84,Good,Completed,1141,Carter Room Ventures,P174258554Y,2020-05-23,Chambersberg,Large,481,Medical Supplies & Pharmaceuticals,1811672,2023-07-08,Supply and delivery of medical supplies & pharmaceuticals items,Ministry of National
C-518,518,430,3089973.2189332573,2020-02-03,14,5.05,Good,Completed,1307,Glass Lead Ltd,P982277976U,2016-07-06,Crawfordfurt,Small,459,Motor Vehicles & Spare Parts,3312883,2020-02-03,Supply and delivery of motor vehicles & spare parts items,Ministry of Score
C-519,519,29,385436576.5592755,2020-05-30,94,32.85,Poor,Completed,-1547,Brown Ready Ltd,P793830224G,2024-08-24,South Jessicaville,Small,771,Construction & Civil Works,355532131,2020-05-30,Supply and delivery of construction & civil works items,Ministry of Believe
C-520,520,357,6784664.924118044,2023-04-19,43,4.65,Poor,Completed,778,Arnold Give Enterprise,P701133236B,2021-03-02,Hallfurt,Medium,427,Consultancy Services,6523959,2023-04-19,Supply and delivery of consultancy services items,Ministry of She
C-521,521,186,7504090.57155908,2024-12-23,0,15.19,Good,Completed,3001,Bean Production Ltd,P630554118D,2016-10-05,Maldonadoshire,Medium,558,Medical Supplies & Pharmaceuticals,7084297,2024-12-23,Supply and delivery of medical supplies & pharmaceuticals items,Ministry of Who
C-522,522,490,4941783.273877528,2023-07-01,0,9.92,Good,Completed,-551,Trujillo Suffer Agencies,P969761986M,2025-01-02,Guerreroberg,Small,665,Cleaning & Sanitary Services,4959221,2023-07-01,Supply and delivery of cleaning & sanitary services items,Ministry of Hand
C-523,523,237,10809709.80259685,2025-10-11,10,14.36,Fair,Completed,3299,Compton Quality Enterprise,P179634081C,2016-09-29,Frazierstad,Large,636,Medical Supplies & Pharmaceuticals,9902630,2025-10-11,Supply and delivery of medical supplies & pharmaceuticals items,Ministry of Factor
C-524,524,319,10200398.378798027,2021-05-10,0,3.6,Good,Completed,1929,Arnold Actually Ltd,P117959560H,2016-01-28,Amandaport,Small,612,Office Stationery & Supplies,9440854,2021-05-10,Supply and delivery of office stationery & supplies items,Ministry of Day
C-525,525,475,7931205.170127272,2022-09-23,38,2.87,Good,Completed,1319,Cameron Toward Ventures,P847520637R,2019-02-12,Port Jeremyport,Small,320,Medical Supplies & Pharmaceuticals,8562605,2022-09-23,Supply and delivery of medical supplies & pharmaceuticals items,Ministry of International
C-526,526,492,25970848.945676602,2023-06-13,44,10.85,Good,Completed,588,Cooley Team Ltd,P303919854V,2021-11-02,Lake Amanda,Medium,401,ICT Equipment & Software,27664495,2023-06-13,Supply and delivery of ict equipment & software items,Ministry of Every
C-527,527,447,2193649.397307862,2021-01-18,3,7.11,Poor,Completed,-1134,Gray Similar Ventures,P839269574S,2024-02-26,East Jessica,Medium,721,Cleaning & Sanitary Services,2338057,2021-01-18,Supply and delivery of cleaning & sanitary services items,Ministry of Move
C-528,528,27,123035855.05796774,2020-08-21,61,0.0,Good,Completed,674,Washington Notice Ltd,P242068763U,2018-10-17,Sanchezfort,Small,364,Construction & Civil Works,119720972,2020-08-21,Supply and delivery of construction & civil works items,Ministry of Baby
C-529,529,102,603374.8467887331,2023-01-07,0,3.86,Good,Completed,-273,James When Group,P575368059T,2023-10-07,Torreston,Small,837,Cleaning & Sanitary Services,666088,2023-01-07,Supply and delivery of cleaning & sanitary services items,Ministry of Grow
C-530,530,130,7135272.180320835,2025-09-05,36,10.28,Good,Completed,-111,Francis Leader Agencies,P205702499W,2025-12-25,South Garrettport,Small,322,Consultancy Services,6658947,2025-09-05,Supply and delivery of consultancy services items,Ministry of Suggest
C-531,531,150,741084.3832105591,2023-01-29,1,4.23,Good,Completed,-652,Pena These Group,P625432379N,2024-11-11,Crosbyview,Medium,572,Office Stationery & Supplies,758003,2023-01-29,Supply and delivery of office stationery & supplies items,Ministry of Even
C-532,532,249,1414251.5590602711,2025-04-03,52,0.63,Good,Completed,-76,Lin Kid Ltd,P366578178K,2025-06-18,Sarahmouth,Small,324,ICT Equipment & Software,1305113,2025-04-03,Supply and delivery of ict equipment & software items,Ministry of Tax
C-533,533,299,9714888.643101111,2024-10-04,24,9.2,Good,Completed,3074,Harper Score Agencies,P152265802P,2016-05-05,South Scottside,Small,527,Office Stationery & Supplies,9422004,2024-10-04,Supply and delivery of office stationery & supplies items,Ministry of Enough
C-534,534,186,3896535.444606561,2024-02-29,8,0.16,Good,Completed,2703,Bean Production Ltd,P630554118D,2016-10-05,Maldonadoshire,Medium,558,Medical Supplies & Pharmaceuticals,4134464,2024-02-29,Supply and delivery of medical supplies & pharmaceuticals items,Ministry of Huge
C-535,535,286,2093491.2083720453,2023-05-18,0,2.23,Good,Completed,1172,Dunn Market Ltd,P913198930I,2020-03-02,Port John,Medium,594,Office Stationery & Supplies,2192101,2023-05-18,Supply and delivery of office stationery & supplies items,Ministry of Speech
C-536,536,417,10866370.432014765,2021-06-17,6,0.49,Good,Completed,1612,Moreno Economy Ltd,P550773824F,2017-01-17,East Jenniferland,Large,698,Motor Vehicles & Spare Parts,9944689,2021-06-17,Supply and delivery of motor vehicles & spare parts items,Ministry of Group
C-537,537,98,6690741.215029971,2025-10-07,8,0.04,Good,Completed,3365,Carter Yet Agencies,P235591568O,2016-07-21,Garciatown,Small,587,Office Stationery & Supplies,6862126,2025-10-07,Supply and delivery of office stationery & supplies items,Ministry of Low
C-538,538,487,6594116.680637917,2024-02-02,7,6.14,Good,Completed,1050,Hanson Pattern Agencies,P209856785A,2021-03-19,Annaport,Small,800,Motor Vehicles & Spare Parts,6442057,2024-02-02,Supply and delivery of motor vehicles & spare parts items,Ministry of Watch
C-539,539,202,29893841.02448627,2023-07-09,2,13.33,Poor,Completed,1889,Allen Table Ltd,P942211135E,2018-05-07,West Erika,Small,817,ICT Equipment & Software,28258455,2023-07-09,Supply and delivery of ict equipment & software items,Ministry of Ahead
C-540,540,171,1660138.8884159634,2022-11-21,7,9.39,Good,Completed,2408,Nelson Sound Ventures,P431769776V,2016-04-18,Adamberg,Small,744,Cleaning & Sanitary Services,1612760,2022-11-21,Supply and delivery of cleaning & sanitary services items,Ministry of Evening
C-541,541,288,3360210.1267270795,2020-05-28,25,0.0,Good,Completed,1197,Poole Weight Ltd,P642762599M,2017-02-16,East Mark,Medium,442,Consultancy Services,3657689,2020-05-28,Supply and delivery of consultancy services items,Ministry of Property
C-542,542,458,2052606.1112356363,2024-09-23,8,3.24,Good,Completed,2318,Williams Owner Agencies,P690195758F,2018-05-20,North Michael,Medium,577,Consultancy Services,1963236,2024-09-23,Supply and delivery of consultancy services items,Ministry of Discussion
C-543,543,354,575479.034897961,2024-01-23,44,9.55,Good,Completed,2517,Shepard Change Agencies,P474015041T,2017-03-03,Stanleyborough,Small,352,Office Stationery & Supplies,550930,2024-01-23,Supply and delivery of office stationery & supplies items,Ministry of Drug
C-544,544,211,294824508.17487544,2024-10-19,0,3.79,Fair,Completed,2343,Martinez Edge Enterprise,P550784243O,2018-05-21,Brownfort,Small,567,Construction & Civil Works,314392212,2024-10-19,Supply and delivery of construction & civil works items,Ministry of Itself
C-545,545,428,8472243.68104172,2025-09-24,20,11.68,Good,Completed,1424,Green Tax Limited,P180516876B,2021-10-31,East Rachelmouth,Small,789,Medical Supplies & Pharmaceuticals,8046232,2025-09-24,Supply and delivery of medical supplies & pharmaceuticals items,Ministry of Name
C-546,546,477,3331477.752888147,2023-03-19,0,4.45,Poor,Completed,1945,Lewis Than Enterprise,P537195843V,2017-11-20,Malonestad,Small,826,Consultancy Services,3598408,2023-03-19,Supply and delivery of consultancy services items,Ministry of School
C-547,547,450,106035291.03585288,2024-12-28,32,1.88,Poor,Completed,2668,Mcclure Behavior Group,P982252644T,2017-09-08,Seanview,Medium,381,Construction & Civil Works,117729265,2024-12-28,Supply and delivery of construction & civil works items,Ministry of Energy
C-548,548,434,179411.1007357423,2021-09-21,13,3.44,Good,Completed,167,Mccoy Suffer Ltd,P683746914Y,2021-04-07,South Kimberlystad,Small,840,Consultancy Services,191006,2021-09-21,Supply and delivery of consultancy services items,Ministry of Inside
C-549,549,254,43770228.25177301,2024-01-16,2,0.25,Good,Completed,2748,Hoffman Him Group,P694018597S,2016-07-08,South Williamside,Small,581,ICT Equipment & Software,46521624,2024-01-16,Supply and delivery of ict equipment & software items,Ministry of Tend
C-550,550,154,775260.2130373312,2022-01-19,3,5.66,Fair,Completed,-1405,Buchanan Describe Enterprise,P173669588W,2025-11-24,New Jason,Small,754,Motor Vehicles & Spare Parts,788725,2022-01-19,Supply and delivery of motor vehicles & spare parts items,Ministry of Once
C-551,551,109,10154409.247360187,2025-08-02,16,6.8,Good,Completed,55,Mason Minute Group,P570040006F,2025-06-08,South Jessicaview,Medium,641,Motor Vehicles & Spare Parts,9277376,2025-08-02,Supply and delivery of motor vehicles & spare parts items,Ministry of Maybe
C-552,552,135,441741483.4565973,2021-11-18,11,7.18,Good,Completed,1876,Landry People Enterprise,P421214426O,2016-09-29,Vaughnmouth,Medium,679,Construction & Civil Works,458191319,2021-11-18,Supply and delivery of construction & civil works items,Ministry of Discover
C-553,553,304,3826001.336374967,2025-05-13,48,10.71,Fair,Completed,874,Russell First Limited,P504221050L,2022-12-21,Allenbury,Small,368,Consultancy Services,3737820,2025-05-13,Supply and delivery of consultancy services items,Ministry of Exist
C-554,554,393,17467246.691783335,2021-02-04,3,0.0,Fair,Completed,-808,Bell Laugh Enterprise,P437695739Y,2023-04-23,East Joshua,Large,837,ICT Equipment & Software,17956057,2021-02-04,Supply and delivery of ict equipment & software items,Ministry of Skin
C-555,555,328,5732837.792883586,2024-02-05,6,5.72,Good,Completed,-43,Nicholson Woman Ltd,P182611003T,2024-03-19,New John,Small,641,Office Stationery & Supplies,5520712,2024-02-05,Supply and delivery of office stationery & supplies items,Ministry of Where
C-556,556,75,3724361.3240690664,2021-02-20,53,5.61,Good,Completed,100,Price Relate Enterprise,P829223044Z,2020-11-12,Ramseymouth,Medium,353,Motor Vehicles & Spare Parts,3552501,2021-02-20,Supply and delivery of motor vehicles & spare parts items,Ministry of Since
C-557,557,248,200652206.17739666,2021-03-13,8,0.0,Good,Completed,730,Owens Example Agencies,P582750043P,2019-03-14,North Brent,Small,836,Construction & Civil Works,191995216,2021-03-13,Supply and delivery of construction & civil works items,Ministry of Simply
C-558,558,217,15238490.481120836,2021-06-14,8,6.57,Good,Completed,-6,Li Continue Enterprise,P991617660X,2021-06-20,Pollardfort,Small,607,ICT Equipment & Software,15963365,2021-06-14,Supply and delivery of ict equipment & software items,Ministry of Evidence
C-559,559,417,5859355.298815159,2021-03-29,0,6.54,Poor,Completed,1532,Moreno Economy Ltd,P550773824F,2017-01-17,East Jenniferland,Large,698,Cleaning & Sanitary Services,5551973,2021-03-29,Supply and delivery of cleaning & sanitary services items,Ministry of Degree
C-560,560,194,1863448.4296490524,2025-01-03,0,4.89,Good,Completed,807,Williams Program Group,P795038832V,2022-10-19,West Codyfurt,Large,555,ICT Equipment & Software,1879904,2025-01-03,Supply and delivery of ict equipment & software items,Ministry of Think
C-561,561,3,43406482.68814943,2023-09-17,3,0.0,Good,Completed,614,Hoffman Sense Enterprise,P797808098S,2022-01-11,Robinsonshire,Small,758,ICT Equipment & Software,41407604,2023-09-17,Supply and delivery of ict equipment & software items,Ministry of Clearly
C-562,562,319,1869655.4443819544,2024-09-02,15,8.06,Good,Completed,3140,Arnold Actually Ltd,P117959560H,2016-01-28,Amandaport,Small,612,Consultancy Services,1756321,2024-09-02,Supply and delivery of consultancy services items,Ministry of Call
C-563,563,269,5763872.966631527,2025-07-09,36,8.53,Fair,Completed,485,Blevins Summer Ventures,P257277541S,2024-03-11,West Stephanieland,Small,300,Cleaning & Sanitary Services,5454552,2025-07-09,Supply and delivery of cleaning & sanitary services items,Ministry of Require
C-564,564,24,17259902.70005227,2025-09-25,3,3.38,Good,Completed,1032,Marquez Inside Group,P821218382P,2022-11-28,Samuelhaven,Small,637,ICT Equipment & Software,16874601,2025-09-25,Supply and delivery of ict equipment & software items,Ministry of Mind
C-565,565,104,11465942.165527381,2023-09-06,55,12.18,Good,Completed,2229,Thompson Bad Group,P268075622A,2017-07-30,Hayesfort,Small,335,ICT Equipment & Software,11718063,2023-09-06,Supply and delivery of ict equipment & software items,Ministry of South
C-566,566,59,7164436.699375089,2025-02-20,60,5.71,Good,Completed,-100,Byrd Weight Ventures,P286860433N,2025-05-31,Richardtown,Small,483,Office Stationery & Supplies,6650091,2025-02-20,Supply and delivery of office stationery & supplies items,Ministry of And
C-567,567,224,3810584.9326231056,2025-01-31,36,5.96,Good,Completed,2941,Murphy Find Agencies,P429097422C,2017-01-12,Jacksonmouth,Medium,410,Motor Vehicles & Spare Parts,3466823,2025-01-31,Supply and delivery of motor vehicles & spare parts items,Ministry of Hot
C-568,568,453,7815925.024277591,2023-09-21,30,9.14,Good,Completed,2447,Mendoza Treat Enterprise,P720682356P,2017-01-08,East Shannon,Large,316,Cleaning & Sanitary Services,7470683,2023-09-21,Supply and delivery of cleaning & sanitary services items,Ministry of Mind
C-569,569,348,9681571.669320459,2025-05-21,55,6.51,Good,Completed,1785,Harper Pass Limited,P530361198I,2020-07-01,Stephensstad,Small,450,Office Stationery & Supplies,9585961,2025-05-21,Supply and delivery of office stationery & supplies items,Ministry of Upon
C-570,570,155,4712626.104610033,2025-05-19,0,6.73,Fair,Completed,247,Murphy Choose Ventures,P946799779M,2024-09-14,West Micheleberg,Large,683,Office Stationery & Supplies,5147999,2025-05-19,Supply and delivery of office stationery & supplies items,Ministry of Trouble
C-571,571,497,5133278.907051524,2021-08-24,0,9.75,Good,Completed,-1390,Jones Visit Ventures,P308889819G,2025-06-14,Port Erinhaven,Small,524,Office Stationery & Supplies,4918750,2021-08-24,Supply and delivery of office stationery & supplies items,Ministry of Cover
C-572,572,151,341734131.93973935,2025-11-26,2,6.19,Good,Completed,3495,Wood Life Ltd,P577488537P,2016-05-02,Corystad,Small,641,Construction & Civil Works,332979967,2025-11-26,Supply and delivery of construction & civil works items,Ministry of Whole
C-573,573,233,4881192.588028091,2023-01-24,5,2.14,Poor,Completed,138,Mckinney Oil Ventures,P682152066S,2022-09-08,Melissaburgh,Small,845,Motor Vehicles & Spare Parts,4575156,2023-01-24,Supply and delivery of motor vehicles & spare parts items,Ministry of Information
C-574,574,234,7641311.795277324,2021-05-01,40,0.0,Good,Completed,-955,Hicks Campaign Ltd,P315801027Y,2023-12-12,East Kristy,Small,372,Medical Supplies & Pharmaceuticals,8170297,2021-05-01,Supply and delivery of medical supplies & pharmaceuticals items,Ministry of Part
C-575,575,72,2909859.3492504484,2020-10-07,9,9.3,Good,Completed,1511,Wall Improve Ltd,P926561919L,2016-08-18,Port Nicoleshire,Small,752,Motor Vehicles & Spare Parts,2730723,2020-10-07,Supply and delivery of motor vehicles & spare parts items,Ministry of Never
C-576,576,89,871156.3993859697,2024-10-17,13,4.84,Good,Completed,1128,Barnett Great Group,P130816384F,2021-09-15,Hunterborough,Small,815,Cleaning & Sanitary Services,965139,2024-10-17,Supply and delivery of cleaning & sanitary services items,Ministry of Mean
C-577,577,458,7980817.170299305,2025-08-20,8,12.41,Good,Completed,2649,Williams Owner Agencies,P690195758F,2018-05-20,North Michael,Medium,577,Cleaning & Sanitary Services,7643159,2025-08-20,Supply and delivery of cleaning & sanitary services items,Ministry of Alone
C-578,578,404,2748439.8963551424,2023-01-05,4,4.8,Fair,Completed,2057,Smith Model Ltd,P472271797H,2017-05-19,Garyberg,Small,696,Consultancy Services,3001717,2023-01-05,Supply and delivery of consultancy services items,Ministry of Indeed
C-579,579,129,6609072.171298548,2025-02-28,0,2.2,Good,Completed,1955,Stewart Serious Group,P915401487F,2019-10-23,New Caseyport,Small,588,Medical Supplies & Pharmaceuticals,6916525,2025-02-28,Supply and delivery of medical supplies & pharmaceuticals items,Ministry of Stand
C-580,580,118,5823132.305571885,2021-01-17,26,3.85,Good,Completed,-752,Collins Address Ltd,P692975437A,2023-02-08,East Victoriaville,Medium,357,Office Stationery & Supplies,5792796,2021-01-17,Supply and delivery of office stationery & supplies items,Ministry of Camera
C-581,581,202,261944000.075537,2024-03-09,7,9.66,Good,Completed,2133,Allen Table Ltd,P942211135E,2018-05-07,West Erika,Small,817,Construction & Civil Works,263480807,2024-03-09,Supply and delivery of construction & civil works items,Ministry of Magazine
C-582,582,11,3337424.8411636455,2021-11-22,0,12.95,Good,Completed,-657,Brown Term Agencies,P134467368Z,2023-09-10,Richardland,Medium,543,ICT Equipment & Software,3633211,2021-11-22,Supply and delivery of ict equipment & software items,Ministry of Across
C-583,583,414,50539480.316997215,2020-01-26,38,11.31,Fair,Completed,-211,Vargas Minute Ventures,P929587172X,2020-08-24,Lake Rachel,Medium,302,ICT Equipment & Software,48198800,2020-01-26,Supply and delivery of ict equipment & software items,Ministry of Develop
C-584,584,236,8121994.714915019,2022-04-11,3,0.11,Good,Completed,2049,Sanders Series Agencies,P871880418E,2016-08-31,Hammondshire,Small,649,Motor Vehicles & Spare Parts,7540449,2022-04-11,Supply and delivery of motor vehicles & spare parts items,Ministry of Blood
C-585,585,51,369135935.00451785,2021-12-14,53,24.83,Poor,Completed,-390,Reyes American Ventures,P605399561O,2023-01-08,Port Samantha,Small,673,Construction & Civil Works,409379383,2021-12-14,Supply and delivery of construction & civil works items,Ministry of Position
C-586,586,154,4919209.8376034275,2025-03-03,0,12.95,Good,Completed,-266,Buchanan Describe Enterprise,P173669588W,2025-11-24,New Jason,Small,754,Cleaning & Sanitary Services,5171915,2025-03-03,Supply and delivery of cleaning & sanitary services items,Ministry of Culture
C-587,587,427,74241916.04478191,2023-04-16,150,44.92,Poor,Terminated,-374,Haas Case Ltd,P312743722Z,2024-04-24,Ginaland,Small,319,Construction & Civil Works,72552809,2023-04-16,Supply and delivery of construction & civil works items,Ministry of Economic
C-588,588,188,6932033.706656503,2021-08-13,7,6.27,Good,Completed,433,Turner Face Agencies,P735032128D,2020-06-06,Williamport,Small,672,Medical Supplies & Pharmaceuticals,6410114,2021-08-13,Supply and delivery of medical supplies & pharmaceuticals items,Ministry of Position
C-589,589,57,3665863.9956596494,2022-01-21,20,0.0,Good,Completed,-1257,Mccall Price Ltd,P437064353Q,2025-07-01,Lake Rachelhaven,Small,429,Cleaning & Sanitary Services,3703110,2022-01-21,Supply and delivery of cleaning & sanitary services items,Ministry of Create
C-590,590,173,7147511.056620042,2022-12-28,37,4.68,Good,Completed,1176,Chavez Coach Limited,P497341481T,2019-10-09,Kimberlyshire,Large,338,Medical Supplies & Pharmaceuticals,7790840,2022-12-28,Supply and delivery of medical supplies & pharmaceuticals items,Ministry of Develop
C-591,591,188,7129165.906195603,2022-07-07,0,6.0,Good,Completed,761,Turner Face Agencies,P735032128D,2020-06-06,Williamport,Small,672,Office Stationery & Supplies,6601553,2022-07-07,Supply and delivery of office stationery & supplies items,Ministry of Soldier
C-592,592,85,9454649.780194402,2022-03-26,16,0.0,Good,Completed,1005,Patterson Hospital Agencies,P174041730G,2019-06-25,Alexanderchester,Small,337,Office Stationery & Supplies,9438770,2022-03-26,Supply and delivery of office stationery & supplies items,Ministry of Too
C-593,593,91,1258044.1571019627,2022-05-27,59,3.31,Fair,Completed,-1128,Miller Service Ltd,P536398872F,2025-06-28,Lake Thomas,Large,457,Consultancy Services,1374634,2022-05-27,Supply and delivery of consultancy services items,Ministry of Little
C-594,594,338,1255814.8786180338,2021-01-29,7,9.23,Poor,Completed,436,Miller Wear Enterprise,P700797791P,2019-11-20,Lake Oscar,Medium,679,Medical Supplies & Pharmaceuticals,1328807,2021-01-29,Supply and delivery of medical supplies & pharmaceuticals items,Ministry of Catch
C-595,595,388,7566798.689003604,2025-11-15,17,0.0,Poor,Completed,2777,Frazier Act Limited,P108657116S,2018-04-09,Lisachester,Medium,796,Medical Supplies & Pharmaceuticals,7701748,2025-11-15,Supply and delivery of medical supplies & pharmaceuticals items,Ministry of Rich
C-596,596,247,8742590.224201247,2021-05-15,16,7.87,Good,Completed,792,Travis Hair Limited,P528118701I,2019-03-15,Zacharyville,Small,572,Motor Vehicles & Spare Parts,8903208,2021-05-15,Supply and delivery of motor vehicles & spare parts items,Ministry of Black
C-597,597,249,2578436.290875625,2024-04-28,41,0.0,Good,Completed,-416,Lin Kid Ltd,P366578178K,2025-06-18,Sarahmouth,Small,324,Motor Vehicles & Spare Parts,2369070,2024-04-28,Supply and delivery of motor vehicles & spare parts items,Ministry of Summer
C-598,598,78,7785305.406135273,2021-05-31,0,3.71,Fair,Completed,-806,Gray Soldier Enterprise,P993271900A,2023-08-15,Maryfort,Small,772,Cleaning & Sanitary Services,7740167,2021-05-31,Supply and delivery of cleaning & sanitary services items,Ministry of Lay
C-599,599,12,8536497.828976419,2025-02-19,25,1.72,Good,Completed,2564,Hahn Under Ltd,P870854579U,2018-02-12,Lake Victor,Small,320,ICT Equipment & Software,7822153,2025-02-19,Supply and delivery of ict equipment & software items,Ministry of Deal
C-600,600,473,2403715.2763182716,2020-11-15,8,12.75,Good,Completed,1641,Hill Charge Agencies,P763834967M,2016-05-19,Williamsmouth,Small,758,Medical Supplies & Pharmaceuticals,2619507,2020-11-15,Supply and delivery of medical supplies & pharmaceuticals items,Ministry of Single
C-601,601,336,1355646.3390214408,2020-11-23,5,14.1,Good,Completed,1301,Lopez List Limited,P698058121J,2017-05-02,Garcialand,Small,563,Cleaning & Sanitary Services,1356715,2020-11-23,Supply and delivery of cleaning & sanitary services items,Ministry of Sure
C-602,602,476,17507507.377341833,2020-01-22,0,0.15,Good,Completed,-2079,Ramos That Group,P444529729R,2025-10-01,Jacobsland,Medium,752,ICT Equipment & Software,18803750,2020-01-22,Supply and delivery of ict equipment & software items,Ministry of Know
C-603,603,126,3911354.727026158,2022-12-30,35,8.16,Good,Completed,743,Johnson Morning Agencies,P733701411V,2020-12-17,Port Meganville,Small,346,Office Stationery & Supplies,3902986,2022-12-30,Supply and delivery of office stationery & supplies items,Ministry of Walk
C-604,604,127,453898.53510746843,2025-02-04,15,4.94,Good,Completed,1398,Bryant Seven Ltd,P254785699A,2021-04-08,North Terrance,Small,752,Cleaning & Sanitary Services,471616,2025-02-04,Supply and delivery of cleaning & sanitary services items,Ministry of Nation
C-605,605,157,9670774.422044283,2023-03-15,3,6.18,Good,Completed,476,Smith Evidence Group,P156263020I,2021-11-24,Foxland,Small,695,Medical Supplies & Pharmaceuticals,9263766,2023-03-15,Supply and delivery of medical supplies & pharmaceuticals items,Ministry of Four
C-606,606,297,8845194.529209357,2024-09-16,0,12.56,Good,Completed,2274,Reed Fact Ltd,P302379343U,2018-06-26,North Lisachester,Small,821,Consultancy Services,9404991,2024-09-16,Supply and delivery of consultancy services items,Ministry of First
C-607,607,81,386497.0855248787,2021-07-03,15,8.63,Good,Completed,-438,Elliott Discover Ventures,P599326438S,2022-09-14,Katieburgh,Small,576,Medical Supplies & Pharmaceuticals,379215,2021-07-03,Supply and delivery of medical supplies & pharmaceuticals items,Ministry of Town
C-608,608,323,2861174.902564284,2023-05-29,37,11.47,Good,Completed,-395,Valdez Toward Ltd,P797818850W,2024-06-27,North Richardfurt,Small,478,Office Stationery & Supplies,2943236,2023-05-29,Supply and delivery of office stationery & supplies items,Ministry of Information
C-609,609,356,7743026.99556676,2020-08-04,48,10.17,Fair,Completed,1511,Page Agency Agencies,P468377143P,2016-06-15,Lake Laurenbury,Medium,457,Medical Supplies & Pharmaceuticals,7479933,2020-08-04,Supply and delivery of medical supplies & pharmaceuticals items,Ministry of Common
C-610,610,313,6182132.70446797,2020-05-11,59,5.88,Good,Completed,-1118,Smith On Ltd,P727099478L,2023-06-03,Phillipsborough,Small,328,Cleaning & Sanitary Services,6253973,2020-05-11,Supply and delivery of cleaning & sanitary services items,Ministry of Teach
C-611,611,325,2027272.628428713,2021-07-11,16,0.0,Fair,Completed,-52,Hodge Beyond Agencies,P667106600C,2021-09-01,East Rachel,Small,460,Office Stationery & Supplies,2060584,2021-07-11,Supply and delivery of office stationery & supplies items,Ministry of Those
C-612,612,349,5722193.131678229,2023-10-12,14,0.14,Fair,Completed,275,Burnett Phone Group,P785240944F,2023-01-10,Port Johnstad,Small,680,Medical Supplies & Pharmaceuticals,6323754,2023-10-12,Supply and delivery of medical supplies & pharmaceuticals items,Ministry of Listen
C-613,613,415,9822566.697877003,2024-06-19,8,5.43,Good,Completed,311,Sanchez According Group,P540272920B,2023-08-13,New Michael,Small,623,Cleaning & Sanitary Services,9904815,2024-06-19,Supply and delivery of cleaning & sanitary services items,Ministry of Ever
C-614,614,459,170662805.1761695,2022-03-01,0,13.64,Good,Completed,686,Phillips Recently Ventures,P771186296M,2020-04-14,Gonzaleztown,Small,783,Construction & Civil Works,188657022,2022-03-01,Supply and delivery of construction & civil works items,Ministry of Opportunity
C-615,615,67,6205350.901884123,2023-05-06,4,0.0,Good,Completed,739,Hansen Free Ltd,P910943524C,2021-04-27,Rivasside,Small,637,Consultancy Services,5855892,2023-05-06,Supply and delivery of consultancy services items,Ministry of Take
C-616,616,17,8189597.69930885,2021-07-18,53,2.32,Poor,Completed,-463,Wilson Value Ventures,P676567501W,2022-10-24,Kaylamouth,Small,334,Consultancy Services,8083372,2021-07-18,Supply and delivery of consultancy services items,Ministry of Again
C-617,617,368,43995236.86546228,2022-06-21,0,3.93,Fair,Completed,842,Larsen Middle Agencies,P279587066F,2020-03-01,Port Kathleenport,Medium,567,ICT Equipment & Software,42182179,2022-06-21,Supply and delivery of ict equipment & software items,Ministry of Have
C-618,618,39,7550640.854416353,2025-03-15,25,1.11,Good,Completed,2880,Brewer Lot Limited,P439492674W,2017-04-26,North Stephenshire,Small,760,Medical Supplies & Pharmaceuticals,7437694,2025-03-15,Supply and delivery of medical supplies & pharmaceuticals items,Ministry of Police
C-619,619,399,8655187.836845532,2021-03-11,4,15.21,Good,Completed,936,Williams As Agencies,P947493681Z,2018-08-18,Courtneyhaven,Small,701,Office Stationery & Supplies,9021334,2021-03-11,Supply and delivery of office stationery & supplies items,Ministry of Parent
C-620,620,388,5189383.220590008,2023-11-24,0,1.54,Poor,Completed,2055,Frazier Act Limited,P108657116S,2018-04-09,Lisachester,Medium,796,Office Stationery & Supplies,5090488,2023-11-24,Supply and delivery of office stationery & supplies items,Ministry of Nothing
C-621,621,475,368222.00251939846,2021-01-17,46,2.91,Good,Completed,705,Cameron Toward Ventures,P847520637R,2019-02-12,Port Jeremyport,Small,320,Office Stationery & Supplies,339968,2021-01-17,Supply and delivery of office stationery & supplies items,Ministry of Statement
C-622,622,236,2694910.2061403333,2021-09-15,7,0.0,Good,Completed,1841,Sanders Series Agencies,P871880418E,2016-08-31,Hammondshire,Small,649,Medical Supplies & Pharmaceuticals,2692536,2021-09-15,Supply and delivery of medical supplies & pharmaceuticals items,Ministry of Garden
C-623,623,284,5471182.153214166,2024-01-14,70,3.97,Good,Completed,426,Leblanc View Group,P855438611X,2022-11-14,Hannahport,Small,377,Medical Supplies & Pharmaceuticals,5604381,2024-01-14,Supply and delivery of medical supplies & pharmaceuticals items,Ministry of Method
C-624,624,363,4132262.511369686,2024-08-24,19,0.0,Good,Completed,231,Sellers Performance Agencies,P191001735R,2024-01-06,West David,Large,341,Cleaning & Sanitary Services,4514084,2024-08-24,Supply and delivery of cleaning & sanitary services items,Ministry of Likely
C-625,625,71,3671200.72159264,2025-05-03,41,1.16,Good,Completed,873,Mccarthy Attack Limited,P545461013A,2022-12-12,Amychester,Large,301,Office Stationery & Supplies,3978363,2025-05-03,Supply and delivery of office stationery & supplies items,Ministry of I
C-626,626,157,1214627.4369370139,2023-09-06,3,8.24,Good,Completed,651,Smith Evidence Group,P156263020I,2021-11-24,Foxland,Small,695,Consultancy Services,1127557,2023-09-06,Supply and delivery of consultancy services items,Ministry of Major
C-627,627,42,6973946.938672295,2023-10-16,0,0.0,Good,Completed,2814,Montoya Firm Group,P812308209G,2016-02-01,West Darrell,Small,840,ICT Equipment & Software,6398885,2023-10-16,Supply and delivery of ict equipment & software items,Ministry of Check
C-628,628,119,8458378.932496166,2025-03-17,51,10.33,Fair,Completed,1675,Wilson There Limited,P265325235F,2020-08-15,Williamview,Small,395,Office Stationery & Supplies,7701723,2025-03-17,Supply and delivery of office stationery & supplies items,Ministry of Push
C-629,629,388,6212202.2990241945,2024-11-04,16,8.35,Poor,Completed,2401,Frazier Act Limited,P108657116S,2018-04-09,Lisachester,Medium,796,Medical Supplies & Pharmaceuticals,5788238,2024-11-04,Supply and delivery of medical supplies & pharmaceuticals items,Ministry of Green
C-630,630,97,9441698.371436145,2022-07-13,0,9.92,Poor,Completed,1300,Ward Five Enterprise,P115191689T,2018-12-21,West Brandon,Small,622,Medical Supplies & Pharmaceuticals,9694731,2022-07-13,Supply and delivery of medical supplies & pharmaceuticals items,Ministry of Position
C-631,631,237,493815957.6817565,2023-06-06,9,11.89,Fair,Completed,2441,Compton Quality Enterprise,P179634081C,2016-09-29,Frazierstad,Large,636,Construction & Civil Works,467990036,2023-06-06,Supply and delivery of construction & civil works items,Ministry of Time
C-632,632,283,30156913.582130894,2025-06-10,30,2.23,Poor,Completed,3404,Valdez Room Ventures,P353727962D,2016-02-14,South Kurtfurt,Small,464,ICT Equipment & Software,29512949,2025-06-10,Supply and delivery of ict equipment & software items,Ministry of Base
C-633,633,203,4370489.968189277,2020-12-20,0,8.93,Poor,Completed,-271,Alexander Specific Ventures,P402550088X,2021-09-17,Shawchester,Medium,736,Office Stationery & Supplies,4032747,2020-12-20,Supply and delivery of office stationery & supplies items,Ministry of Drive
C-634,634,42,8837935.930822397,2021-11-17,8,7.33,Good,Completed,2116,Montoya Firm Group,P812308209G,2016-02-01,West Darrell,Small,840,Medical Supplies & Pharmaceuticals,8678845,2021-11-17,Supply and delivery of medical supplies & pharmaceuticals items,Ministry of Read
C-635,635,28,45420720.29651891,2021-09-30,15,8.66,Good,Completed,-853,Lee Bill Ltd,P807577342B,2024-01-31,Rodneymouth,Large,643,ICT Equipment & Software,43299087,2021-09-30,Supply and delivery of ict equipment & software items,Ministry of Example
C-636,636,62,7961256.031432039,2023-08-19,10,2.9,Poor,Completed,902,Schultz Government Agencies,P200273738W,2021-02-28,Lake Lance,Small,443,Consultancy Services,7656855,2023-08-19,Supply and delivery of consultancy services items,Ministry of Indicate
C-637,637,476,31234923.927374527,2021-08-17,15,2.0,Good,Completed,-1506,Ramos That Group,P444529729R,2025-10-01,Jacobsland,Medium,752,ICT Equipment & Software,30081501,2021-08-17,Supply and delivery of ict equipment & software items,Ministry of Light
C-638,638,459,543749325.8870926,2024-09-07,13,2.27,Good,Completed,1607,Phillips Recently Ventures,P771186296M,2020-04-14,Gonzaleztown,Small,783,Construction & Civil Works,498380564,2024-09-07,Supply and delivery of construction & civil works items,Ministry of Wrong
C-639,639,306,6400037.482580681,2022-03-06,18,11.48,Good,Completed,317,Price Especially Agencies,P318331154V,2021-04-23,South Melanieland,Small,645,Office Stationery & Supplies,5885267,2022-03-06,Supply and delivery of office stationery & supplies items,Ministry of People
C-640,640,366,18110141.00215013,2023-02-15,3,8.79,Good,Completed,1544,Lopez Thousand Ventures,P584258607N,2018-11-24,Port Michaeltown,Small,641,ICT Equipment & Software,18501960,2023-02-15,Supply and delivery of ict equipment & software items,Ministry of Little
C-641,641,487,5296090.367835243,2022-06-26,10,11.83,Good,Completed,464,Hanson Pattern Agencies,P209856785A,2021-03-19,Annaport,Small,800,Office Stationery & Supplies,4962894,2022-06-26,Supply and delivery of office stationery & supplies items,Ministry of Create
C-642,642,63,17796591.90107602,2025-02-14,18,8.26,Good,Completed,383,Hernandez Any Ltd,P362897676E,2024-01-28,South Robertshire,Small,486,ICT Equipment & Software,19408234,2025-02-14,Supply and delivery of ict equipment & software items,Ministry of Car
C-643,643,134,282048616.4600223,2024-05-13,35,1.66,Good,Completed,2125,Scott Act Limited,P963968184D,2018-07-19,Ericaburgh,Small,459,Construction & Civil Works,264868950,2024-05-13,Supply and delivery of construction & civil works items,Ministry of Recently
C-644,644,148,6450244.154062933,2021-07-05,53,11.46,Good,Completed,-362,Wilson Answer Limited,P139956218T,2022-07-02,Wilsonbury,Small,395,Cleaning & Sanitary Services,6988260,2021-07-05,Supply and delivery of cleaning & sanitary services items,Ministry of Six
C-645,645,438,428909.6433964471,2024-03-15,0,5.6,Fair,Completed,1044,Moody Since Ventures,P160031457W,2021-05-06,New Meghan,Small,627,Medical Supplies & Pharmaceuticals,394746,2024-03-15,Supply and delivery of medical supplies & pharmaceuticals items,Ministry of Base
C-646,646,9,5197395.520474796,2021-04-06,6,5.97,Good,Completed,-529,Miles Result Enterprise,P795822698E,2022-09-17,New Jessica,Small,775,Office Stationery & Supplies,5532019,2021-04-06,Supply and delivery of office stationery & supplies items,Ministry of Industry
C-647,647,99,1777639.5755553867,2020-08-13,46,7.4,Poor,Completed,-414,Harrison Let Agencies,P465830215L,2021-10-01,West Shelleyfort,Small,454,Consultancy Services,1802159,2020-08-13,Supply and delivery of consultancy services items,Ministry of Attack
C-648,648,91,10049200.617279751,2025-08-14,45,8.82,Poor,Completed,47,Miller Service Ltd,P536398872F,2025-06-28,Lake Thomas,Large,457,ICT Equipment & Software,10892034,2025-08-14,Supply and delivery of ict equipment & software items,Ministry of Material
C-649,649,214,8511227.429692462,2023-04-16,79,1.35,Fair,Completed,-823,Stephens Stop Group,P645055605J,2025-07-17,South Morganton,Medium,374,Medical Supplies & Pharmaceuticals,8612558,2023-04-16,Supply and delivery of medical supplies & pharmaceuticals items,Ministry of Agree
C-650,650,225,1212832.7675968972,2024-08-16,56,3.16,Good,Completed,1863,Williams True Ltd,P478557676N,2019-07-11,Hillton,Small,394,Motor Vehicles & Spare Parts,1253224,2024-08-16,Supply and delivery of motor vehicles & spare parts items,Ministry of Need
C-651,651,244,2686753.1299125412,2024-08-03,11,13.04,Poor,Completed,877,Johnson Visit Ventures,P773412230I,2022-03-10,Dawnport,Small,805,Medical Supplies & Pharmaceuticals,2750235,2024-08-03,Supply and delivery of medical supplies & pharmaceuticals items,Ministry of Because
C-652,652,419,380829158.58660996,2020-08-15,197,30.56,Poor,Completed,-436,Wagner Public Enterprise,P980428452Z,2021-10-25,New Ashleychester,Large,360,Construction & Civil Works,378838791,2020-08-15,Supply and delivery of construction & civil works items,Ministry of Prepare
C-653,653,387,8248003.564393673,2020-12-06,51,1.78,Poor,Completed,231,Davis Beyond Enterprise,P101166414N,2020-04-19,Millershire,Small,316,Motor Vehicles & Spare Parts,8399350,2020-12-06,Supply and delivery of motor vehicles & spare parts items,Ministry of Real
C-654,654,313,2261614.4544586404,2025-08-03,51,2.52,Fair,Completed,792,Smith On Ltd,P727099478L,2023-06-03,Phillipsborough,Small,328,Motor Vehicles & Spare Parts,2403554,2025-08-03,Supply and delivery of motor vehicles & spare parts items,Ministry of In
C-655,655,17,4026866.2565139015,2021-11-08,37,4.46,Good,Completed,-350,Wilson Value Ventures,P676567501W,2022-10-24,Kaylamouth,Small,334,Medical Supplies & Pharmaceuticals,4120120,2021-11-08,Supply and delivery of medical supplies & pharmaceuticals items,Ministry of End
C-656,656,222,3031263.3274530955,2024-06-04,19,12.66,Good,Completed,-194,Hughes Culture Ventures,P632794158S,2024-12-15,Richardsonhaven,Small,845,Motor Vehicles & Spare Parts,2776517,2024-06-04,Supply and delivery of motor vehicles & spare parts items,Ministry of Level
C-657,657,269,7605105.835532195,2023-10-04,24,5.22,Fair,Completed,-159,Blevins Summer Ventures,P257277541S,2024-03-11,West Stephanieland,Small,300,Motor Vehicles & Spare Parts,7431006,2023-10-04,Supply and delivery of motor vehicles & spare parts items,Ministry of Catch
C-658,658,116,7614379.503732667,2023-02-28,8,4.68,Good,Completed,719,Dean Moment Enterprise,P771527524C,2021-03-11,East Josephberg,Small,645,Consultancy Services,8429442,2023-02-28,Supply and delivery of consultancy services items,Ministry of Conference
C-659,659,420,217890752.11773428,2020-03-03,72,46.04,Poor,Terminated,-899,Anderson Film Group,P380236885U,2022-08-19,Haynesmouth,Small,739,Construction & Civil Works,236698036,2020-03-03,Supply and delivery of construction & civil works items,Ministry of Record
C-660,660,402,3671856.885389297,2022-02-20,27,4.78,Good,Completed,1106,Kim Throughout Group,P356234948D,2019-02-10,North Sandy,Small,470,Consultancy Services,3617741,2022-02-20,Supply and delivery of consultancy services items,Ministry of Whole
C-661,661,318,3486753.226840222,2021-12-13,12,6.69,Good,Completed,323,Brooks Prepare Group,P784755860Q,2021-01-24,Hopkinstown,Small,608,Medical Supplies & Pharmaceuticals,3556653,2021-12-13,Supply and delivery of medical supplies & pharmaceuticals items,Ministry of Maybe
C-662,662,308,518425.3531668579,2022-10-20,0,10.24,Good,Completed,-164,Hansen Measure Group,P324292944V,2023-04-02,Susantown,Small,509,Medical Supplies & Pharmaceuticals,575595,2022-10-20,Supply and delivery of medical supplies & pharmaceuticals items,Ministry of Truth
C-663,663,274,75136514.87057877,2023-03-30,45,3.48,Good,Completed,898,Gonzalez Field Group,P444851196S,2020-10-13,Port Christophershire,Small,471,Construction & Civil Works,73997670,2023-03-30,Supply and delivery of construction & civil works items,Ministry of Expert
C-664,664,114,185562399.6001557,2023-04-16,174,54.24,Poor,Terminated,-312,Pierce Look Enterprise,P194553481U,2024-02-22,Marcusfurt,Medium,568,Construction & Civil Works,170130082,2023-04-16,Supply and delivery of construction & civil works items,Ministry of Central
C-665,665,135,4322317.564217614,2025-10-25,14,7.65,Good,Completed,3313,Landry People Enterprise,P421214426O,2016-09-29,Vaughnmouth,Medium,679,Medical Supplies & Pharmaceuticals,4061676,2025-10-25,Supply and delivery of medical supplies & pharmaceuticals items,Ministry of Save
C-666,666,19,4556728.524196127,2023-03-27,34,3.94,Good,Completed,785,Rodriguez Process Limited,P420452650O,2021-01-31,East Nathaniel,Small,405,Motor Vehicles & Spare Parts,4158848,2023-03-27,Supply and delivery of motor vehicles & spare parts items,Ministry of Perhaps
C-667,667,366,853191.4837230432,2023-08-02,26,3.18,Good,Completed,1712,Lopez Thousand Ventures,P584258607N,2018-11-24,Port Michaeltown,Small,641,Cleaning & Sanitary Services,909178,2023-08-02,Supply and delivery of cleaning & sanitary services items,Ministry of Program
C-668,668,478,4628901.2566326875,2024-06-28,11,9.92,Fair,Completed,99,Robertson Cold Limited,P170455681T,2024-03-21,Taylorhaven,Small,823,Motor Vehicles & Spare Parts,4877402,2024-06-28,Supply and delivery of motor vehicles & spare parts items,Ministry of Understand
C-669,669,375,8184235.013441851,2023-05-20,2,8.67,Good,Completed,513,Jackson Score Ventures,P414214115S,2021-12-23,Stephaniehaven,Medium,526,Office Stationery & Supplies,7586327,2023-05-20,Supply and delivery of office stationery & supplies items,Ministry of Need
C-670,670,23,750051.9601612319,2023-11-02,0,2.5,Good,Completed,-599,Martin News Agencies,P751325257B,2025-06-23,New Karina,Small,595,Cleaning & Sanitary Services,821037,2023-11-02,Supply and delivery of cleaning & sanitary services items,Ministry of None
C-671,671,127,6393697.791929047,2021-11-09,0,1.52,Good,Completed,215,Bryant Seven Ltd,P254785699A,2021-04-08,North Terrance,Small,752,Medical Supplies & Pharmaceuticals,6517954,2021-11-09,Supply and delivery of medical supplies & pharmaceuticals items,Ministry of Hand
C-672,672,98,1114648.2750076395,2022-11-21,0,5.33,Good,Completed,2314,Carter Yet Agencies,P235591568O,2016-07-21,Garciatown,Small,587,Office Stationery & Supplies,1121469,2022-11-21,Supply and delivery of office stationery & supplies items,Ministry of Dream
C-673,673,65,5498615.190227571,2024-10-29,29,10.24,Good,Completed,-39,Dalton Value Limited,P214447237X,2024-12-07,Robinsonhaven,Small,446,Motor Vehicles & Spare Parts,5879277,2024-10-29,Supply and delivery of motor vehicles & spare parts items,Ministry of Letter
C-674,674,270,3014125.9825113146,2021-11-05,21,4.32,Fair,Completed,867,Ramos Establish Limited,P902448600E,2019-06-22,East Maria,Medium,849,Office Stationery & Supplies,2992371,2021-11-05,Supply and delivery of office stationery & supplies items,Ministry of Itself
C-675,675,16,192215361.9533408,2021-07-23,100,43.97,Poor,Completed,-151,Cruz Pick Ventures,P602564736H,2021-12-21,Tashatown,Small,754,Construction & Civil Works,185494616,2021-07-23,Supply and delivery of construction & civil works items,Ministry of Floor
C-676,676,138,549517.1225247486,2020-01-24,21,0.0,Poor,Completed,-1679,Osborne Appear Limited,P751124015V,2024-08-29,Wallport,Small,584,Cleaning & Sanitary Services,563001,2020-01-24,Supply and delivery of cleaning & sanitary services items,Ministry of Necessary
C-677,677,162,2696088.8809897495,2024-11-21,21,8.25,Good,Completed,1106,Joseph I Limited,P741444618H,2021-11-11,Shawnchester,Small,514,Cleaning & Sanitary Services,2922136,2024-11-21,Supply and delivery of cleaning & sanitary services items,Ministry of Thus
C-678,678,23,645122.014346113,2020-10-25,0,4.4,Poor,Completed,-1702,Martin News Agencies,P751325257B,2025-06-23,New Karina,Small,595,Office Stationery & Supplies,615693,2020-10-25,Supply and delivery of office stationery & supplies items,Ministry of Few
C-679,679,307,7247211.2887074575,2022-10-25,3,8.76,Good,Completed,530,Calderon Approach Agencies,P388258432Y,2021-05-13,Port Charlesshire,Medium,517,Office Stationery & Supplies,7918114,2022-10-25,Supply and delivery of office stationery & supplies items,Ministry of Across
C-680,680,366,34412542.64660575,2024-02-15,0,6.12,Good,Completed,1909,Lopez Thousand Ventures,P584258607N,2018-11-24,Port Michaeltown,Small,641,ICT Equipment & Software,34996200,2024-02-15,Supply and delivery of ict equipment & software items,Ministry of Million
C-681,681,204,5821263.036042798,2025-09-05,5,14.49,Good,Completed,3,Montoya Suddenly Group,P749252434I,2025-09-02,Brettfort,Medium,757,Medical Supplies & Pharmaceuticals,5812044,2025-09-05,Supply and delivery of medical supplies & pharmaceuticals items,Ministry of Me
C-682,682,184,1275975.5917425526,2021-10-18,6,14.09,Good,Completed,1698,Hicks Western Ltd,P933468715W,2017-02-23,Jessicaberg,Small,532,Motor Vehicles & Spare Parts,1176941,2021-10-18,Supply and delivery of motor vehicles & spare parts items,Ministry of Space
C-683,683,252,2724476.2088989206,2022-08-01,2,3.24,Good,Completed,594,Khan Ready Agencies,P822113500E,2020-12-15,Amandaville,Small,668,Motor Vehicles & Spare Parts,2638568,2022-08-01,Supply and delivery of motor vehicles & spare parts items,Ministry of Final
C-684,684,81,5163500.404461639,2023-08-01,3,6.49,Good,Completed,321,Elliott Discover Ventures,P599326438S,2022-09-14,Katieburgh,Small,576,Office Stationery & Supplies,5553174,2023-08-01,Supply and delivery of office stationery & supplies items,Ministry of Style
C-685,685,383,150208686.93938947,2020-01-16,46,8.96,Fair,Completed,996,Phelps Story Group,P469087606R,2017-04-25,North Corymouth,Medium,341,Construction & Civil Works,140382523,2020-01-16,Supply and delivery of construction & civil works items,Ministry of Hour
C-686,686,6,7613560.629425027,2021-02-17,3,11.84,Fair,Completed,-1077,Blair Not Ventures,P234031070Y,2024-01-30,New Kellystad,Large,685,Office Stationery & Supplies,7230030,2021-02-17,Supply and delivery of office stationery & supplies items,Ministry of Us
C-687,687,217,2341013.004302327,2023-05-13,11,0.0,Fair,Completed,692,Li Continue Enterprise,P991617660X,2021-06-20,Pollardfort,Small,607,Medical Supplies & Pharmaceuticals,2509381,2023-05-13,Supply and delivery of medical supplies & pharmaceuticals items,Ministry of Indicate
C-688,688,281,7746728.483370458,2021-07-01,0,7.18,Poor,Completed,808,Morales Beyond Ltd,P298407302I,2019-04-15,Morrisbury,Medium,648,Consultancy Services,7126492,2021-07-01,Supply and delivery of consultancy services items,Ministry of Senior
C-689,689,411,7593951.774601392,2024-06-03,0,1.15,Poor,Completed,1712,Shaw Week Agencies,P156556289L,2019-09-26,Port Zachary,Small,571,Medical Supplies & Pharmaceuticals,6959216,2024-06-03,Supply and delivery of medical supplies & pharmaceuticals items,Ministry of In
C-690,690,419,2827679.0018385043,2024-12-20,31,0.74,Good,Completed,1152,Wagner Public Enterprise,P980428452Z,2021-10-25,New Ashleychester,Large,360,Cleaning & Sanitary Services,3043295,2024-12-20,Supply and delivery of cleaning & sanitary services items,Ministry of Discussion
C-691,691,274,389173125.8281254,2021-07-30,219,46.08,Poor,Completed,290,Gonzalez Field Group,P444851196S,2020-10-13,Port Christophershire,Small,471,Construction & Civil Works,407730359,2021-07-30,Supply and delivery of construction & civil works items,Ministry of Knowledge
C-692,692,418,1969993.176721323,2023-10-02,60,13.11,Good,Completed,2668,Hall Through Ltd,P658087211A,2016-06-12,Stephenland,Small,439,Medical Supplies & Pharmaceuticals,2178808,2023-10-02,Supply and delivery of medical supplies & pharmaceuticals items,Ministry of Nation
C-693,693,242,3116198.9314682027,2024-08-02,2,4.88,Good,Completed,2570,Hopkins Service Limited,P749762955V,2017-07-20,Port Michelleland,Small,611,Cleaning & Sanitary Services,3111786,2024-08-02,Supply and delivery of cleaning & sanitary services items,Ministry of Where
C-694,694,71,1637726.7702077627,2023-09-05,66,6.41,Fair,Completed,267,Mccarthy Attack Limited,P545461013A,2022-12-12,Amychester,Large,301,Consultancy Services,1658242,2023-09-05,Supply and delivery of consultancy services items,Ministry of Rule
C-695,695,86,200345286.6714695,2024-02-09,74,27.3,Poor,Completed,-45,Garcia High Agencies,P782454310D,2024-03-25,South Gregory,Small,737,Construction & Civil Works,219400954,2024-02-09,Supply and delivery of construction & civil works items,Ministry of Feel
C-696,696,213,4858527.765727842,2023-11-21,15,14.01,Good,Completed,633,Allen Keep Agencies,P301126777Q,2022-02-26,New Theresaland,Medium,700,Cleaning & Sanitary Services,4419453,2023-11-21,Supply and delivery of cleaning & sanitary services items,Ministry of Night
C-697,697,7,196081185.00264338,2024-11-07,0,0.0,Good,Completed,1121,Bush Answer Ventures,P810026086O,2021-10-13,Traciebury,Small,759,Construction & Civil Works,211771907,2024-11-07,Supply and delivery of construction & civil works items,Ministry of Itself
C-698,698,259,2529680.4871056797,2021-02-15,10,0.0,Good,Completed,-299,Romero Mr Agencies,P671595541F,2021-12-11,Thomastown,Small,649,Office Stationery & Supplies,2467555,2021-02-15,Supply and delivery of office stationery & supplies items,Ministry of Authority
C-699,699,37,3107559.1814484657,2021-02-03,15,5.26,Good,Completed,-609,Young Call Enterprise,P711684318P,2022-10-05,New Christophershire,Medium,517,Medical Supplies & Pharmaceuticals,3112359,2021-02-03,Supply and delivery of medical supplies & pharmaceuticals items,Ministry of Figure
C-700,700,409,11252875.834280096,2020-08-29,31,3.12,Good,Completed,1532,Cox Wife Limited,P261152186L,2016-06-19,New Lindachester,Large,338,ICT Equipment & Software,10305436,2020-08-29,Supply and delivery of ict equipment & software items,Ministry of Lose
C-701,701,475,2374675.619908991,2023-09-15,58,10.11,Good,Completed,1676,Cameron Toward Ventures,P847520637R,2019-02-12,Port Jeremyport,Small,320,Cleaning & Sanitary Services,2514165,2023-09-15,Supply and delivery of cleaning & sanitary services items,Ministry of Expert
C-702,702,359,465126752.4354727,2024-03-14,0,4.66,Good,Completed,1350,Jordan Above Agencies,P856704108N,2020-07-03,West Karen,Medium,536,Construction & Civil Works,494748087,2024-03-14,Supply and delivery of construction & civil works items,Ministry of Million
C-703,703,310,4718733.884301458,2021-02-15,0,9.52,Good,Completed,421,Allen Fund Ventures,P932701695S,2019-12-22,Owensstad,Small,623,Motor Vehicles & Spare Parts,5151646,2021-02-15,Supply and delivery of motor vehicles & spare parts items,Ministry of After
C-704,704,465,420692.2196627469,2020-11-29,11,6.03,Good,Completed,-1736,Mcdaniel Would Ventures,P609838807K,2025-08-31,South Kent,Medium,526,Motor Vehicles & Spare Parts,385711,2020-11-29,Supply and delivery of motor vehicles & spare parts items,Ministry of Nor
C-705,705,250,9610437.999510987,2020-02-18,9,0.0,Good,Completed,813,Moore Myself Ventures,P601238919F,2017-11-27,Tylerland,Small,532,Consultancy Services,9611997,2020-02-18,Supply and delivery of consultancy services items,Ministry of Blue
C-706,706,159,158761683.2582199,2021-09-10,66,47.21,Poor,Completed,-580,Kerr Reason Ventures,P659903980T,2023-04-13,Schneidertown,Large,443,Construction & Civil Works,156570863,2021-09-10,Supply and delivery of construction & civil works items,Ministry of Car
C-707,707,56,3094444.1498307553,2024-04-15,15,0.0,Good,Completed,2094,Fletcher Ability Agencies,P658260221Z,2018-07-22,West Ryan,Small,524,Cleaning & Sanitary Services,3431106,2024-04-15,Supply and delivery of cleaning & sanitary services items,Ministry of Short
C-708,708,156,477254.2590077056,2020-01-18,19,5.36,Good,Completed,-2132,Fernandez Success Ventures,P287364857H,2025-11-19,East Alexisbury,Small,666,Office Stationery & Supplies,522381,2020-01-18,Supply and delivery of office stationery & supplies items,Ministry of Believe
C-709,709,145,43899428.69805995,2020-11-26,0,0.0,Fair,Completed,452,Gibbs Address Ltd,P383960237I,2019-09-01,South Miguelview,Medium,693,ICT Equipment & Software,47097588,2020-11-26,Supply and delivery of ict equipment & software items,Ministry of Minute
C-710,710,217,5061544.153125954,2021-04-20,1,3.79,Good,Completed,-61,Li Continue Enterprise,P991617660X,2021-06-20,Pollardfort,Small,607,Motor Vehicles & Spare Parts,5000164,2021-04-20,Supply and delivery of motor vehicles & spare parts items,Ministry of Kitchen
C-711,711,144,6990927.068263172,2021-11-13,0,0.36,Good,Completed,-1377,Taylor Draw Enterprise,P826197069U,2025-08-21,Coffeyside,Medium,719,Medical Supplies & Pharmaceuticals,6436356,2021-11-13,Supply and delivery of medical supplies & pharmaceuticals items,Ministry of Successful
C-712,712,495,505305.33089482307,2022-12-27,8,12.47,Good,Completed,159,Walker Dog Ventures,P899089320T,2022-07-21,Frenchmouth,Large,762,Office Stationery & Supplies,501067,2022-12-27,Supply and delivery of office stationery & supplies items,Ministry of Hot
C-713,713,150,522315578.584666,2022-10-12,106,28.52,Poor,Terminated,-761,Pena These Group,P625432379N,2024-11-11,Crosbyview,Medium,572,Construction & Civil Works,488466228,2022-10-12,Supply and delivery of construction & civil works items,Ministry of Strong
C-714,714,312,8169819.269328249,2020-03-10,19,2.57,Good,Completed,-1255,Flores Democrat Limited,P498041381U,2023-08-17,Williamsbury,Medium,677,Consultancy Services,7840616,2020-03-10,Supply and delivery of consultancy services items,Ministry of Be
C-715,715,367,6114783.225034692,2025-01-22,0,3.25,Good,Completed,1536,Lee If Group,P702994164G,2020-11-08,Ortizfort,Small,586,Consultancy Services,6094376,2025-01-22,Supply and delivery of consultancy services items,Ministry of Child
C-716,716,281,6252885.419514474,2020-05-02,4,4.48,Good,Completed,383,Morales Beyond Ltd,P298407302I,2019-04-15,Morrisbury,Medium,648,Medical Supplies & Pharmaceuticals,5958338,2020-05-02,Supply and delivery of medical supplies & pharmaceuticals items,Ministry of Stand
C-717,717,35,262922521.84323496,2022-05-09,0,5.09,Good,Completed,1522,Brown Simply Ventures,P682177668D,2018-03-09,Brianshire,Medium,846,Construction & Civil Works,282828065,2022-05-09,Supply and delivery of construction & civil works items,Ministry of Of
C-718,718,236,109705847.9835583,2022-10-27,2,4.18,Fair,Completed,2248,Sanders Series Agencies,P871880418E,2016-08-31,Hammondshire,Small,649,Construction & Civil Works,112983879,2022-10-27,Supply and delivery of construction & civil works items,Ministry of Dark
C-719,719,158,3455672.5126295984,2025-05-16,0,5.77,Good,Completed,1681,Strickland Must Ltd,P737444033G,2020-10-08,Gordonton,Small,768,Consultancy Services,3277902,2025-05-16,Supply and delivery of consultancy services items,Ministry of Enough
C-720,720,468,2380181.097489624,2024-11-25,4,6.01,Good,Completed,2962,Vega Defense Enterprise,P983221403O,2016-10-16,Port Brooke,Small,837,Medical Supplies & Pharmaceuticals,2334805,2024-11-25,Supply and delivery of medical supplies & pharmaceuticals items,Ministry of Them
C-721,721,402,2095546.7558442687,2020-01-28,35,7.4,Good,Completed,352,Kim Throughout Group,P356234948D,2019-02-10,North Sandy,Small,470,Medical Supplies & Pharmaceuticals,1999054,2020-01-28,Supply and delivery of medical supplies & pharmaceuticals items,Ministry of Special
C-722,722,465,1650333.579513186,2024-04-14,0,8.29,Good,Completed,-504,Mcdaniel Would Ventures,P609838807K,2025-08-31,South Kent,Medium,526,Motor Vehicles & Spare Parts,1650184,2024-04-14,Supply and delivery of motor vehicles & spare parts items,Ministry of Image
C-723,723,211,8634165.670624612,2024-08-16,3,4.77,Good,Completed,2279,Martinez Edge Enterprise,P550784243O,2018-05-21,Brownfort,Small,567,Office Stationery & Supplies,8253113,2024-08-16,Supply and delivery of office stationery & supplies items,Ministry of Level
C-724,724,327,9124831.706944218,2021-06-25,69,2.14,Poor,Completed,-405,White To Limited,P437675369B,2022-08-04,New Douglas,Medium,383,Medical Supplies & Pharmaceuticals,8577276,2021-06-25,Supply and delivery of medical supplies & pharmaceuticals items,Ministry of Along
C-725,725,446,6856786.663458219,2021-03-12,47,7.32,Good,Completed,-477,Thompson Or Group,P844704803N,2022-07-02,Jeffreyshire,Medium,469,Cleaning & Sanitary Services,7061383,2021-03-12,Supply and delivery of cleaning & sanitary services items,Ministry of Simple
C-726,726,304,7682946.567450144,2024-08-16,24,7.28,Good,Completed,604,Russell First Limited,P504221050L,2022-12-21,Allenbury,Small,368,Consultancy Services,8060339,2024-08-16,Supply and delivery of consultancy services items,Ministry of Near
C-727,727,149,331763047.8682651,2023-12-30,108,28.67,Poor,Completed,-324,Taylor Long Agencies,P498370582Q,2024-11-18,Matthewsberg,Small,668,Construction & Civil Works,338434524,2023-12-30,Supply and delivery of construction & civil works items,Ministry of Detail
C-728,728,320,3083855.2177589373,2022-11-01,18,0.0,Good,Completed,2431,Li Represent Group,P562324458Z,2016-03-06,North Samantha,Medium,543,Office Stationery & Supplies,2870742,2022-11-01,Supply and delivery of office stationery & supplies items,Ministry of Responsibility
C-729,729,309,8135699.591966949,2025-10-07,0,3.05,Good,Completed,2791,Lee Site Ltd,P225967304V,2018-02-15,Rochaborough,Small,759,Motor Vehicles & Spare Parts,7396405,2025-10-07,Supply and delivery of motor vehicles & spare parts items,Ministry of Would
C-730,730,227,9548587.471241606,2021-12-08,4,10.08,Good,Completed,-54,Harrington Already Ventures,P235538456E,2022-01-31,Port Deanna,Small,580,Medical Supplies & Pharmaceuticals,8759522,2021-12-08,Supply and delivery of medical supplies & pharmaceuticals items,Ministry of Professional
C-731,731,141,4415106.780057673,2024-05-14,0,9.04,Good,Completed,173,Johnson His Ltd,P886365312I,2023-11-23,West Markchester,Medium,717,Cleaning & Sanitary Services,4209803,2024-05-14,Supply and delivery of cleaning & sanitary services items,Ministry of Size
C-732,732,24,23690633.54361906,2025-08-15,0,0.87,Good,Completed,991,Marquez Inside Group,P821218382P,2022-11-28,Samuelhaven,Small,637,ICT Equipment & Software,26028279,2025-08-15,Supply and delivery of ict equipment & software items,Ministry of Near
C-733,733,378,18086209.890153788,2020-09-24,28,15.26,Poor,Completed,821,Bridges Increase Ventures,P625552311J,2018-06-26,Courtneyfurt,Small,543,ICT Equipment & Software,18311802,2020-09-24,Supply and delivery of ict equipment & software items,Ministry of Medical
C-734,734,199,5663622.7040500045,2023-10-30,23,10.69,Fair,Completed,2290,Phillips Story Ltd,P208599066G,2017-07-23,Lake Matthewberg,Small,581,Motor Vehicles & Spare Parts,5647094,2023-10-30,Supply and delivery of motor vehicles & spare parts items,Ministry of Decide
C-735,735,420,2757187.1752251745,2022-02-28,15,7.21,Good,Completed,-172,Anderson Film Group,P380236885U,2022-08-19,Haynesmouth,Small,739,Cleaning & Sanitary Services,2761637,2022-02-28,Supply and delivery of cleaning & sanitary services items,Ministry of Area
C-736,736,165,2026811.948678588,2025-03-07,71,18.57,Good,Completed,1983,Hernandez Wind Agencies,P609241268E,2019-10-02,Port Christopherchester,Small,467,Cleaning & Sanitary Services,2184504,2025-03-07,Supply and delivery of cleaning & sanitary services items,Ministry of Discover
C-737,737,349,11370465.63321856,2025-11-02,0,3.15,Good,Completed,1027,Burnett Phone Group,P785240944F,2023-01-10,Port Johnstad,Small,680,ICT Equipment & Software,11143344,2025-11-02,Supply and delivery of ict equipment & software items,Ministry of Eat
C-738,738,114,5223000.035897896,2023-10-18,17,0.0,Fair,Completed,-127,Pierce Look Enterprise,P194553481U,2024-02-22,Marcusfurt,Medium,568,Consultancy Services,4954042,2023-10-18,Supply and delivery of consultancy services items,Ministry of Garden
C-739,739,380,3618649.9854035703,2020-02-03,7,5.07,Good,Completed,-1046,Wiley Look Group,P624033772U,2022-12-15,Port Kimland,Small,500,Office Stationery & Supplies,3930121,2020-02-03,Supply and delivery of office stationery & supplies items,Ministry of Study
C-740,740,52,318370315.7203308,2021-08-27,0,12.2,Good,Completed,785,Hoover Try Ltd,P344378798O,2019-07-04,Lake Jamesmouth,Small,796,Construction & Civil Works,329121016,2021-08-27,Supply and delivery of construction & civil works items,Ministry of Call
C-741,741,387,1311973.5441354064,2022-05-17,40,16.08,Poor,Completed,758,Davis Beyond Enterprise,P101166414N,2020-04-19,Millershire,Small,316,Consultancy Services,1453324,2022-05-17,Supply and delivery of consultancy services items,Ministry of Eight
C-742,742,422,305789651.39194345,2020-01-20,160,29.84,Poor,Completed,-225,Russell North Group,P484708210X,2020-09-01,South Kyle,Large,609,Construction & Civil Works,310362343,2020-01-20,Supply and delivery of construction & civil works items,Ministry of And
C-743,743,380,6108393.15107778,2023-06-27,0,0.0,Good,Completed,194,Wiley Look Group,P624033772U,2022-12-15,Port Kimland,Small,500,Cleaning & Sanitary Services,6134722,2023-06-27,Supply and delivery of cleaning & sanitary services items,Ministry of Rock
C-744,744,343,6492615.755428522,2022-11-07,0,0.0,Fair,Completed,-961,Harris Former Group,P290736564Z,2025-06-25,Kellyfort,Small,563,Consultancy Services,7110131,2022-11-07,Supply and delivery of consultancy services items,Ministry of Pick
C-745,745,9,80833009.80582386,2020-12-05,172,38.93,Poor,Completed,-651,Miles Result Enterprise,P795822698E,2022-09-17,New Jessica,Small,775,Construction & Civil Works,76178892,2020-12-05,Supply and delivery of construction & civil works items,Ministry of Spend
C-746,746,164,7027553.77763666,2020-07-15,5,11.02,Fair,Completed,820,Morgan Long Limited,P528133274A,2018-04-17,West Ronaldview,Medium,552,Consultancy Services,6969989,2020-07-15,Supply and delivery of consultancy services items,Ministry of Coach
C-747,747,153,36907138.64573877,2022-12-31,3,0.0,Fair,Completed,-913,Holloway Benefit Ventures,P811642514N,2025-07-01,North Kristinbury,Small,532,Construction & Civil Works,37916781,2022-12-31,Supply and delivery of construction & civil works items,Ministry of Rich
C-748,748,434,404450461.17068034,2023-09-17,0,0.41,Good,Completed,893,Mccoy Suffer Ltd,P683746914Y,2021-04-07,South Kimberlystad,Small,840,Construction & Civil Works,409022461,2023-09-17,Supply and delivery of construction & civil works items,Ministry of Word
C-749,749,450,819974.7727223262,2025-10-25,56,1.36,Good,Completed,2969,Mcclure Behavior Group,P982252644T,2017-09-08,Seanview,Medium,381,Office Stationery & Supplies,849971,2025-10-25,Supply and delivery of office stationery & supplies items,Ministry of Song
C-750,750,331,7530238.22462792,2023-10-01,1,0.0,Good,Completed,1979,Jones Point Agencies,P925713533N,2018-05-01,Novakmouth,Medium,617,Medical Supplies & Pharmaceuticals,8322502,2023-10-01,Supply and delivery of medical supplies & pharmaceuticals items,Ministry of As
C-751,751,436,4528038.299648672,2022-02-17,41,7.67,Fair,Completed,2141,Harper All Limited,P970471079X,2016-04-08,Brianfort,Medium,339,Consultancy Services,4560276,2022-02-17,Supply and delivery of consultancy services items,Ministry of Class
C-752,752,172,442175960.81161386,2024-03-16,29,11.31,Good,Completed,926,Morales Change Ventures,P895609471O,2021-09-02,North Julieborough,Small,390,Construction & Civil Works,406621695,2024-03-16,Supply and delivery of construction & civil works items,Ministry of Strong
C-753,753,103,9858942.126005363,2020-08-23,0,6.33,Good,Completed,-533,Singh Yourself Enterprise,P918982730N,2022-02-07,West Donna,Small,707,Cleaning & Sanitary Services,9830665,2020-08-23,Supply and delivery of cleaning & sanitary services items,Ministry of Method
C-754,754,416,6471548.835584418,2021-05-24,20,3.36,Poor,Completed,-1099,Wiley Government Limited,P101569849W,2024-05-27,Sweeneyport,Small,731,Office Stationery & Supplies,6194645,2021-05-24,Supply and delivery of office stationery & supplies items,Ministry of Open
C-755,755,123,2015924.5630892564,2024-09-23,22,4.2,Good,Completed,1218,Reed Old Group,P919128302I,2021-05-24,Gibsonmouth,Medium,546,Cleaning & Sanitary Services,2154376,2024-09-23,Supply and delivery of cleaning & sanitary services items,Ministry of Something
C-756,756,252,270783700.19412965,2022-01-30,4,4.57,Fair,Completed,411,Khan Ready Agencies,P822113500E,2020-12-15,Amandaville,Small,668,Construction & Civil Works,291397783,2022-01-30,Supply and delivery of construction & civil works items,Ministry of Wait
C-757,757,405,8611873.865108963,2022-08-19,13,3.24,Fair,Completed,-319,Marks Significant Limited,P226762436X,2023-07-04,West Lindsayview,Small,792,Consultancy Services,7832752,2022-08-19,Supply and delivery of consultancy services items,Ministry of Data
C-758,758,295,6070698.692653886,2020-02-16,7,10.07,Good,Completed,1071,Haney Increase Enterprise,P667840357I,2017-03-12,Port Adam,Medium,849,Consultancy Services,6427090,2020-02-16,Supply and delivery of consultancy services items,Ministry of Huge
C-759,759,178,2258861.3943402767,2022-02-23,0,9.41,Good,Completed,-561,Duran Figure Ltd,P452318696H,2023-09-07,South Julieburgh,Small,668,Office Stationery & Supplies,2508630,2022-02-23,Supply and delivery of office stationery & supplies items,Ministry of Center
C-760,760,326,122264188.2232896,2021-07-03,159,32.58,Poor,Completed,-521,Knight Experience Ltd,P149995533E,2022-12-06,Rachelshire,Medium,455,Construction & Civil Works,132424038,2021-07-03,Supply and delivery of construction & civil works items,Ministry of Among
C-761,761,401,8447793.300340945,2022-11-29,51,2.2,Good,Completed,2233,Mccall System Agencies,P266834924I,2016-10-18,Peterland,Small,487,Consultancy Services,8195213,2022-11-29,Supply and delivery of consultancy services items,Ministry of Left
C-762,762,70,6145914.06484425,2023-05-09,32,6.16,Good,Completed,1826,Rogers Walk Enterprise,P679984033F,2018-05-09,East Jesse,Small,443,Office Stationery & Supplies,6019626,2023-05-09,Supply and delivery of office stationery & supplies items,Ministry of Occur
C-763,763,338,6086608.5059045125,2024-03-07,18,0.79,Good,Completed,1569,Miller Wear Enterprise,P700797791P,2019-11-20,Lake Oscar,Medium,679,Consultancy Services,5657805,2024-03-07,Supply and delivery of consultancy services items,Ministry of Customer
C-764,764,198,280270.13660835114,2023-05-26,46,5.86,Good,Completed,1378,Cox Couple Ltd,P329987621V,2019-08-17,Leeberg,Medium,445,Consultancy Services,292512,2023-05-26,Supply and delivery of consultancy services items,Ministry of Of
C-765,765,379,3846420.338456576,2022-01-31,11,14.22,Good,Completed,568,Schultz Up Enterprise,P925583165F,2020-07-12,Robertsonview,Medium,806,Medical Supplies & Pharmaceuticals,3814379,2022-01-31,Supply and delivery of medical supplies & pharmaceuticals items,Ministry of Sign
C-766,766,228,1784398.9698993752,2022-10-23,45,12.05,Good,Completed,1162,Herring Alone Enterprise,P749715626J,2019-08-18,Rushstad,Medium,392,Consultancy Services,1649420,2022-10-23,Supply and delivery of consultancy services items,Ministry of Trip
C-767,767,76,3583584.2119374448,2024-12-26,0,2.74,Good,Completed,-80,Hooper None Ltd,P128955006Z,2025-03-16,North Dawnberg,Medium,719,Medical Supplies & Pharmaceuticals,3445647,2024-12-26,Supply and delivery of medical supplies & pharmaceuticals items,Ministry of Who
C-768,768,127,341702865.5245548,2025-02-28,0,1.26,Good,Completed,1422,Bryant Seven Ltd,P254785699A,2021-04-08,North Terrance,Small,752,Construction & Civil Works,321927276,2025-02-28,Supply and delivery of construction & civil works items,Ministry of College
C-769,769,475,8005130.186024698,2020-05-30,46,7.68,Good,Completed,473,Cameron Toward Ventures,P847520637R,2019-02-12,Port Jeremyport,Small,320,ICT Equipment & Software,8812934,2020-05-30,Supply and delivery of ict equipment & software items,Ministry of Clear
C-770,770,337,3693832.517499243,2022-09-11,9,2.03,Fair,Completed,1150,Davis Piece Group,P942284665U,2019-07-19,Smithchester,Small,757,Medical Supplies & Pharmaceuticals,3904409,2022-09-11,Supply and delivery of medical supplies & pharmaceuticals items,Ministry of Ten
C-771,771,266,6668239.138054068,2021-07-30,0,5.35,Fair,Completed,-194,Lee Employee Limited,P399580835J,2022-02-09,Jeffreyport,Small,599,Consultancy Services,6822055,2021-07-30,Supply and delivery of consultancy services items,Ministry of Hit
C-772,772,288,50897894.055562705,2022-09-21,43,1.07,Good,Completed,2043,Poole Weight Ltd,P642762599M,2017-02-16,East Mark,Medium,442,Construction & Civil Works,53968538,2022-09-21,Supply and delivery of construction & civil works items,Ministry of Stand
C-773,773,4,1645842.2964687683,2023-10-29,49,0.24,Good,Completed,1839,Booth Song Group,P965241839K,2018-10-16,Petersonberg,Medium,430,Cleaning & Sanitary Services,1620982,2023-10-29,Supply and delivery of cleaning & sanitary services items,Ministry of Hundred
C-774,774,139,7006816.485001786,2024-05-26,0,5.92,Good,Completed,232,Hall Suffer Group,P478301747O,2023-10-07,New John,Small,601,Cleaning & Sanitary Services,6381646,2024-05-26,Supply and delivery of cleaning & sanitary services items,Ministry of Use
C-775,775,400,6082038.688407029,2020-02-11,12,6.72,Fair,Completed,-1303,Henderson Interest Enterprise,P188506190O,2023-09-06,West Christopher,Medium,572,Motor Vehicles & Spare Parts,6526288,2020-02-11,Supply and delivery of motor vehicles & spare parts items,Ministry of Tough
C-776,776,120,2473864.866320459,2022-03-08,0,5.97,Good,Completed,738,Olson Marriage Agencies,P361704064D,2020-02-29,South James,Small,787,Motor Vehicles & Spare Parts,2264563,2022-03-08,Supply and delivery of motor vehicles & spare parts items,Ministry of Pressure
C-777,777,392,27249100.104405846,2021-06-07,9,11.23,Fair,Completed,-1379,Jensen Level Ltd,P333264702F,2025-03-17,East Karenshire,Large,567,ICT Equipment & Software,29251505,2021-06-07,Supply and delivery of ict equipment & software items,Ministry of Set
C-778,778,154,42687869.51469488,2020-05-18,0,21.51,Good,Completed,-2016,Buchanan Describe Enterprise,P173669588W,2025-11-24,New Jason,Small,754,ICT Equipment & Software,39335523,2020-05-18,Supply and delivery of ict equipment & software items,Ministry of Nothing
C-779,779,324,7992321.86909173,2024-11-29,39,0.0,Good,Completed,1233,Brown Act Agencies,P854674236K,2021-07-15,South Meganmouth,Small,479,Cleaning & Sanitary Services,8112369,2024-11-29,Supply and delivery of cleaning & sanitary services items,Ministry of Customer
C-780,780,286,4651172.486968361,2023-02-22,11,0.0,Fair,Completed,1087,Dunn Market Ltd,P913198930I,2020-03-02,Port John,Medium,594,Consultancy Services,4304955,2023-02-22,Supply and delivery of consultancy services items,Ministry of Modern
C-781,781,150,7839358.632016639,2024-08-04,0,0.0,Good,Completed,-99,Pena These Group,P625432379N,2024-11-11,Crosbyview,Medium,572,Medical Supplies & Pharmaceuticals,8190736,2024-08-04,Supply and delivery of medical supplies & pharmaceuticals items,Ministry of Class
C-782,782,15,127892277.00668317,2023-09-05,0,11.38,Good,Completed,940,Davis Anyone Limited,P217734861J,2021-02-07,Port Erin,Small,639,Construction & Civil Works,130583691,2023-09-05,Supply and delivery of construction & civil works items,Ministry of Future
C-783,783,235,36789714.42347394,2022-06-16,78,7.91,Good,Completed,2259,Spencer Home Limited,P601873197Z,2016-04-09,New Nicole,Medium,420,ICT Equipment & Software,37355538,2022-06-16,Supply and delivery of ict equipment & software items,Ministry of Fund
C-784,784,87,1349635.554141563,2020-08-30,30,0.0,Good,Completed,-205,Santos Power Enterprise,P967797300I,2021-03-23,Marshallshire,Small,576,Motor Vehicles & Spare Parts,1472070,2020-08-30,Supply and delivery of motor vehicles & spare parts items,Ministry of Necessary
C-785,785,143,22956067.26795289,2023-12-14,10,4.02,Good,Completed,-438,Raymond Sure Limited,P416905717V,2025-02-24,Lindamouth,Medium,792,ICT Equipment & Software,23998524,2023-12-14,Supply and delivery of ict equipment & software items,Ministry of Animal
C-786,786,484,90270404.67414658,2025-01-03,4,0.0,Good,Completed,907,Palmer Treatment Ventures,P937844678X,2022-07-11,South Rhondaburgh,Large,826,Construction & Civil Works,97127433,2025-01-03,Supply and delivery of construction & civil works items,Ministry of Carry
C-787,787,209,23696748.53615827,2021-01-26,50,4.99,Good,Completed,1710,Lowery Marriage Ventures,P847401602I,2016-05-22,Westtown,Small,453,ICT Equipment & Software,21727468,2021-01-26,Supply and delivery of ict equipment & software items,Ministry of Almost
C-788,788,36,9654444.035693955,2021-03-18,12,1.02,Fair,Completed,159,Calhoun Nice Ltd,P269042105D,2020-10-10,Port Jacobland,Small,761,ICT Equipment & Software,9749677,2021-03-18,Supply and delivery of ict equipment & software items,Ministry of Mention
C-789,789,422,33673791.01481749,2021-02-23,11,7.05,Good,Completed,175,Russell North Group,P484708210X,2020-09-01,South Kyle,Large,609,ICT Equipment & Software,30723477,2021-02-23,Supply and delivery of ict equipment & software items,Ministry of Almost
C-790,790,394,509869315.6457627,2023-06-05,21,9.63,Fair,Completed,2402,Tran Plan Limited,P874360740M,2016-11-06,Kimberlytown,Small,700,Construction & Civil Works,488499384,2023-06-05,Supply and delivery of construction & civil works items,Ministry of Think
C-791,791,263,6079847.37940083,2022-05-01,47,7.92,Good,Completed,801,Harris More Ventures,P932120169N,2020-02-20,Salaston,Small,417,Motor Vehicles & Spare Parts,5755635,2022-05-01,Supply and delivery of motor vehicles & spare parts items,Ministry of Might
C-792,792,189,536421.6169580708,2023-02-26,33,5.76,Good,Completed,924,Johnson Home Limited,P993027458S,2020-08-16,Lake Michelleland,Small,389,Cleaning & Sanitary Services,570529,2023-02-26,Supply and delivery of cleaning & sanitary services items,Ministry of Science
C-793,793,208,236120.56375957408,2023-07-17,27,0.0,Good,Completed,1382,Johnson Word Ltd,P206389694T,2019-10-04,Laceyberg,Medium,333,Consultancy Services,261445,2023-07-17,Supply and delivery of consultancy services items,Ministry of Appear
C-794,794,279,6170087.348871177,2022-03-13,70,7.71,Poor,Completed,1053,Simon Raise Group,P376236056T,2019-04-25,North Jill,Medium,436,Office Stationery & Supplies,6594503,2022-03-13,Supply and delivery of office stationery & supplies items,Ministry of Police
C-795,795,247,33177474.11166913,2024-04-21,8,17.66,Good,Completed,1864,Travis Hair Limited,P528118701I,2019-03-15,Zacharyville,Small,572,ICT Equipment & Software,32207048,2024-04-21,Supply and delivery of ict equipment & software items,Ministry of Add
C-796,796,448,5938759.776091601,2025-07-31,16,9.99,Fair,Completed,31,Fry Include Ventures,P927672827K,2025-06-30,East Carriebury,Small,330,Cleaning & Sanitary Services,5437355,2025-07-31,Supply and delivery of cleaning & sanitary services items,Ministry of Detail
C-797,797,238,7562618.83726671,2023-12-07,35,12.77,Good,Completed,2426,Calderon Ok Limited,P786973497L,2017-04-16,Port Tammy,Medium,307,Office Stationery & Supplies,7081440,2023-12-07,Supply and delivery of office stationery & supplies items,Ministry of Without
C-798,798,388,3868327.8273967425,2025-05-03,0,8.34,Good,Completed,2581,Frazier Act Limited,P108657116S,2018-04-09,Lisachester,Medium,796,Motor Vehicles & Spare Parts,4099694,2025-05-03,Supply and delivery of motor vehicles & spare parts items,Ministry of Base
C-799,799,473,18456477.6437392,2022-10-22,18,2.93,Good,Completed,2347,Hill Charge Agencies,P763834967M,2016-05-19,Williamsmouth,Small,758,ICT Equipment & Software,17184388,2022-10-22,Supply and delivery of ict equipment & software items,Ministry of Purpose
C-800,800,64,336655.29309293925,2020-05-12,0,13.2,Good,Completed,880,Horton Miss Agencies,P529123992P,2017-12-14,Lake Grace,Medium,702,Consultancy Services,308944,2020-05-12,Supply and delivery of consultancy services items,Ministry of Open
C-801,801,494,7545729.046869184,2024-06-16,0,0.0,Good,Completed,2425,Davis Career Enterprise,P895555607Q,2017-10-26,Lake Rachel,Small,700,Motor Vehicles & Spare Parts,7676472,2024-06-16,Supply and delivery of motor vehicles & spare parts items,Ministry of Voice
C-802,802,367,1339904.986151923,2022-06-30,6,7.53,Good,Completed,599,Lee If Group,P702994164G,2020-11-08,Ortizfort,Small,586,Motor Vehicles & Spare Parts,1461303,2022-06-30,Supply and delivery of motor vehicles & spare parts items,Ministry of Home
C-803,803,158,282167759.9848652,2024-10-06,1,9.46,Poor,Completed,1459,Strickland Must Ltd,P737444033G,2020-10-08,Gordonton,Small,768,Construction & Civil Works,294414437,2024-10-06,Supply and delivery of construction & civil works items,Ministry of Article
C-804,804,286,2938805.639025665,2024-12-09,0,6.46,Good,Completed,1743,Dunn Market Ltd,P913198930I,2020-03-02,Port John,Medium,594,Medical Supplies & Pharmaceuticals,2994100,2024-12-09,Supply and delivery of medical supplies & pharmaceuticals items,Ministry of Exactly
C-805,805,406,1299311.3937425832,2023-03-05,4,7.8,Fair,Completed,704,Baker Part Limited,P773808249E,2021-03-31,Gibsonstad,Medium,749,Cleaning & Sanitary Services,1297162,2023-03-05,Supply and delivery of cleaning & sanitary services items,Ministry of Similar
C-806,806,459,5176336.602484486,2020-06-03,7,0.84,Fair,Completed,50,Phillips Recently Ventures,P771186296M,2020-04-14,Gonzaleztown,Small,783,ICT Equipment & Software,5188482,2020-06-03,Supply and delivery of ict equipment & software items,Ministry of Fly
C-807,807,422,8203119.121963263,2020-06-19,0,6.37,Good,Completed,-74,Russell North Group,P484708210X,2020-09-01,South Kyle,Large,609,Consultancy Services,8448022,2020-06-19,Supply and delivery of consultancy services items,Ministry of Direction
C-808,808,265,247243123.60788363,2025-10-05,68,41.29,Poor,Completed,68,Stevens No Limited,P467570835I,2025-07-29,Ericaview,Small,691,Construction & Civil Works,246864628,2025-10-05,Supply and delivery of construction & civil works items,Ministry of Bill
C-809,809,274,1811018.5381007376,2020-08-09,47,0.0,Fair,Completed,-65,Gonzalez Field Group,P444851196S,2020-10-13,Port Christophershire,Small,471,Cleaning & Sanitary Services,1997501,2020-08-09,Supply and delivery of cleaning & sanitary services items,Ministry of During
C-810,810,230,6672411.277512746,2023-03-10,2,6.29,Good,Completed,1711,Wilson Simply Enterprise,P299767568F,2018-07-03,Mcintyreville,Medium,765,Medical Supplies & Pharmaceuticals,6565377,2023-03-10,Supply and delivery of medical supplies & pharmaceuticals items,Ministry of Customer
C-811,811,55,3790157.1924670017,2021-02-27,4,5.7,Fair,Completed,619,Hartman Least Enterprise,P750911797G,2019-06-19,South Rachelborough,Medium,519,Office Stationery & Supplies,3985250,2021-02-27,Supply and delivery of office stationery & supplies items,Ministry of Realize
C-812,812,115,5128523.819633136,2021-06-29,40,5.86,Good,Completed,-1156,Bryan Ability Limited,P806157458I,2024-08-28,Gutierrezborough,Small,419,Medical Supplies & Pharmaceuticals,5002059,2021-06-29,Supply and delivery of medical supplies & pharmaceuticals items,Ministry of Process
C-813,813,169,6782391.086899246,2025-09-06,10,7.2,Good,Completed,2714,Rodriguez Through Ltd,P697285504X,2018-04-02,Port Joshuabury,Medium,810,Motor Vehicles & Spare Parts,6707912,2025-09-06,Supply and delivery of motor vehicles & spare parts items,Ministry of Open
C-814,814,23,5603395.379190183,2024-06-29,13,2.52,Fair,Completed,-359,Martin News Agencies,P751325257B,2025-06-23,New Karina,Small,595,Motor Vehicles & Spare Parts,5328566,2024-06-29,Supply and delivery of motor vehicles & spare parts items,Ministry of Just
C-815,815,231,867878.1683959796,2024-06-22,1,0.07,Good,Completed,2136,Green Like Ventures,P330393232N,2018-08-17,Heatherfort,Small,833,Office Stationery & Supplies,819407,2024-06-22,Supply and delivery of office stationery & supplies items,Ministry of Space
C-816,816,331,43591003.768579215,2023-10-31,4,4.43,Good,Completed,2009,Jones Point Agencies,P925713533N,2018-05-01,Novakmouth,Medium,617,ICT Equipment & Software,46358810,2023-10-31,Supply and delivery of ict equipment & software items,Ministry of Help
C-817,817,292,117184526.32392164,2024-01-17,39,0.0,Good,Completed,823,Williams Guy Agencies,P852032540E,2021-10-16,North Valeriefort,Small,478,Construction & Civil Works,122769333,2024-01-17,Supply and delivery of construction & civil works items,Ministry of Scientist
C-818,818,458,4282478.737922034,2023-12-28,0,0.9,Good,Completed,2048,Williams Owner Agencies,P690195758F,2018-05-20,North Michael,Medium,577,Medical Supplies & Pharmaceuticals,3987008,2023-12-28,Supply and delivery of medical supplies & pharmaceuticals items,Ministry of Use
C-819,819,351,7313287.671090849,2020-08-16,1,7.86,Good,Completed,-1841,Jordan Action Limited,P205877984Q,2025-08-31,New Julie,Large,822,Motor Vehicles & Spare Parts,6825275,2020-08-16,Supply and delivery of motor vehicles & spare parts items,Ministry of Structure
C-820,820,177,4792699.225062548,2021-01-30,37,10.65,Good,Completed,1688,Foster Place Enterprise,P158821683A,2016-06-17,West Sierra,Small,489,Consultancy Services,5293734,2021-01-30,Supply and delivery of consultancy services items,Ministry of Interest
C-821,821,118,7240589.102766184,2023-01-10,53,4.56,Fair,Completed,-29,Collins Address Ltd,P692975437A,2023-02-08,East Victoriaville,Medium,357,Medical Supplies & Pharmaceuticals,7872580,2023-01-10,Supply and delivery of medical supplies & pharmaceuticals items,Ministry of Really
C-822,822,263,435510187.17001563,2020-12-12,81,64.0,Poor,Completed,296,Harris More Ventures,P932120169N,2020-02-20,Salaston,Small,417,Construction & Civil Works,416790528,2020-12-12,Supply and delivery of construction & civil works items,Ministry of Plan
C-823,823,432,9183855.367204,2022-08-28,4,6.67,Good,Completed,2302,Harvey Else Group,P795009888S,2016-05-09,Jenkinsside,Small,628,Motor Vehicles & Spare Parts,9188147,2022-08-28,Supply and delivery of motor vehicles & spare parts items,Ministry of He
C-824,824,340,9470800.17745425,2025-05-31,18,6.8,Fair,Completed,2341,Patton Herself Limited,P370260533P,2019-01-02,Wheelerborough,Medium,307,Office Stationery & Supplies,8734012,2025-05-31,Supply and delivery of office stationery & supplies items,Ministry of Oil
C-825,825,468,21522334.866512544,2025-12-12,3,0.0,Good,Completed,3344,Vega Defense Enterprise,P983221403O,2016-10-16,Port Brooke,Small,837,ICT Equipment & Software,22822619,2025-12-12,Supply and delivery of ict equipment & software items,Ministry of Garden
C-826,826,170,27696997.84062299,2025-01-25,14,3.95,Fair,Completed,361,Bruce Speak Ltd,P978779150N,2024-01-30,New Sarahview,Small,369,ICT Equipment & Software,29320898,2025-01-25,Supply and delivery of ict equipment & software items,Ministry of Itself
C-827,827,87,6419749.725740255,2024-08-01,0,18.07,Fair,Completed,1227,Santos Power Enterprise,P967797300I,2021-03-23,Marshallshire,Small,576,Office Stationery & Supplies,6110334,2024-08-01,Supply and delivery of office stationery & supplies items,Ministry of Law
C-828,828,38,9463404.751690371,2024-12-15,4,0.0,Fair,Completed,1204,Stewart Every Agencies,P319321646Q,2021-08-29,Johnfurt,Small,692,Office Stationery & Supplies,9715754,2024-12-15,Supply and delivery of office stationery & supplies items,Ministry of Game
C-829,829,388,418630711.42175555,2023-08-26,1,1.12,Fair,Completed,1965,Frazier Act Limited,P108657116S,2018-04-09,Lisachester,Medium,796,Construction & Civil Works,439908016,2023-08-26,Supply and delivery of construction & civil works items,Ministry of Order
C-830,830,260,1491064.0245488195,2023-04-10,0,4.45,Good,Completed,1308,Nunez Keep Ltd,P726745401T,2019-09-10,New Thomasshire,Small,542,Cleaning & Sanitary Services,1433572,2023-04-10,Supply and delivery of cleaning & sanitary services items,Ministry of How
C-831,831,236,8969234.258921456,2024-08-04,2,3.18,Good,Completed,2895,Sanders Series Agencies,P871880418E,2016-08-31,Hammondshire,Small,649,ICT Equipment & Software,9504471,2024-08-04,Supply and delivery of ict equipment & software items,Ministry of With
C-832,832,110,4761211.124219362,2024-06-19,32,0.0,Fair,Completed,2995,Perez Represent Ltd,P997603725K,2016-04-07,Port Emilyview,Small,353,Medical Supplies & Pharmaceuticals,4801669,2024-06-19,Supply and delivery of medical supplies & pharmaceuticals items,Ministry of Here
C-833,833,250,419969703.8635786,2025-10-07,4,0.0,Good,Completed,2871,Moore Myself Ventures,P601238919F,2017-11-27,Tylerland,Small,532,Construction & Civil Works,457084766,2025-10-07,Supply and delivery of construction & civil works items,Ministry of Line
C-834,834,30,5536793.22708847,2025-10-03,3,0.0,Fair,Completed,2652,Lee List Enterprise,P250519597B,2018-06-30,West Steven,Small,691,Medical Supplies & Pharmaceuticals,5317092,2025-10-03,Supply and delivery of medical supplies & pharmaceuticals items,Ministry of A
C-835,835,379,1010062.5152228299,2024-05-10,10,1.84,Good,Completed,1398,Schultz Up Enterprise,P925583165F,2020-07-12,Robertsonview,Medium,806,Cleaning & Sanitary Services,928791,2024-05-10,Supply and delivery of cleaning & sanitary services items,Ministry of Feel
C-836,836,107,3001824.7345818244,2023-07-29,45,5.01,Good,Completed,1942,Hernandez Exactly Ventures,P987588450J,2018-04-04,North Gabrielport,Small,350,Office Stationery & Supplies,2946274,2023-07-29,Supply and delivery of office stationery & supplies items,Ministry of National
C-837,837,422,6136690.631046623,2020-10-22,11,1.67,Good,Completed,51,Russell North Group,P484708210X,2020-09-01,South Kyle,Large,609,Office Stationery & Supplies,6088099,2020-10-22,Supply and delivery of office stationery & supplies items,Ministry of Voice
C-838,838,52,33940945.67481008,2021-10-23,11,2.53,Good,Completed,842,Hoover Try Ltd,P344378798O,2019-07-04,Lake Jamesmouth,Small,796,ICT Equipment & Software,33768890,2021-10-23,Supply and delivery of ict equipment & software items,Ministry of First
C-839,839,301,6096462.280683735,2025-11-26,45,7.53,Good,Completed,2450,Harper Remember Group,P978731508U,2019-03-13,West Nancy,Small,456,Cleaning & Sanitary Services,5546079,2025-11-26,Supply and delivery of cleaning & sanitary services items,Ministry of Difficult
C-840,840,213,4362906.021409472,2025-02-17,14,4.38,Good,Completed,1087,Allen Keep Agencies,P301126777Q,2022-02-26,New Theresaland,Medium,700,Office Stationery & Supplies,3978450,2025-02-17,Supply and delivery of office stationery & supplies items,Ministry of Age
C-841,841,79,3300462.1671492243,2024-08-17,10,12.29,Good,Completed,3078,Ryan Hard Enterprise,P340756713P,2016-03-14,Port Susanton,Large,637,ICT Equipment & Software,3533349,2024-08-17,Supply and delivery of ict equipment & software items,Ministry of Yes
C-842,842,2,6108070.131026806,2024-02-20,26,8.44,Good,Completed,264,Gardner Performance Group,P553035110C,2023-06-01,North Jefferyhaven,Small,421,Office Stationery & Supplies,6507054,2024-02-20,Supply and delivery of office stationery & supplies items,Ministry of Fact
C-843,843,168,895163.0669927873,2025-07-06,13,5.52,Good,Completed,-66,Burke He Enterprise,P211240259K,2025-09-10,East Diane,Small,664,Consultancy Services,882877,2025-07-06,Supply and delivery of consultancy services items,Ministry of Much
C-844,844,460,42927848.18766049,2023-05-03,21,8.4,Fair,Completed,1921,Little Beat Limited,P608492614H,2018-01-28,Kristenfort,Large,491,ICT Equipment & Software,41122564,2023-05-03,Supply and delivery of ict equipment & software items,Ministry of With
C-845,845,322,30246284.330746185,2023-06-06,1,5.44,Fair,Completed,2422,Chung Machine Limited,P706666479P,2016-10-18,West Gabriella,Small,646,ICT Equipment & Software,29551004,2023-06-06,Supply and delivery of ict equipment & software items,Ministry of Between
C-846,846,163,6656716.510486382,2020-03-23,29,14.16,Poor,Completed,1178,Miles Tonight Group,P802992685P,2016-12-31,South Shannon,Small,308,Consultancy Services,6399492,2020-03-23,Supply and delivery of consultancy services items,Ministry of Heart
C-847,847,398,7748625.757889226,2020-12-08,13,1.95,Good,Completed,263,Payne Consider Enterprise,P918970742E,2020-03-20,North Brendatown,Large,522,Office Stationery & Supplies,7336694,2020-12-08,Supply and delivery of office stationery & supplies items,Ministry of Evidence
C-848,848,168,5863052.616185068,2022-03-15,7,4.54,Good,Completed,-1275,Burke He Enterprise,P211240259K,2025-09-10,East Diane,Small,664,Cleaning & Sanitary Services,6028643,2022-03-15,Supply and delivery of cleaning & sanitary services items,Ministry of Pass
C-849,849,42,43153583.227150336,2021-07-01,8,15.47,Fair,Completed,1977,Montoya Firm Group,P812308209G,2016-02-01,West Darrell,Small,840,ICT Equipment & Software,43779132,2021-07-01,Supply and delivery of ict equipment & software items,Ministry of Establish
C-850,850,30,6754429.411945265,2024-11-12,3,0.11,Good,Completed,2327,Lee List Enterprise,P250519597B,2018-06-30,West Steven,Small,691,Consultancy Services,6149850,2024-11-12,Supply and delivery of consultancy services items,Ministry of Best
C-851,851,364,8465840.917166302,2023-06-03,42,0.0,Good,Completed,1592,White Rule Ventures,P251782582G,2019-01-23,Barnesberg,Small,333,Motor Vehicles & Spare Parts,8656255,2023-06-03,Supply and delivery of motor vehicles & spare parts items,Ministry of Outside
C-852,852,256,8138257.727515241,2025-07-04,5,0.0,Good,Completed,566,Morgan Wrong Group,P492566853W,2023-12-16,East Carrie,Small,676,Cleaning & Sanitary Services,7836484,2025-07-04,Supply and delivery of cleaning & sanitary services items,Ministry of Similar
C-853,853,366,252806007.10821256,2020-06-18,0,5.26,Good,Completed,572,Lopez Thousand Ventures,P584258607N,2018-11-24,Port Michaeltown,Small,641,Construction & Civil Works,235689072,2020-06-18,Supply and delivery of construction & civil works items,Ministry of Garden
C-854,854,218,1844491.084475226,2024-10-03,5,0.0,Fair,Completed,888,Cain At Ltd,P868847524X,2022-04-29,Johnsonborough,Small,634,Consultancy Services,1681420,2024-10-03,Supply and delivery of consultancy services items,Ministry of Consumer
C-855,855,55,3798277.176882317,2022-12-05,0,3.27,Fair,Completed,1265,Hartman Least Enterprise,P750911797G,2019-06-19,South Rachelborough,Medium,519,Cleaning & Sanitary Services,3594708,2022-12-05,Supply and delivery of cleaning & sanitary services items,Ministry of Way
C-856,856,122,2887559.0841540326,2024-02-19,6,2.26,Good,Completed,1993,Smith She Group,P420571903L,2018-09-05,Grimesmouth,Medium,746,Office Stationery & Supplies,3179042,2024-02-19,Supply and delivery of office stationery & supplies items,Ministry of Part
C-857,857,313,39515611.98372706,2024-11-30,65,9.6,Good,Completed,546,Smith On Ltd,P727099478L,2023-06-03,Phillipsborough,Small,328,ICT Equipment & Software,40593087,2024-11-30,Supply and delivery of ict equipment & software items,Ministry of Beyond
C-858,858,209,6072979.26737197,2023-07-28,34,3.32,Good,Completed,2623,Lowery Marriage Ventures,P847401602I,2016-05-22,Westtown,Small,453,Consultancy Services,6068633,2023-07-28,Supply and delivery of consultancy services items,Ministry of First
C-859,859,189,39737824.39159249,2020-03-22,23,2.27,Good,Completed,-147,Johnson Home Limited,P993027458S,2020-08-16,Lake Michelleland,Small,389,Construction & Civil Works,36981908,2020-03-22,Supply and delivery of construction & civil works items,Ministry of System
C-860,860,73,7101996.019967136,2023-06-16,29,0.0,Good,Completed,1331,Smith He Group,P420632895W,2019-10-24,Castanedachester,Medium,308,Cleaning & Sanitary Services,6998046,2023-06-16,Supply and delivery of cleaning & sanitary services items,Ministry of Bar
C-861,861,146,3077417.4875946874,2024-09-05,47,8.04,Good,Completed,1032,Carson Yard Group,P498866784G,2021-11-08,South Angel,Medium,491,Medical Supplies & Pharmaceuticals,2944180,2024-09-05,Supply and delivery of medical supplies & pharmaceuticals items,Ministry of Will
C-862,862,174,8332426.475171495,2024-08-16,0,0.0,Good,Completed,969,Ware Clearly Agencies,P269017588W,2021-12-21,Lake Christophermouth,Small,519,Medical Supplies & Pharmaceuticals,8083939,2024-08-16,Supply and delivery of medical supplies & pharmaceuticals items,Ministry of Happen
C-863,863,411,5029081.937370378,2025-04-11,3,8.02,Fair,Completed,2024,Shaw Week Agencies,P156556289L,2019-09-26,Port Zachary,Small,571,Office Stationery & Supplies,5166112,2025-04-11,Supply and delivery of office stationery & supplies items,Ministry of Leader
C-864,864,77,4269083.8796133585,2022-07-01,2,0.0,Good,Completed,-796,White Ever Agencies,P507059676U,2024-09-04,South Mark,Medium,553,Medical Supplies & Pharmaceuticals,4193886,2022-07-01,Supply and delivery of medical supplies & pharmaceuticals items,Ministry of Trip
C-865,865,175,9283312.515103053,2020-09-21,0,0.0,Poor,Completed,-696,Tucker Letter Agencies,P544726404R,2022-08-18,Port William,Small,775,Consultancy Services,9050668,2020-09-21,Supply and delivery of consultancy services items,Ministry of Speech
C-866,866,65,1688858.1097767302,2021-05-11,78,4.99,Good,Completed,-1306,Dalton Value Limited,P214447237X,2024-12-07,Robinsonhaven,Small,446,Motor Vehicles & Spare Parts,1606145,2021-05-11,Supply and delivery of motor vehicles & spare parts items,Ministry of Read
C-867,867,354,1248264.513967048,2025-02-04,33,4.58,Fair,Completed,2895,Shepard Change Agencies,P474015041T,2017-03-03,Stanleyborough,Small,352,Office Stationery & Supplies,1292931,2025-02-04,Supply and delivery of office stationery & supplies items,Ministry of Without
C-868,868,131,4786780.590755595,2020-01-26,14,5.54,Good,Completed,-1817,Williams Style Limited,P160257560S,2025-01-16,Nicholasberg,Medium,399,Office Stationery & Supplies,4989084,2020-01-26,Supply and delivery of office stationery & supplies items,Ministry of Star
C-869,869,342,515083913.8542438,2023-10-17,0,11.81,Good,Completed,1235,Jordan Than Group,P799045497M,2020-05-30,West Malik,Small,538,Construction & Civil Works,475633570,2023-10-17,Supply and delivery of construction & civil works items,Ministry of Arm
C-870,870,191,7391874.256054391,2021-10-29,19,0.0,Fair,Completed,-256,Morris Maybe Ventures,P638339044J,2022-07-12,South Dalemouth,Small,801,Medical Supplies & Pharmaceuticals,6990709,2021-10-29,Supply and delivery of medical supplies & pharmaceuticals items,Ministry of Analysis
C-871,871,145,202693389.23567548,2021-11-30,1,5.2,Good,Completed,821,Gibbs Address Ltd,P383960237I,2019-09-01,South Miguelview,Medium,693,Construction & Civil Works,187627991,2021-11-30,Supply and delivery of construction & civil works items,Ministry of Other
C-872,872,34,39560631.8577508,2020-11-23,27,5.94,Good,Completed,743,Horton Side Agencies,P941128035J,2018-11-11,Mooreport,Small,398,ICT Equipment & Software,36236338,2020-11-23,Supply and delivery of ict equipment & software items,Ministry of Morning
C-873,873,226,1620176.98679328,2024-03-08,25,6.26,Fair,Completed,2712,Walsh Himself Enterprise,P650921917Z,2016-10-04,North Douglas,Small,819,Consultancy Services,1600134,2024-03-08,Supply and delivery of consultancy services items,Ministry of Claim
C-874,874,226,1783755.9450112672,2020-04-20,2,0.0,Good,Completed,1294,Walsh Himself Enterprise,P650921917Z,2016-10-04,North Douglas,Small,819,Consultancy Services,1805243,2020-04-20,Supply and delivery of consultancy services items,Ministry of Sign
C-875,875,456,354399.9358128418,2025-12-25,0,0.0,Good,Completed,201,Martin Voice Agencies,P566219118K,2025-06-07,North Markborough,Small,532,Consultancy Services,339779,2025-12-25,Supply and delivery of consultancy services items,Ministry of Like
C-876,876,346,5501479.964578503,2024-07-07,58,12.23,Poor,Completed,1506,Carter Room Ventures,P174258554Y,2020-05-23,Chambersberg,Large,481,Cleaning & Sanitary Services,5199154,2024-07-07,Supply and delivery of cleaning & sanitary services items,Ministry of Parent
C-877,877,264,5928181.244174498,2023-01-10,10,10.0,Good,Completed,-15,Stone Option Ltd,P449019278Q,2023-01-25,Foxmouth,Small,740,Motor Vehicles & Spare Parts,6389249,2023-01-10,Supply and delivery of motor vehicles & spare parts items,Ministry of Doctor
C-878,878,442,8753800.45432499,2022-08-04,60,2.69,Good,Completed,2075,Hall Discuss Enterprise,P121397518H,2016-11-28,Smithborough,Medium,339,Office Stationery & Supplies,8252885,2022-08-04,Supply and delivery of office stationery & supplies items,Ministry of Stop
C-879,879,389,6701997.70512148,2022-05-13,0,12.14,Good,Completed,-214,Woods Drop Ventures,P511318205F,2022-12-13,North Lawrenceport,Small,515,Consultancy Services,6264014,2022-05-13,Supply and delivery of consultancy services items,Ministry of Cause
C-880,880,142,7128377.261943242,2022-01-06,40,8.82,Good,Completed,1553,Anderson Notice Enterprise,P492836532H,2017-10-06,Mariaview,Small,495,Medical Supplies & Pharmaceuticals,7599412,2022-01-06,Supply and delivery of medical supplies & pharmaceuticals items,Ministry of Maybe
C-881,881,142,6936406.861667985,2023-06-06,24,7.95,Good,Completed,2069,Anderson Notice Enterprise,P492836532H,2017-10-06,Mariaview,Small,495,Cleaning & Sanitary Services,6316074,2023-06-06,Supply and delivery of cleaning & sanitary services items,Ministry of Appear
C-882,882,312,5615775.63310715,2023-04-16,13,3.44,Good,Completed,-123,Flores Democrat Limited,P498041381U,2023-08-17,Williamsbury,Medium,677,Motor Vehicles & Spare Parts,5433968,2023-04-16,Supply and delivery of motor vehicles & spare parts items,Ministry of Everybody
C-883,883,170,8785458.027617453,2020-07-05,49,0.0,Fair,Completed,-1304,Bruce Speak Ltd,P978779150N,2024-01-30,New Sarahview,Small,369,Medical Supplies & Pharmaceuticals,8425032,2020-07-05,Supply and delivery of medical supplies & pharmaceuticals items,Ministry of More
C-884,884,95,3864753.566478141,2022-08-09,73,7.39,Fair,Completed,1257,Newton Sound Enterprise,P841057474L,2019-03-01,East Joanna,Large,415,Cleaning & Sanitary Services,3783909,2022-08-09,Supply and delivery of cleaning & sanitary services items,Ministry of Save
C-885,885,124,309441783.99280745,2020-10-12,113,48.23,Poor,Completed,-1433,Pollard Edge Enterprise,P713963047Y,2024-09-14,Port Kimberly,Small,734,Construction & Civil Works,323309234,2020-10-12,Supply and delivery of construction & civil works items,Ministry of Central
C-886,886,470,5221261.194289456,2022-11-19,0,0.75,Good,Completed,1320,Hill Low Ventures,P113275526Y,2019-04-09,Rodriguezberg,Small,696,Office Stationery & Supplies,5183801,2022-11-19,Supply and delivery of office stationery & supplies items,Ministry of Decade
C-887,887,95,3205848.8194267126,2022-12-04,31,14.75,Good,Completed,1374,Newton Sound Enterprise,P841057474L,2019-03-01,East Joanna,Large,415,Medical Supplies & Pharmaceuticals,3170771,2022-12-04,Supply and delivery of medical supplies & pharmaceuticals items,Ministry of Reach
C-888,888,25,6549645.72159446,2023-06-05,0,7.64,Good,Completed,1060,Wright Attack Group,P463016614B,2020-07-10,New Jeffrey,Small,516,Cleaning & Sanitary Services,7256406,2023-06-05,Supply and delivery of cleaning & sanitary services items,Ministry of Option
C-889,889,442,28894187.290667783,2023-09-11,61,9.01,Fair,Completed,2478,Hall Discuss Enterprise,P121397518H,2016-11-28,Smithborough,Medium,339,ICT Equipment & Software,30750211,2023-09-11,Supply and delivery of ict equipment & software items,Ministry of Simply
C-890,890,245,494807.9731198599,2023-02-22,27,9.57,Good,Completed,842,Ballard Reveal Agencies,P536038528T,2020-11-02,Joneston,Small,314,Cleaning & Sanitary Services,521280,2023-02-22,Supply and delivery of cleaning & sanitary services items,Ministry of Eight
C-891,891,112,471219.3428155312,2020-06-05,24,0.19,Poor,Completed,-2027,Graham Teach Group,P627986559F,2025-12-23,Baileymouth,Small,304,Cleaning & Sanitary Services,441207,2020-06-05,Supply and delivery of cleaning & sanitary services items,Ministry of Standard
C-892,892,7,1374421.914467213,2022-07-31,0,3.07,Fair,Completed,291,Bush Answer Ventures,P810026086O,2021-10-13,Traciebury,Small,759,Motor Vehicles & Spare Parts,1330746,2022-07-31,Supply and delivery of motor vehicles & spare parts items,Ministry of Reveal
C-893,893,288,3141148.76245226,2025-07-17,49,6.2,Good,Completed,3073,Poole Weight Ltd,P642762599M,2017-02-16,East Mark,Medium,442,Office Stationery & Supplies,3389791,2025-07-17,Supply and delivery of office stationery & supplies items,Ministry of Behind
C-894,894,446,457427537.90516335,2020-09-03,118,39.65,Poor,Terminated,-667,Thompson Or Group,P844704803N,2022-07-02,Jeffreyshire,Medium,469,Construction & Civil Works,487187762,2020-09-03,Supply and delivery of construction & civil works items,Ministry of Job
C-895,895,276,33350358.250937175,2022-07-16,37,6.66,Good,Completed,-1026,Johnson Think Group,P526269674Y,2025-05-07,Lopezport,Small,849,ICT Equipment & Software,30420720,2022-07-16,Supply and delivery of ict equipment & software items,Ministry of Happen
C-896,896,103,1207570.8280290193,2021-02-21,8,9.28,Fair,Completed,-351,Singh Yourself Enterprise,P918982730N,2022-02-07,West Donna,Small,707,Office Stationery & Supplies,1262189,2021-02-21,Supply and delivery of office stationery & supplies items,Ministry of Guy
C-897,897,71,5478329.961798566,2023-07-25,45,3.0,Poor,Completed,225,Mccarthy Attack Limited,P545461013A,2022-12-12,Amychester,Large,301,Office Stationery & Supplies,5830385,2023-07-25,Supply and delivery of office stationery & supplies items,Ministry of Agent
C-898,898,327,2460665.3383201524,2024-08-13,40,5.0,Good,Completed,740,White To Limited,P437675369B,2022-08-04,New Douglas,Medium,383,Medical Supplies & Pharmaceuticals,2481486,2024-08-13,Supply and delivery of medical supplies & pharmaceuticals items,Ministry of Condition
C-899,899,314,6886899.216585794,2025-12-03,20,6.24,Poor,Completed,2417,James These Agencies,P363850592F,2019-04-22,Jonathanfort,Large,706,Motor Vehicles & Spare Parts,6813070,2025-12-03,Supply and delivery of motor vehicles & spare parts items,Ministry of Practice
C-900,900,499,7979346.678688107,2024-12-05,52,9.29,Good,Completed,1178,Knox Lot Limited,P253785761U,2021-09-14,Port Christopher,Small,493,Medical Supplies & Pharmaceuticals,8268326,2024-12-05,Supply and delivery of medical supplies & pharmaceuticals items,Ministry of Suggest
C-901,901,91,5572348.422682746,2022-08-26,14,3.99,Good,Completed,-1037,Miller Service Ltd,P536398872F,2025-06-28,Lake Thomas,Large,457,Consultancy Services,5493455,2022-08-26,Supply and delivery of consultancy services items,Ministry of Child
C-902,902,202,3493841.8245916115,2022-08-23,20,0.0,Good,Completed,1569,Allen Table Ltd,P942211135E,2018-05-07,West Erika,Small,817,Motor Vehicles & Spare Parts,3870183,2022-08-23,Supply and delivery of motor vehicles & spare parts items,Ministry of Window
C-903,903,475,7115457.529760134,2024-11-27,15,11.13,Good,Completed,2115,Cameron Toward Ventures,P847520637R,2019-02-12,Port Jeremyport,Small,320,Medical Supplies & Pharmaceuticals,7185904,2024-11-27,Supply and delivery of medical supplies & pharmaceuticals items,Ministry of Decision
C-904,904,288,433393474.5981891,2024-02-10,26,5.58,Good,Completed,2550,Poole Weight Ltd,P642762599M,2017-02-16,East Mark,Medium,442,Construction & Civil Works,421478064,2024-02-10,Supply and delivery of construction & civil works items,Ministry of Clearly
C-905,905,263,79471174.39498593,2024-07-18,42,0.0,Good,Completed,1610,Harris More Ventures,P932120169N,2020-02-20,Salaston,Small,417,Construction & Civil Works,82696863,2024-07-18,Supply and delivery of construction & civil works items,Ministry of Tonight
C-906,906,362,3146593.8572070203,2020-07-07,30,0.47,Good,Completed,-498,Bailey Through Group,P591624059N,2021-11-17,Port Emily,Small,374,Office Stationery & Supplies,2901445,2020-07-07,Supply and delivery of office stationery & supplies items,Ministry of Sister
C-907,907,365,7273592.969876418,2020-04-29,0,6.04,Good,Completed,-522,Henderson Message Ltd,P782364690I,2021-10-03,New Garrett,Small,677,Office Stationery & Supplies,6939789,2020-04-29,Supply and delivery of office stationery & supplies items,Ministry of Pressure
C-908,908,101,2905067.6899885545,2025-07-23,17,2.87,Good,Completed,21,Miller Energy Ltd,P227186396J,2025-07-02,Obrienbury,Small,545,Consultancy Services,2682814,2025-07-23,Supply and delivery of consultancy services items,Ministry of Trouble
C-909,909,153,3794009.340273055,2024-12-28,6,0.0,Good,Completed,-185,Holloway Benefit Ventures,P811642514N,2025-07-01,North Kristinbury,Small,532,Motor Vehicles & Spare Parts,3869457,2024-12-28,Supply and delivery of motor vehicles & spare parts items,Ministry of Field
C-910,910,478,1026939.3741556726,2020-01-31,13,0.0,Good,Completed,-1511,Robertson Cold Limited,P170455681T,2024-03-21,Taylorhaven,Small,823,Cleaning & Sanitary Services,1053692,2020-01-31,Supply and delivery of cleaning & sanitary services items,Ministry of Rule
C-911,911,284,287115.20665220986,2024-10-28,36,1.05,Good,Completed,714,Leblanc View Group,P855438611X,2022-11-14,Hannahport,Small,377,Cleaning & Sanitary Services,317770,2024-10-28,Supply and delivery of cleaning & sanitary services items,Ministry of Focus
C-912,912,127,4489139.723511241,2022-09-13,11,3.78,Good,Completed,523,Bryant Seven Ltd,P254785699A,2021-04-08,North Terrance,Small,752,Office Stationery & Supplies,4936917,2022-09-13,Supply and delivery of office stationery & supplies items,Ministry of Agency
C-913,913,251,40348980.91225127,2021-12-28,0,16.39,Good,Completed,-1267,Wagner Effect Group,P331009561L,2025-06-17,Brandonport,Small,527,ICT Equipment & Software,41023561,2021-12-28,Supply and delivery of ict equipment & software items,Ministry of Sister
C-914,914,383,6140087.910087936,2023-03-24,41,0.9,Good,Completed,2159,Phelps Story Group,P469087606R,2017-04-25,North Corymouth,Medium,341,Cleaning & Sanitary Services,6010184,2023-03-24,Supply and delivery of cleaning & sanitary services items,Ministry of Democrat
C-915,915,14,5930229.410280913,2023-04-12,1,13.38,Good,Completed,1696,Richards Water Ltd,P726563708Z,2018-08-20,Jeffreyberg,Large,541,Office Stationery & Supplies,5401533,2023-04-12,Supply and delivery of office stationery & supplies items,Ministry of Social
C-916,916,483,200903005.97557613,2021-07-20,12,7.66,Good,Completed,1429,Armstrong Difficult Enterprise,P337673911P,2017-08-21,Lake Jamie,Medium,835,Construction & Civil Works,191375901,2021-07-20,Supply and delivery of construction & civil works items,Ministry of Meeting
C-917,917,213,9382394.474029064,2023-09-27,19,3.25,Good,Completed,578,Allen Keep Agencies,P301126777Q,2022-02-26,New Theresaland,Medium,700,Motor Vehicles & Spare Parts,9827138,2023-09-27,Supply and delivery of motor vehicles & spare parts items,Ministry of Chance
C-918,918,418,6141102.589833767,2024-03-02,43,7.42,Good,Completed,2820,Hall Through Ltd,P658087211A,2016-06-12,Stephenland,Small,439,Office Stationery & Supplies,6251537,2024-03-02,Supply and delivery of office stationery & supplies items,Ministry of Relate
C-919,919,119,2048611.5225319588,2020-02-10,47,5.31,Good,Completed,-187,Wilson There Limited,P265325235F,2020-08-15,Williamview,Small,395,ICT Equipment & Software,1978768,2020-02-10,Supply and delivery of ict equipment & software items,Ministry of Pass
C-920,920,12,5617790.267037366,2025-06-08,60,5.19,Good,Completed,2673,Hahn Under Ltd,P870854579U,2018-02-12,Lake Victor,Small,320,Motor Vehicles & Spare Parts,5224674,2025-06-08,Supply and delivery of motor vehicles & spare parts items,Ministry of New
C-921,921,134,361102793.63151675,2020-04-05,15,0.33,Good,Completed,626,Scott Act Limited,P963968184D,2018-07-19,Ericaburgh,Small,459,Construction & Civil Works,399202403,2020-04-05,Supply and delivery of construction & civil works items,Ministry of Conference
C-922,922,224,37863678.18365337,2020-05-11,65,8.11,Good,Completed,1215,Murphy Find Agencies,P429097422C,2017-01-12,Jacksonmouth,Medium,410,Construction & Civil Works,38957412,2020-05-11,Supply and delivery of construction & civil works items,Ministry of Deep
C-923,923,203,326661649.37898594,2024-09-25,1,0.61,Fair,Completed,1104,Alexander Specific Ventures,P402550088X,2021-09-17,Shawchester,Medium,736,Construction & Civil Works,301479630,2024-09-25,Supply and delivery of construction & civil works items,Ministry of Prepare
C-924,924,433,6936586.38191512,2021-08-17,4,6.93,Good,Completed,303,Miller Identify Ventures,P247356051A,2020-10-18,Lake Nicole,Small,566,Consultancy Services,7657260,2021-08-17,Supply and delivery of consultancy services items,Ministry of Make
C-925,925,62,7510289.414617555,2023-12-05,64,6.42,Good,Completed,1010,Schultz Government Agencies,P200273738W,2021-02-28,Lake Lance,Small,443,Consultancy Services,7032667,2023-12-05,Supply and delivery of consultancy services items,Ministry of Across
C-926,926,420,70879890.56620069,2020-05-25,58,48.23,Poor,Completed,-816,Anderson Film Group,P380236885U,2022-08-19,Haynesmouth,Small,739,Construction & Civil Works,74217406,2020-05-25,Supply and delivery of construction & civil works items,Ministry of Recent
C-927,927,302,440031071.1145623,2021-08-17,84,49.87,Poor,Completed,-1548,Boyd Job Ventures,P422660441R,2025-11-12,New Stacyburgh,Medium,429,Construction & Civil Works,416979427,2021-08-17,Supply and delivery of construction & civil works items,Ministry of Together
C-928,928,83,1433308.4599485553,2025-06-23,42,2.12,Good,Completed,3365,Collins Research Enterprise,P502982778Z,2016-04-06,North Brittany,Medium,332,Office Stationery & Supplies,1486689,2025-06-23,Supply and delivery of office stationery & supplies items,Ministry of Here
C-929,929,68,3009162.2093394953,2025-03-08,16,0.0,Fair,Completed,1723,Moore Training Ltd,P609677794C,2020-06-19,Karenview,Medium,772,Motor Vehicles & Spare Parts,2946230,2025-03-08,Supply and delivery of motor vehicles & spare parts items,Ministry of After
C-930,930,282,397581622.0213621,2021-10-02,1,6.85,Fair,Completed,2074,Reyes Likely Enterprise,P909340042R,2016-01-28,Kevinshire,Medium,569,Construction & Civil Works,426548833,2021-10-02,Supply and delivery of construction & civil works items,Ministry of Use
C-931,931,277,5289787.757670589,2023-11-23,0,2.89,Good,Completed,-322,Smith Out Enterprise,P747233283G,2024-10-10,Justinside,Small,617,Cleaning & Sanitary Services,5653535,2023-11-23,Supply and delivery of cleaning & sanitary services items,Ministry of During
C-932,932,451,3728049.2413112894,2025-11-16,11,0.0,Fair,Completed,2839,Steele Hard Ventures,P375584366Y,2018-02-07,Lake Aaronfurt,Small,823,Medical Supplies & Pharmaceuticals,3778621,2025-11-16,Supply and delivery of medical supplies & pharmaceuticals items,Ministry of Movie
C-933,933,26,5871929.794329899,2025-11-09,0,1.76,Good,Completed,3338,Welch Drop Ventures,P172370545C,2016-09-19,Chadbury,Medium,792,Motor Vehicles & Spare Parts,6327018,2025-11-09,Supply and delivery of motor vehicles & spare parts items,Ministry of Bit
C-934,934,193,8836385.617333734,2025-06-03,7,0.0,Good,Completed,1833,Mills Cold Ventures,P490732457X,2020-05-27,Paulmouth,Small,846,Office Stationery & Supplies,9786599,2025-06-03,Supply and delivery of office stationery & supplies items,Ministry of Memory
C-935,935,358,9433833.095576078,2025-03-14,5,2.96,Fair,Completed,1057,Lopez Really Ltd,P564000836Z,2022-04-22,Lake Christinaborough,Small,508,Office Stationery & Supplies,8707009,2025-03-14,Supply and delivery of office stationery & supplies items,Ministry of Night
C-936,936,3,8200948.369021203,2020-07-11,3,1.63,Good,Completed,-549,Hoffman Sense Enterprise,P797808098S,2022-01-11,Robinsonshire,Small,758,Consultancy Services,8647900,2020-07-11,Supply and delivery of consultancy services items,Ministry of Decide
C-937,937,10,7900630.007291618,2023-01-01,13,0.79,Fair,Completed,1958,Gray Wish Ventures,P787194506S,2017-08-22,Lake Mark,Small,489,Office Stationery & Supplies,7645189,2023-01-01,Supply and delivery of office stationery & supplies items,Ministry of Lot
C-938,938,312,15657143.623558465,2023-05-13,18,15.7,Good,Completed,-96,Flores Democrat Limited,P498041381U,2023-08-17,Williamsbury,Medium,677,ICT Equipment & Software,15775664,2023-05-13,Supply and delivery of ict equipment & software items,Ministry of Seem
C-939,939,313,9137132.042814914,2020-02-17,56,7.61,Good,Completed,-1202,Smith On Ltd,P727099478L,2023-06-03,Phillipsborough,Small,328,Motor Vehicles & Spare Parts,9680705,2020-02-17,Supply and delivery of motor vehicles & spare parts items,Ministry of End
C-940,940,379,32612799.516645752,2025-07-13,10,0.0,Good,Completed,1827,Schultz Up Enterprise,P925583165F,2020-07-12,Robertsonview,Medium,806,ICT Equipment & Software,34242203,2025-07-13,Supply and delivery of ict equipment & software items,Ministry of Focus
C-941,941,442,2795784.0939200264,2021-12-31,73,7.09,Good,Completed,1859,Hall Discuss Enterprise,P121397518H,2016-11-28,Smithborough,Medium,339,Cleaning & Sanitary Services,2957281,2021-12-31,Supply and delivery of cleaning & sanitary services items,Ministry of Increase
C-942,942,127,30399910.522315644,2024-06-18,0,8.13,Good,Completed,1167,Bryant Seven Ltd,P254785699A,2021-04-08,North Terrance,Small,752,ICT Equipment & Software,30500601,2024-06-18,Supply and delivery of ict equipment & software items,Ministry of Affect
C-943,943,187,915637.1219150444,2022-01-29,8,5.36,Good,Completed,-131,Downs Future Ltd,P773469560U,2022-06-09,South Carlos,Large,629,Consultancy Services,851518,2022-01-29,Supply and delivery of consultancy services items,Ministry of He
C-944,944,460,583175.9499999626,2022-02-17,17,1.42,Good,Completed,1481,Little Beat Limited,P608492614H,2018-01-28,Kristenfort,Large,491,Medical Supplies & Pharmaceuticals,613313,2022-02-17,Supply and delivery of medical supplies & pharmaceuticals items,Ministry of Five
C-945,945,239,2323719.9915289995,2021-06-01,17,5.24,Fair,Completed,395,Bartlett Around Ltd,P992699085H,2020-05-02,West Fred,Small,602,Motor Vehicles & Spare Parts,2432214,2021-06-01,Supply and delivery of motor vehicles & spare parts items,Ministry of More
C-946,946,234,5571362.320106655,2021-08-27,60,10.84,Good,Completed,-837,Hicks Campaign Ltd,P315801027Y,2023-12-12,East Kristy,Small,372,Office Stationery & Supplies,5181820,2021-08-27,Supply and delivery of office stationery & supplies items,Ministry of Assume
C-947,947,158,9961019.614965612,2023-10-03,0,7.68,Poor,Completed,1090,Strickland Must Ltd,P737444033G,2020-10-08,Gordonton,Small,768,Motor Vehicles & Spare Parts,9142832,2023-10-03,Supply and delivery of motor vehicles & spare parts items,Ministry of Unit
C-948,948,30,418362336.87035567,2022-04-28,22,5.21,Fair,Completed,1398,Lee List Enterprise,P250519597B,2018-06-30,West Steven,Small,691,Construction & Civil Works,409903581,2022-04-28,Supply and delivery of construction & civil works items,Ministry of Teacher
C-949,949,150,8752565.573188538,2025-12-09,2,6.25,Good,Completed,393,Pena These Group,P625432379N,2024-11-11,Crosbyview,Medium,572,Consultancy Services,8391860,2025-12-09,Supply and delivery of consultancy services items,Ministry of Yet
C-950,950,321,8151853.323334283,2023-04-30,0,3.34,Poor,Completed,758,Allen President Ltd,P665277813Q,2021-04-02,Josephfurt,Medium,685,Office Stationery & Supplies,8943026,2023-04-30,Supply and delivery of office stationery & supplies items,Ministry of Far
C-951,951,463,50015585.671916805,2021-05-09,16,6.39,Good,Completed,-109,Hernandez Same Limited,P816688804G,2021-08-26,Lake Mauriceside,Small,509,Construction & Civil Works,46280792,2021-05-09,Supply and delivery of construction & civil works items,Ministry of Growth
C-952,952,465,1554785.0779167009,2025-05-19,14,2.07,Good,Completed,-104,Mcdaniel Would Ventures,P609838807K,2025-08-31,South Kent,Medium,526,Cleaning & Sanitary Services,1572542,2025-05-19,Supply and delivery of cleaning & sanitary services items,Ministry of Realize
C-953,953,365,432856587.0851139,2020-10-27,167,45.65,Poor,Completed,-341,Henderson Message Ltd,P782364690I,2021-10-03,New Garrett,Small,677,Construction & Civil Works,412126198,2020-10-27,Supply and delivery of construction & civil works items,Ministry of Show
C-954,954,469,612953.0121509206,2022-04-17,0,4.46,Good,Completed,1127,Acosta Surface Limited,P171953537F,2019-03-17,Hawkinsside,Small,584,Motor Vehicles & Spare Parts,662621,2022-04-17,Supply and delivery of motor vehicles & spare parts items,Ministry of Resource
C-955,955,292,33810245.69410094,2023-09-03,35,2.37,Good,Completed,687,Williams Guy Agencies,P852032540E,2021-10-16,North Valeriefort,Small,478,ICT Equipment & Software,33742121,2023-09-03,Supply and delivery of ict equipment & software items,Ministry of Process
C-956,956,315,5804835.894342093,2024-02-13,10,0.0,Good,Completed,-568,May Military Ltd,P594811370K,2025-09-03,Garyside,Small,704,Medical Supplies & Pharmaceuticals,6384851,2024-02-13,Supply and delivery of medical supplies & pharmaceuticals items,Ministry of Key
C-957,957,148,10359548.019608831,2021-06-10,52,0.03,Good,Completed,-387,Wilson Answer Limited,P139956218T,2022-07-02,Wilsonbury,Small,395,Medical Supplies & Pharmaceuticals,9700177,2021-06-10,Supply and delivery of medical supplies & pharmaceuticals items,Ministry of Claim
C-958,958,248,1242957.4917196017,2022-07-23,2,8.03,Good,Completed,1227,Owens Example Agencies,P582750043P,2019-03-14,North Brent,Small,836,Medical Supplies & Pharmaceuticals,1295885,2022-07-23,Supply and delivery of medical supplies & pharmaceuticals items,Ministry of Forget
C-959,959,89,3707173.223520104,2025-06-16,9,0.88,Good,Completed,1370,Barnett Great Group,P130816384F,2021-09-15,Hunterborough,Small,815,Medical Supplies & Pharmaceuticals,3998190,2025-06-16,Supply and delivery of medical supplies & pharmaceuticals items,Ministry of Girl
C-960,960,224,3708248.0673137167,2022-09-11,50,9.15,Good,Completed,2068,Murphy Find Agencies,P429097422C,2017-01-12,Jacksonmouth,Medium,410,Cleaning & Sanitary Services,3488445,2022-09-11,Supply and delivery of cleaning & sanitary services items,Ministry of Catch
C-961,961,171,9565727.691186892,2021-03-29,6,2.87,Good,Completed,1806,Nelson Sound Ventures,P431769776V,2016-04-18,Adamberg,Small,744,Motor Vehicles & Spare Parts,9767788,2021-03-29,Supply and delivery of motor vehicles & spare parts items,Ministry of Certainly
C-962,962,195,8505615.586918242,2023-06-27,6,6.42,Good,Completed,1694,Cummings Realize Group,P747145068J,2018-11-06,Christopherberg,Medium,749,Office Stationery & Supplies,8297590,2023-06-27,Supply and delivery of office stationery & supplies items,Ministry of Return
C-963,963,101,42988423.76741193,2024-10-19,0,11.49,Fair,Completed,-256,Miller Energy Ltd,P227186396J,2025-07-02,Obrienbury,Small,545,ICT Equipment & Software,46974251,2024-10-19,Supply and delivery of ict equipment & software items,Ministry of Travel
C-964,964,122,4648830.36702812,2020-10-29,0,6.81,Good,Completed,785,Smith She Group,P420571903L,2018-09-05,Grimesmouth,Medium,746,Motor Vehicles & Spare Parts,4463089,2020-10-29,Supply and delivery of motor vehicles & spare parts items,Ministry of Risk
C-965,965,233,12937732.324138207,2024-03-24,13,2.36,Poor,Completed,563,Mckinney Oil Ventures,P682152066S,2022-09-08,Melissaburgh,Small,845,ICT Equipment & Software,13262750,2024-03-24,Supply and delivery of ict equipment & software items,Ministry of Need
C-966,966,261,8062322.959893826,2025-06-15,4,1.83,Good,Completed,1340,Griffith Past Group,P615877957K,2021-10-14,Hernandezbury,Large,522,Office Stationery & Supplies,8757768,2025-06-15,Supply and delivery of office stationery & supplies items,Ministry of Law
C-967,967,190,496193.32195453,2025-12-21,6,4.46,Good,Completed,1393,Hunter Maintain Limited,P723123952J,2022-02-27,South Reginashire,Small,839,Medical Supplies & Pharmaceuticals,541904,2025-12-21,Supply and delivery of medical supplies & pharmaceuticals items,Ministry of Speech
C-968,968,7,5080246.512757152,2020-11-14,15,4.93,Good,Completed,-333,Bush Answer Ventures,P810026086O,2021-10-13,Traciebury,Small,759,Motor Vehicles & Spare Parts,5192792,2020-11-14,Supply and delivery of motor vehicles & spare parts items,Ministry of Worker
C-969,969,301,6350576.294157992,2023-05-22,60,6.3,Good,Completed,1531,Harper Remember Group,P978731508U,2019-03-13,West Nancy,Small,456,Motor Vehicles & Spare Parts,6712208,2023-05-22,Supply and delivery of motor vehicles & spare parts items,Ministry of Coach
C-970,970,433,7926071.16619686,2021-11-26,26,3.86,Good,Completed,404,Miller Identify Ventures,P247356051A,2020-10-18,Lake Nicole,Small,566,ICT Equipment & Software,8087676,2021-11-26,Supply and delivery of ict equipment & software items,Ministry of Onto
C-971,971,471,47336640.477149114,2023-03-13,14,10.11,Good,Completed,2084,Matthews Son Ltd,P207593219G,2017-06-28,Port Justinside,Small,456,ICT Equipment & Software,45788543,2023-03-13,Supply and delivery of ict equipment & software items,Ministry of Serve
C-972,972,380,4901308.18437377,2020-09-16,6,2.18,Poor,Completed,-820,Wiley Look Group,P624033772U,2022-12-15,Port Kimland,Small,500,Cleaning & Sanitary Services,5234544,2020-09-16,Supply and delivery of cleaning & sanitary services items,Ministry of Friend
C-973,973,177,5729889.768020903,2025-01-13,27,4.02,Good,Completed,3132,Foster Place Enterprise,P158821683A,2016-06-17,West Sierra,Small,489,Motor Vehicles & Spare Parts,5405431,2025-01-13,Supply and delivery of motor vehicles & spare parts items,Ministry of Child
C-974,974,212,17049236.57075946,2024-05-12,8,3.22,Good,Completed,872,Smith Myself Ltd,P717452511P,2021-12-22,West Ruben,Small,688,ICT Equipment & Software,16906440,2024-05-12,Supply and delivery of ict equipment & software items,Ministry of Southern
C-975,975,13,3077470.324131002,2021-11-29,11,9.43,Good,Completed,-1075,Day Character Ltd,P384412919I,2024-11-08,Lake Anna,Small,687,Cleaning & Sanitary Services,3235812,2021-11-29,Supply and delivery of cleaning & sanitary services items,Ministry of Job
C-976,976,108,3130250.011081884,2025-10-06,58,0.09,Good,Completed,1390,Holloway Will Ltd,P409893263C,2021-12-16,South Haleyfurt,Small,489,Medical Supplies & Pharmaceuticals,3038687,2025-10-06,Supply and delivery of medical supplies & pharmaceuticals items,Ministry of Floor
C-977,977,219,4934134.828952756,2022-08-28,56,3.48,Good,Completed,2268,Gonzalez Analysis Ventures,P438868427T,2016-06-12,Haysside,Small,405,Consultancy Services,5253435,2022-08-28,Supply and delivery of consultancy services items,Ministry of World
C-978,978,299,3793038.0735779502,2024-12-05,0,8.23,Fair,Completed,3136,Harper Score Agencies,P152265802P,2016-05-05,South Scottside,Small,527,Office Stationery & Supplies,3789024,2024-12-05,Supply and delivery of office stationery & supplies items,Ministry of Public
C-979,979,295,4049608.5911743245,2025-08-06,19,1.63,Good,Completed,3069,Haney Increase Enterprise,P667840357I,2017-03-12,Port Adam,Medium,849,Office Stationery & Supplies,3802418,2025-08-06,Supply and delivery of office stationery & supplies items,Ministry of Eye
C-980,980,6,390770714.5326863,2020-11-28,38,54.26,Poor,Completed,-1158,Blair Not Ventures,P234031070Y,2024-01-30,New Kellystad,Large,685,Construction & Civil Works,403194586,2020-11-28,Supply and delivery of construction & civil works items,Ministry of Cup
C-981,981,83,4474880.772888275,2020-08-21,15,11.8,Fair,Completed,1598,Collins Research Enterprise,P502982778Z,2016-04-06,North Brittany,Medium,332,ICT Equipment & Software,4141771,2020-08-21,Supply and delivery of ict equipment & software items,Ministry of Crime
C-982,982,130,3816813.137756822,2020-02-27,15,5.02,Good,Completed,-2128,Francis Leader Agencies,P205702499W,2025-12-25,South Garrettport,Small,322,Medical Supplies & Pharmaceuticals,4179441,2020-02-27,Supply and delivery of medical supplies & pharmaceuticals items,Ministry of Population
C-983,983,171,7384761.972267914,2023-09-13,18,7.02,Good,Completed,2704,Nelson Sound Ventures,P431769776V,2016-04-18,Adamberg,Small,744,Motor Vehicles & Spare Parts,6875602,2023-09-13,Supply and delivery of motor vehicles & spare parts items,Ministry of Police
C-984,984,246,2401654.1468443973,2023-05-27,22,4.66,Good,Completed,2123,Perry Majority Ltd,P319068042V,2017-08-03,West Michelle,Medium,327,Consultancy Services,2288370,2023-05-27,Supply and delivery of consultancy services items,Ministry of During
C-985,985,184,15220063.382823037,2023-07-30,8,5.36,Good,Completed,2348,Hicks Western Ltd,P933468715W,2017-02-23,Jessicaberg,Small,532,Construction & Civil Works,14937093,2023-07-30,Supply and delivery of construction & civil works items,Ministry of During
C-986,986,266,6997900.602270211,2024-02-15,24,12.73,Good,Completed,736,Lee Employee Limited,P399580835J,2022-02-09,Jeffreyport,Small,599,Medical Supplies & Pharmaceuticals,7085945,2024-02-15,Supply and delivery of medical supplies & pharmaceuticals items,Ministry of Her
C-987,987,475,4210677.858234203,2020-06-23,51,0.0,Good,Completed,497,Cameron Toward Ventures,P847520637R,2019-02-12,Port Jeremyport,Small,320,Consultancy Services,4094528,2020-06-23,Supply and delivery of consultancy services items,Ministry of State
C-988,988,239,2247079.179989731,2022-11-10,2,13.26,Good,Completed,922,Bartlett Around Ltd,P992699085H,2020-05-02,West Fred,Small,602,Medical Supplies & Pharmaceuticals,2241912,2022-11-10,Supply and delivery of medical supplies & pharmaceuticals items,Ministry of Morning
C-989,989,407,1906705.2546620942,2025-01-27,13,6.48,Fair,Completed,3109,Villarreal Compare Enterprise,P494801749K,2016-07-24,Kerrishire,Medium,713,Motor Vehicles & Spare Parts,2062889,2025-01-27,Supply and delivery of motor vehicles & spare parts items,Ministry of Manager
C-990,990,114,1403021.9137099232,2024-04-09,6,12.3,Good,Completed,47,Pierce Look Enterprise,P194553481U,2024-02-22,Marcusfurt,Medium,568,Motor Vehicles & Spare Parts,1496436,2024-04-09,Supply and delivery of motor vehicles & spare parts items,Ministry of Hour
C-991,991,208,2414110.9253010033,2021-02-07,27,7.37,Good,Completed,492,Johnson Word Ltd,P206389694T,2019-10-04,Laceyberg,Medium,333,Consultancy Services,2295690,2021-02-07,Supply and delivery of consultancy services items,Ministry of Impact
C-992,992,367,5626238.520880096,2022-12-12,0,2.53,Good,Completed,764,Lee If Group,P702994164G,2020-11-08,Ortizfort,Small,586,Consultancy Services,5270080,2022-12-12,Supply and delivery of consultancy services items,Ministry of Certain
C-993,993,68,3263020.866154309,2020-12-24,0,4.32,Fair,Completed,188,Moore Training Ltd,P609677794C,2020-06-19,Karenview,Medium,772,Medical Supplies & Pharmaceuticals,3082410,2020-12-24,Supply and delivery of medical supplies & pharmaceuticals items,Ministry of Draw
C-994,994,99,230812143.4690819,2020-03-11,66,37.36,Poor,Completed,-569,Harrison Let Agencies,P465830215L,2021-10-01,West Shelleyfort,Small,454,Construction & Civil Works,224508163,2020-03-11,Supply and delivery of construction & civil works items,Ministry of South
C-995,995,229,5518861.874954376,2025-10-23,51,8.56,Good,Completed,1959,Jones Certain Limited,P668503222X,2020-06-12,Edwardsview,Medium,350,Motor Vehicles & Spare Parts,5156093,2025-10-23,Supply and delivery of motor vehicles & spare parts items,Ministry of Wish
C-996,996,169,487747450.0723159,2021-08-14,11,5.73,Good,Completed,1230,Rodriguez Through Ltd,P697285504X,2018-04-02,Port Joshuabury,Medium,810,Construction & Civil Works,457538900,2021-08-14,Supply and delivery of construction & civil works items,Ministry of Itself
C-997,997,321,2415276.2202427224,2021-05-02,18,7.67,Good,Completed,30,Allen President Ltd,P665277813Q,2021-04-02,Josephfurt,Medium,685,Medical Supplies & Pharmaceuticals,2564722,2021-05-02,Supply and delivery of medical supplies & pharmaceuticals items,Ministry of Remain
C-998,998,453,6201492.473667322,2025-12-05,37,10.96,Poor,Completed,3253,Mendoza Treat Enterprise,P720682356P,2017-01-08,East Shannon,Large,316,Office Stationery & Supplies,5730761,2025-12-05,Supply and delivery of office stationery & supplies items,Ministry of Sometimes
C-999,999,430,512790559.42580295,2021-03-24,54,0.0,Fair,Completed,1722,Glass Lead Ltd,P982277976U,2016-07-06,Crawfordfurt,Small,459,Construction & Civil Works,477663140,2021-03-24,Supply and delivery of construction & civil works items,Ministry of Cost
C-1000,1000,39,1702232.8156256103,2025-07-24,17,0.0,Good,Completed,3011,Brewer Lot Limited,P439492674W,2017-04-26,North Stephenshire,Small,760,Cleaning & Sanitary Services,1822907,2025-07-24,Supply and delivery of cleaning & sanitary services items,Ministry of Leg
C-1001,1001,481,470483600.09620726,2025-03-14,7,0.29,Good,Completed,869,Allen Middle Ltd,P737849448C,2022-10-27,Port Thomas,Medium,608,Construction & Civil Works,438653090,2025-03-14,Supply and delivery of construction & civil works items,Ministry of Might
C-1002,1002,426,6343432.17798233,2024-02-16,23,1.35,Good,Completed,233,Wright Maintain Agencies,P209422179Z,2023-06-28,North Alexander,Medium,353,Motor Vehicles & Spare Parts,6982799,2024-02-16,Supply and delivery of motor vehicles & spare parts items,Ministry of Trial
C-1003,1003,7,41114967.83965135,2022-09-29,0,12.02,Fair,Completed,351,Bush Answer Ventures,P810026086O,2021-10-13,Traciebury,Small,759,ICT Equipment & Software,40976415,2022-09-29,Supply and delivery of ict equipment & software items,Ministry of Employee
C-1004,1004,402,6010928.267839061,2022-07-25,20,0.75,Good,Completed,1261,Kim Throughout Group,P356234948D,2019-02-10,North Sandy,Small,470,Cleaning & Sanitary Services,5465986,2022-07-25,Supply and delivery of cleaning & sanitary services items,Ministry of Stand
C-1005,1005,44,6965683.41643094,2020-04-01,37,10.6,Good,Completed,-962,Farrell Mouth Agencies,P624557080Q,2022-11-19,North Cynthiaview,Medium,327,Medical Supplies & Pharmaceuticals,6859291,2020-04-01,Supply and delivery of medical supplies & pharmaceuticals items,Ministry of Simple
C-1006,1006,447,7599821.306348818,2024-12-11,0,0.0,Fair,Completed,289,Gray Similar Ventures,P839269574S,2024-02-26,East Jessica,Medium,721,Motor Vehicles & Spare Parts,8443528,2024-12-11,Supply and delivery of motor vehicles & spare parts items,Ministry of Service
C-1007,1007,399,5995585.789043126,2021-11-16,20,8.75,Poor,Completed,1186,Williams As Agencies,P947493681Z,2018-08-18,Courtneyhaven,Small,701,Consultancy Services,5632388,2021-11-16,Supply and delivery of consultancy services items,Ministry of Population
C-1008,1008,433,7802442.959949701,2025-08-19,20,2.79,Good,Completed,1766,Miller Identify Ventures,P247356051A,2020-10-18,Lake Nicole,Small,566,Consultancy Services,7551747,2025-08-19,Supply and delivery of consultancy services items,Ministry of Owner
C-1009,1009,32,4178702.4534265073,2023-07-25,28,1.22,Poor,Completed,-780,House Time Group,P353810544K,2025-09-12,Tuckerborough,Large,340,Motor Vehicles & Spare Parts,3981857,2023-07-25,Supply and delivery of motor vehicles & spare parts items,Ministry of Network
C-1010,1010,310,147864763.4379756,2023-11-06,22,7.25,Good,Completed,1415,Allen Fund Ventures,P932701695S,2019-12-22,Owensstad,Small,623,Construction & Civil Works,143957128,2023-11-06,Supply and delivery of construction & civil works items,Ministry of Sea
C-1011,1011,107,201552.16531877196,2024-09-20,11,0.0,Poor,Completed,2361,Hernandez Exactly Ventures,P987588450J,2018-04-04,North Gabrielport,Small,350,Cleaning & Sanitary Services,218581,2024-09-20,Supply and delivery of cleaning & sanitary services items,Ministry of Near
C-1012,1012,415,3852137.425069745,2020-08-27,10,2.15,Good,Completed,-1081,Sanchez According Group,P540272920B,2023-08-13,New Michael,Small,623,Cleaning & Sanitary Services,3952256,2020-08-27,Supply and delivery of cleaning & sanitary services items,Ministry of Loss
C-1013,1013,417,9623479.667048797,2024-12-16,0,16.09,Poor,Completed,2890,Moreno Economy Ltd,P550773824F,2017-01-17,East Jenniferland,Large,698,Medical Supplies & Pharmaceuticals,8827148,2024-12-16,Supply and delivery of medical supplies & pharmaceuticals items,Ministry of And
C-1014,1014,134,9260309.03145439,2025-04-07,18,0.98,Poor,Completed,2454,Scott Act Limited,P963968184D,2018-07-19,Ericaburgh,Small,459,Motor Vehicles & Spare Parts,9907020,2025-04-07,Supply and delivery of motor vehicles & spare parts items,Ministry of Else
C-1015,1015,245,1043142.28950574,2023-02-10,51,1.61,Good,Completed,830,Ballard Reveal Agencies,P536038528T,2020-11-02,Joneston,Small,314,Consultancy Services,972328,2023-02-10,Supply and delivery of consultancy services items,Ministry of Individual
C-1016,1016,155,3303008.6430549584,2025-11-25,13,5.07,Fair,Completed,437,Murphy Choose Ventures,P946799779M,2024-09-14,West Micheleberg,Large,683,Motor Vehicles & Spare Parts,3210691,2025-11-25,Supply and delivery of motor vehicles & spare parts items,Ministry of Among
C-1017,1017,308,10997496.61921673,2023-05-06,16,2.72,Good,Completed,34,Hansen Measure Group,P324292944V,2023-04-02,Susantown,Small,509,ICT Equipment & Software,12188962,2023-05-06,Supply and delivery of ict equipment & software items,Ministry of Name
C-1018,1018,309,7909192.279221728,2024-08-03,0,15.12,Fair,Completed,2361,Lee Site Ltd,P225967304V,2018-02-15,Rochaborough,Small,759,Medical Supplies & Pharmaceuticals,8413157,2024-08-03,Supply and delivery of medical supplies & pharmaceuticals items,Ministry of Appear
C-1019,1019,41,6329034.175678842,2021-02-19,0,4.42,Good,Completed,-1338,Wood Coach Ventures,P570497096I,2024-10-19,Cherylhaven,Small,784,Medical Supplies & Pharmaceuticals,6187595,2021-02-19,Supply and delivery of medical supplies & pharmaceuticals items,Ministry of Less
C-1020,1020,500,9796684.756891351,2022-05-22,24,8.96,Good,Completed,1115,Hatfield Form Agencies,P781288086D,2019-05-03,South Joshuaburgh,Small,421,Consultancy Services,9846919,2022-05-22,Supply and delivery of consultancy services items,Ministry of Fly
C-1021,1021,25,4979773.458597914,2024-08-22,0,2.15,Good,Completed,1504,Wright Attack Group,P463016614B,2020-07-10,New Jeffrey,Small,516,Cleaning & Sanitary Services,4610784,2024-08-22,Supply and delivery of cleaning & sanitary services items,Ministry of Feeling
C-1022,1022,35,10660015.723149898,2022-10-07,0,8.98,Poor,Completed,1673,Brown Simply Ventures,P682177668D,2018-03-09,Brianshire,Medium,846,Medical Supplies & Pharmaceuticals,9778075,2022-10-07,Supply and delivery of medical supplies & pharmaceuticals items,Ministry of Knowledge
C-1023,1023,84,2673826.3665985973,2021-10-07,15,0.0,Good,Completed,-931,Sanchez Same Ventures,P929445037T,2024-04-25,Port Tonyaton,Small,769,Office Stationery & Supplies,2670466,2021-10-07,Supply and delivery of office stationery & supplies items,Ministry of Wide
C-1024,1024,311,9801760.560470143,2020-04-29,39,0.0,Good,Completed,451,Ward Us Group,P633947427D,2019-02-03,Port Tinafort,Large,426,Consultancy Services,9279253,2020-04-29,Supply and delivery of consultancy services items,Ministry of Nation
C-1025,1025,351,1117544.765862249,2025-06-02,10,9.55,Good,Completed,-90,Jordan Action Limited,P205877984Q,2025-08-31,New Julie,Large,822,Cleaning & Sanitary Services,1117481,2025-06-02,Supply and delivery of cleaning & sanitary services items,Ministry of Major
C-1026,1026,140,8281642.828147157,2024-12-23,37,0.0,Good,Completed,516,Saunders Responsibility Limited,P246865585O,2023-07-26,Lake Debbieport,Small,334,Consultancy Services,8551115,2024-12-23,Supply and delivery of consultancy services items,Ministry of Live
C-1027,1027,158,2490515.0061684516,2020-07-17,0,13.01,Good,Completed,-83,Strickland Must Ltd,P737444033G,2020-10-08,Gordonton,Small,768,Motor Vehicles & Spare Parts,2438377,2020-07-17,Supply and delivery of motor vehicles & spare parts items,Ministry of Month
C-1028,1028,124,976500.5969825726,2020-09-04,20,6.81,Poor,Completed,-1471,Pollard Edge Enterprise,P713963047Y,2024-09-14,Port Kimberly,Small,734,Cleaning & Sanitary Services,906564,2020-09-04,Supply and delivery of cleaning & sanitary services items,Ministry of Start
C-1029,1029,149,6076715.833999879,2023-07-06,0,5.12,Poor,Completed,-501,Taylor Long Agencies,P498370582Q,2024-11-18,Matthewsberg,Small,668,Cleaning & Sanitary Services,6147511,2023-07-06,Supply and delivery of cleaning & sanitary services items,Ministry of Wall
C-1030,1030,106,17251740.149149135,2024-03-05,0,8.42,Fair,Completed,-392,French Process Agencies,P733281747Q,2025-04-01,South Danny,Medium,770,ICT Equipment & Software,16402677,2024-03-05,Supply and delivery of ict equipment & software items,Ministry of Central
C-1031,1031,56,309875595.0296764,2022-05-11,0,9.42,Good,Completed,1389,Fletcher Ability Agencies,P658260221Z,2018-07-22,West Ryan,Small,524,Construction & Civil Works,322165965,2022-05-11,Supply and delivery of construction & civil works items,Ministry of Game
C-1032,1032,26,1278521.884336628,2022-09-14,19,0.0,Good,Completed,2186,Welch Drop Ventures,P172370545C,2016-09-19,Chadbury,Medium,792,ICT Equipment & Software,1237954,2022-09-14,Supply and delivery of ict equipment & software items,Ministry of Country
C-1033,1033,246,530410677.80205953,2022-09-21,55,12.1,Good,Completed,1875,Perry Majority Ltd,P319068042V,2017-08-03,West Michelle,Medium,327,Construction & Civil Works,482602178,2022-09-21,Supply and delivery of construction & civil works items,Ministry of Watch
C-1034,1034,8,9410272.731622525,2024-04-10,13,12.0,Good,Completed,-146,James Long Limited,P782560971X,2024-09-03,West Michael,Small,774,Motor Vehicles & Spare Parts,9195781,2024-04-10,Supply and delivery of motor vehicles & spare parts items,Ministry of Defense
C-1035,1035,99,138092448.85321194,2025-04-17,23,0.0,Good,Completed,1294,Harrison Let Agencies,P465830215L,2021-10-01,West Shelleyfort,Small,454,Construction & Civil Works,138426955,2025-04-17,Supply and delivery of construction & civil works items,Ministry of Believe
C-1036,1036,59,4381288.190867709,2021-07-01,47,8.06,Good,Completed,-1430,Byrd Weight Ventures,P286860433N,2025-05-31,Richardtown,Small,483,Cleaning & Sanitary Services,4610579,2021-07-01,Supply and delivery of cleaning & sanitary services items,Ministry of Role
C-1037,1037,383,8307190.633777472,2023-11-22,24,7.89,Good,Completed,2402,Phelps Story Group,P469087606R,2017-04-25,North Corymouth,Medium,341,Consultancy Services,7663493,2023-11-22,Supply and delivery of consultancy services items,Ministry of Seek
C-1038,1038,393,276854538.263691,2024-10-11,0,2.2,Good,Completed,537,Bell Laugh Enterprise,P437695739Y,2023-04-23,East Joshua,Large,837,Construction & Civil Works,270703251,2024-10-11,Supply and delivery of construction & civil works items,Ministry of Serious
C-1039,1039,463,2684634.8555520624,2024-05-25,16,6.61,Good,Completed,1003,Hernandez Same Limited,P816688804G,2021-08-26,Lake Mauriceside,Small,509,Motor Vehicles & Spare Parts,2478907,2024-05-25,Supply and delivery of motor vehicles & spare parts items,Ministry of Benefit
C-1040,1040,308,4580396.884992468,2020-09-07,0,6.2,Good,Completed,-937,Hansen Measure Group,P324292944V,2023-04-02,Susantown,Small,509,Motor Vehicles & Spare Parts,4632688,2020-09-07,Supply and delivery of motor vehicles & spare parts items,Ministry of Listen
C-1041,1041,178,7653749.129463944,2023-10-21,8,0.0,Fair,Completed,44,Duran Figure Ltd,P452318696H,2023-09-07,South Julieburgh,Small,668,Medical Supplies & Pharmaceuticals,7233131,2023-10-21,Supply and delivery of medical supplies & pharmaceuticals items,Ministry of Bed
C-1042,1042,196,4645212.1602367,2023-02-21,9,0.0,Good,Completed,-743,Collins Reality Limited,P849987147Q,2025-03-05,Andersonland,Large,541,Office Stationery & Supplies,4981909,2023-02-21,Supply and delivery of office stationery & supplies items,Ministry of If
C-1043,1043,281,9780281.718949873,2024-05-11,0,8.64,Good,Completed,1853,Morales Beyond Ltd,P298407302I,2019-04-15,Morrisbury,Medium,648,Consultancy Services,9403721,2024-05-11,Supply and delivery of consultancy services items,Ministry of Much
C-1044,1044,423,2245223.5846389146,2023-09-03,0,17.77,Good,Completed,1831,Wilson Coach Group,P967150570R,2018-08-29,Margaretton,Medium,665,Office Stationery & Supplies,2445704,2023-09-03,Supply and delivery of office stationery & supplies items,Ministry of Collection
C-1045,1045,181,42480389.79987583,2022-04-09,64,0.81,Fair,Completed,1230,Sullivan Garden Group,P284547422Z,2018-11-26,Collierstad,Small,379,ICT Equipment & Software,42866372,2022-04-09,Supply and delivery of ict equipment & software items,Ministry of Husband
C-1046,1046,238,7620529.972831704,2020-04-06,37,0.45,Good,Completed,1086,Calderon Ok Limited,P786973497L,2017-04-16,Port Tammy,Medium,307,Cleaning & Sanitary Services,8320038,2020-04-06,Supply and delivery of cleaning & sanitary services items,Ministry of Conference
C-1047,1047,147,9196614.421338277,2025-06-21,0,5.23,Fair,Completed,226,Hoffman Whole Enterprise,P755070775O,2024-11-07,Lake Madisonport,Large,847,Consultancy Services,8517944,2025-06-21,Supply and delivery of consultancy services items,Ministry of Others
C-1048,1048,393,457360560.45606565,2025-03-24,1,9.11,Fair,Completed,701,Bell Laugh Enterprise,P437695739Y,2023-04-23,East Joshua,Large,837,Construction & Civil Works,494740342,2025-03-24,Supply and delivery of construction & civil works items,Ministry of Travel
C-1049,1049,321,18566637.41437692,2020-11-24,0,0.0,Good,Completed,-129,Allen President Ltd,P665277813Q,2021-04-02,Josephfurt,Medium,685,ICT Equipment & Software,19884838,2020-11-24,Supply and delivery of ict equipment & software items,Ministry of Trouble
C-1050,1050,127,4863885.643117427,2020-11-12,0,4.45,Fair,Completed,-147,Bryant Seven Ltd,P254785699A,2021-04-08,North Terrance,Small,752,Medical Supplies & Pharmaceuticals,5404120,2020-11-12,Supply and delivery of medical supplies & pharmaceuticals items,Ministry of Specific
C-1051,1051,79,1613084.7306164964,2024-04-09,22,1.79,Fair,Completed,2948,Ryan Hard Enterprise,P340756713P,2016-03-14,Port Susanton,Large,637,Cleaning & Sanitary Services,1547947,2024-04-09,Supply and delivery of cleaning & sanitary services items,Ministry of Kind
C-1052,1052,162,8834974.98802948,2021-11-05,2,4.66,Good,Completed,-6,Joseph I Limited,P741444618H,2021-11-11,Shawnchester,Small,514,Office Stationery & Supplies,8378499,2021-11-05,Supply and delivery of office stationery & supplies items,Ministry of Show
C-1053,1053,195,6777955.448855294,2024-08-11,6,4.36,Good,Completed,2105,Cummings Realize Group,P747145068J,2018-11-06,Christopherberg,Medium,749,Consultancy Services,6706470,2024-08-11,Supply and delivery of consultancy services items,Ministry of Like
C-1054,1054,208,793852.066975291,2021-09-24,23,3.24,Good,Completed,721,Johnson Word Ltd,P206389694T,2019-10-04,Laceyberg,Medium,333,Medical Supplies & Pharmaceuticals,776296,2021-09-24,Supply and delivery of medical supplies & pharmaceuticals items,Ministry of Course
C-1055,1055,435,7108306.026936836,2020-09-14,7,2.28,Good,Completed,-37,Harrington Guy Ltd,P707363258G,2020-10-21,Paulburgh,Small,631,Office Stationery & Supplies,7135655,2020-09-14,Supply and delivery of office stationery & supplies items,Ministry of Catch
C-1056,1056,41,469177820.076594,2025-10-05,124,50.73,Poor,Terminated,351,Wood Coach Ventures,P570497096I,2024-10-19,Cherylhaven,Small,784,Construction & Civil Works,460896022,2025-10-05,Supply and delivery of construction & civil works items,Ministry of About
C-1057,1057,443,174146891.78304532,2023-09-26,99,32.6,Poor,Terminated,-123,Peterson Cost Limited,P961596686U,2024-01-27,North Dylanberg,Small,588,Construction & Civil Works,181713207,2023-09-26,Supply and delivery of construction & civil works items,Ministry of Environment
C-1058,1058,381,8508699.261974048,2020-01-27,43,6.89,Good,Completed,-1186,Ellis Red Limited,P848708337W,2023-04-27,Port Amandaborough,Small,372,Consultancy Services,9267491,2020-01-27,Supply and delivery of consultancy services items,Ministry of Modern
C-1059,1059,187,7943474.454261716,2025-02-17,1,5.22,Good,Completed,984,Downs Future Ltd,P773469560U,2022-06-09,South Carlos,Large,629,Office Stationery & Supplies,7284872,2025-02-17,Supply and delivery of office stationery & supplies items,Ministry of Of
C-1060,1060,148,2197059.066309119,2024-11-04,42,9.13,Good,Completed,856,Wilson Answer Limited,P139956218T,2022-07-02,Wilsonbury,Small,395,Consultancy Services,2289921,2024-11-04,Supply and delivery of consultancy services items,Ministry of Political
C-1061,1061,110,22285982.93747221,2025-04-18,20,0.0,Good,Completed,3298,Perez Represent Ltd,P997603725K,2016-04-07,Port Emilyview,Small,353,ICT Equipment & Software,20475372,2025-04-18,Supply and delivery of ict equipment & software items,Ministry of Economy
C-1062,1062,56,4712846.910464301,2021-04-20,0,0.98,Good,Completed,1003,Fletcher Ability Agencies,P658260221Z,2018-07-22,West Ryan,Small,524,Motor Vehicles & Spare Parts,4922139,2021-04-20,Supply and delivery of motor vehicles & spare parts items,Ministry of Receive
C-1063,1063,241,916728.0599109057,2022-11-08,7,6.88,Good,Completed,1498,Weber Possible Agencies,P672817675F,2018-10-02,New Shelly,Small,664,Motor Vehicles & Spare Parts,862371,2022-11-08,Supply and delivery of motor vehicles & spare parts items,Ministry of It
C-1064,1064,276,24564653.308972694,2022-08-26,0,0.0,Good,Completed,-985,Johnson Think Group,P526269674Y,2025-05-07,Lopezport,Small,849,ICT Equipment & Software,25556359,2022-08-26,Supply and delivery of ict equipment & software items,Ministry of Plant
C-1065,1065,82,494011854.3217077,2023-08-07,10,0.0,Poor,Completed,559,Stuart Serious Ventures,P222978730X,2022-01-25,West Daniel,Small,691,Construction & Civil Works,495308214,2023-08-07,Supply and delivery of construction & civil works items,Ministry of Election
C-1066,1066,346,6503065.29123259,2025-04-16,57,3.36,Good,Completed,1789,Carter Room Ventures,P174258554Y,2020-05-23,Chambersberg,Large,481,Consultancy Services,6600785,2025-04-16,Supply and delivery of consultancy services items,Ministry of Fall
C-1067,1067,70,7508451.379375032,2023-09-19,43,0.0,Good,Completed,1959,Rogers Walk Enterprise,P679984033F,2018-05-09,East Jesse,Small,443,Office Stationery & Supplies,7963438,2023-09-19,Supply and delivery of office stationery & supplies items,Ministry of Onto
C-1068,1068,496,8055172.740313817,2024-12-01,11,4.42,Good,Completed,1897,Richards Major Agencies,P226466892E,2019-09-22,Port Cynthiashire,Medium,541,Medical Supplies & Pharmaceuticals,8072368,2024-12-01,Supply and delivery of medical supplies & pharmaceuticals items,Ministry of Despite
C-1069,1069,234,2317384.9008260383,2020-04-17,66,9.16,Fair,Completed,-1334,Hicks Campaign Ltd,P315801027Y,2023-12-12,East Kristy,Small,372,Office Stationery & Supplies,2335883,2020-04-17,Supply and delivery of office stationery & supplies items,Ministry of Choose
C-1070,1070,137,823203.1154171586,2020-04-30,21,13.1,Fair,Completed,-521,Haney Find Group,P123557463Q,2021-10-03,Hillshire,Medium,716,Motor Vehicles & Spare Parts,864265,2020-04-30,Supply and delivery of motor vehicles & spare parts items,Ministry of Happy
C-1071,1071,296,380570638.0093206,2020-03-21,0,8.14,Good,Completed,1455,Evans Report Ltd,P872121274I,2016-03-27,Patelbury,Small,710,Construction & Civil Works,422446936,2020-03-21,Supply and delivery of construction & civil works items,Ministry of Too
C-1072,1072,5,12948604.806867478,2020-03-12,5,8.49,Good,Completed,743,Gallagher Blue Agencies,P199585092Y,2018-02-28,West Melanieview,Small,643,ICT Equipment & Software,11868954,2020-03-12,Supply and delivery of ict equipment & software items,Ministry of Participant
C-1073,1073,223,4716268.028782292,2025-01-10,3,3.49,Fair,Completed,2320,Miller Language Agencies,P184747224B,2018-09-04,New Kelly,Small,504,Consultancy Services,5187692,2025-01-10,Supply and delivery of consultancy services items,Ministry of Fire
C-1074,1074,144,882413.1255419352,2021-12-26,0,10.38,Good,Completed,-1334,Taylor Draw Enterprise,P826197069U,2025-08-21,Coffeyside,Medium,719,Consultancy Services,834275,2021-12-26,Supply and delivery of consultancy services items,Ministry of Begin
C-1075,1075,468,9782608.698877456,2020-04-17,21,7.23,Good,Completed,1279,Vega Defense Enterprise,P983221403O,2016-10-16,Port Brooke,Small,837,Motor Vehicles & Spare Parts,9786427,2020-04-17,Supply and delivery of motor vehicles & spare parts items,Ministry of Keep
C-1076,1076,426,9234017.630709134,2025-12-17,11,0.0,Good,Completed,903,Wright Maintain Agencies,P209422179Z,2023-06-28,North Alexander,Medium,353,Office Stationery & Supplies,9087114,2025-12-17,Supply and delivery of office stationery & supplies items,Ministry of Color
C-1077,1077,153,454601595.0875541,2024-01-12,75,20.08,Poor,Terminated,-536,Holloway Benefit Ventures,P811642514N,2025-07-01,North Kristinbury,Small,532,Construction & Civil Works,413847408,2024-01-12,Supply and delivery of construction & civil works items,Ministry of Popular
C-1078,1078,432,6202115.515734869,2023-12-19,15,0.0,Good,Completed,2780,Harvey Else Group,P795009888S,2016-05-09,Jenkinsside,Small,628,Motor Vehicles & Spare Parts,6124293,2023-12-19,Supply and delivery of motor vehicles & spare parts items,Ministry of Scene
C-1079,1079,377,5024232.89553576,2023-07-27,6,4.01,Poor,Completed,-406,Martinez Tree Group,P242475723P,2024-09-05,Lake Marc,Small,847,Cleaning & Sanitary Services,5418331,2023-07-27,Supply and delivery of cleaning & sanitary services items,Ministry of Store
C-1080,1080,88,72338798.91581589,2023-05-16,1,9.74,Good,Completed,1709,Christian Then Agencies,P193053577R,2018-09-10,Sanchezmouth,Medium,780,Construction & Civil Works,70030702,2023-05-16,Supply and delivery of construction & civil works items,Ministry of Lose
C-1081,1081,434,2819840.6167477085,2024-06-29,13,12.13,Good,Completed,1179,Mccoy Suffer Ltd,P683746914Y,2021-04-07,South Kimberlystad,Small,840,Motor Vehicles & Spare Parts,3063944,2024-06-29,Supply and delivery of motor vehicles & spare parts items,Ministry of Here
C-1082,1082,307,4211296.220438397,2025-08-02,14,7.5,Poor,Completed,1542,Calderon Approach Agencies,P388258432Y,2021-05-13,Port Charlesshire,Medium,517,Cleaning & Sanitary Services,4048401,2025-08-02,Supply and delivery of cleaning & sanitary services items,Ministry of Better
C-1083,1083,171,5728467.5526561765,2024-08-10,1,5.34,Good,Completed,3036,Nelson Sound Ventures,P431769776V,2016-04-18,Adamberg,Small,744,Consultancy Services,5334259,2024-08-10,Supply and delivery of consultancy services items,Ministry of Future
C-1084,1084,248,6283254.178412506,2022-03-18,1,6.78,Poor,Completed,1100,Owens Example Agencies,P582750043P,2019-03-14,North Brent,Small,836,Medical Supplies & Pharmaceuticals,6950807,2022-03-18,Supply and delivery of medical supplies & pharmaceuticals items,Ministry of Hundred
C-1085,1085,127,6883276.308389575,2024-12-02,10,0.0,Good,Completed,1334,Bryant Seven Ltd,P254785699A,2021-04-08,North Terrance,Small,752,Cleaning & Sanitary Services,6884672,2024-12-02,Supply and delivery of cleaning & sanitary services items,Ministry of Son
C-1086,1086,448,20607643.317937236,2022-07-25,23,9.41,Good,Completed,-1071,Fry Include Ventures,P927672827K,2025-06-30,East Carriebury,Small,330,ICT Equipment & Software,22153925,2022-07-25,Supply and delivery of ict equipment & software items,Ministry of Oil
C-1087,1087,211,2751700.0881837243,2020-05-22,12,0.0,Good,Completed,732,Martinez Edge Enterprise,P550784243O,2018-05-21,Brownfort,Small,567,Office Stationery & Supplies,2692316,2020-05-22,Supply and delivery of office stationery & supplies items,Ministry of Market
C-1088,1088,335,35241007.38664781,2020-10-21,22,2.54,Good,Completed,435,Davis Yes Limited,P430999662C,2019-08-13,Kathleenville,Small,412,ICT Equipment & Software,33765940,2020-10-21,Supply and delivery of ict equipment & software items,Ministry of Run
C-1089,1089,41,8590308.385726037,2025-02-25,11,2.19,Good,Completed,129,Wood Coach Ventures,P570497096I,2024-10-19,Cherylhaven,Small,784,Cleaning & Sanitary Services,8777828,2025-02-25,Supply and delivery of cleaning & sanitary services items,Ministry of Girl
C-1090,1090,487,6020719.650558137,2023-02-28,4,15.31,Good,Completed,711,Hanson Pattern Agencies,P209856785A,2021-03-19,Annaport,Small,800,Cleaning & Sanitary Services,5538757,2023-02-28,Supply and delivery of cleaning & sanitary services items,Ministry of Network
C-1091,1091,42,9379219.778083913,2021-04-04,0,6.58,Good,Completed,1889,Montoya Firm Group,P812308209G,2016-02-01,West Darrell,Small,840,Cleaning & Sanitary Services,9883893,2021-04-04,Supply and delivery of cleaning & sanitary services items,Ministry of Determine
C-1092,1092,235,2971289.090575937,2023-09-03,66,1.75,Fair,Completed,2703,Spencer Home Limited,P601873197Z,2016-04-09,New Nicole,Medium,420,Cleaning & Sanitary Services,2764749,2023-09-03,Supply and delivery of cleaning & sanitary services items,Ministry of Boy
C-1093,1093,80,6877917.414415609,2023-06-05,31,9.06,Fair,Completed,-46,Herring Decision Limited,P121882877N,2023-07-21,East David,Medium,460,Consultancy Services,6828926,2023-06-05,Supply and delivery of consultancy services items,Ministry of Professional
C-1094,1094,227,9693625.620630978,2023-03-04,2,0.0,Good,Completed,397,Harrington Already Ventures,P235538456E,2022-01-31,Port Deanna,Small,580,Cleaning & Sanitary Services,9895586,2023-03-04,Supply and delivery of cleaning & sanitary services items,Ministry of Begin
C-1095,1095,126,3051963.804730964,2022-11-25,50,13.14,Good,Completed,708,Johnson Morning Agencies,P733701411V,2020-12-17,Port Meganville,Small,346,Cleaning & Sanitary Services,3021989,2022-11-25,Supply and delivery of cleaning & sanitary services items,Ministry of Risk
C-1096,1096,355,3613286.6111532133,2023-08-18,0,7.36,Good,Completed,880,Bailey Bill Ventures,P570477095U,2021-03-21,Floresport,Small,805,Consultancy Services,3813543,2023-08-18,Supply and delivery of consultancy services items,Ministry of Story
C-1097,1097,235,1305780.418267663,2025-11-30,20,11.03,Poor,Completed,3522,Spencer Home Limited,P601873197Z,2016-04-09,New Nicole,Medium,420,Medical Supplies & Pharmaceuticals,1303920,2025-11-30,Supply and delivery of medical supplies & pharmaceuticals items,Ministry of Field
C-1098,1098,177,845302.4649279093,2022-07-24,31,2.99,Poor,Completed,2228,Foster Place Enterprise,P158821683A,2016-06-17,West Sierra,Small,489,Office Stationery & Supplies,847852,2022-07-24,Supply and delivery of office stationery & supplies items,Ministry of Thus
C-1099,1099,428,42208373.07969903,2021-11-24,0,10.96,Good,Completed,24,Green Tax Limited,P180516876B,2021-10-31,East Rachelmouth,Small,789,ICT Equipment & Software,43599658,2021-11-24,Supply and delivery of ict equipment & software items,Ministry of Never
C-1100,1100,174,7414564.912901248,2023-06-14,18,4.79,Good,Completed,540,Ware Clearly Agencies,P269017588W,2021-12-21,Lake Christophermouth,Small,519,Motor Vehicles & Spare Parts,7028655,2023-06-14,Supply and delivery of motor vehicles & spare parts items,Ministry of Price
C-1101,1101,309,9421440.710823547,2022-02-14,13,8.97,Good,Completed,1460,Lee Site Ltd,P225967304V,2018-02-15,Rochaborough,Small,759,Medical Supplies & Pharmaceuticals,9596418,2022-02-14,Supply and delivery of medical supplies & pharmaceuticals items,Ministry of Carry
C-1102,1102,400,1966223.0852233088,2023-09-07,4,8.7,Poor,Completed,1,Henderson Interest Enterprise,P188506190O,2023-09-06,West Christopher,Medium,572,Medical Supplies & Pharmaceuticals,1921367,2023-09-07,Supply and delivery of medical supplies & pharmaceuticals items,Ministry of Model
C-1103,1103,319,2956562.8787546516,2023-02-12,19,3.73,Good,Completed,2572,Arnold Actually Ltd,P117959560H,2016-01-28,Amandaport,Small,612,Office Stationery & Supplies,2999033,2023-02-12,Supply and delivery of office stationery & supplies items,Ministry of Project
C-1104,1104,267,1733980.7555245003,2022-12-26,13,6.36,Good,Completed,-269,Bush Road Group,P856975382F,2023-09-21,Timothyside,Small,417,Cleaning & Sanitary Services,1678315,2022-12-26,Supply and delivery of cleaning & sanitary services items,Ministry of System
C-1105,1105,130,8774724.523922395,2021-01-29,43,3.65,Good,Completed,-1791,Francis Leader Agencies,P205702499W,2025-12-25,South Garrettport,Small,322,Office Stationery & Supplies,8398852,2021-01-29,Supply and delivery of office stationery & supplies items,Ministry of Poor
C-1106,1106,296,177656354.41625962,2021-05-24,0,5.38,Poor,Completed,1884,Evans Report Ltd,P872121274I,2016-03-27,Patelbury,Small,710,Construction & Civil Works,195642449,2021-05-24,Supply and delivery of construction & civil works items,Ministry of Fill
C-1107,1107,96,1480179.6081933775,2025-11-15,12,0.82,Poor,Completed,2593,Lawrence Soon Group,P663324548M,2018-10-10,Tinaborough,Small,460,Office Stationery & Supplies,1449590,2025-11-15,Supply and delivery of office stationery & supplies items,Ministry of Ability
C-1108,1108,293,5494213.287862514,2020-09-15,48,7.17,Fair,Completed,1601,Ortiz Specific Limited,P245415636X,2016-04-28,Brooksfurt,Small,314,Motor Vehicles & Spare Parts,5466645,2020-09-15,Supply and delivery of motor vehicles & spare parts items,Ministry of Make
C-1109,1109,410,10718273.367986513,2023-10-02,17,7.45,Fair,Completed,2008,Wright Whole Agencies,P873403266U,2018-04-03,Margaretshire,Small,776,ICT Equipment & Software,11699747,2023-10-02,Supply and delivery of ict equipment & software items,Ministry of Buy
C-1110,1110,59,7685576.406042588,2024-06-03,23,5.87,Fair,Completed,-362,Byrd Weight Ventures,P286860433N,2025-05-31,Richardtown,Small,483,Medical Supplies & Pharmaceuticals,7203260,2024-06-03,Supply and delivery of medical supplies & pharmaceuticals items,Ministry of Despite
C-1111,1111,354,9492686.444171002,2024-10-17,38,0.0,Fair,Completed,2785,Shepard Change Agencies,P474015041T,2017-03-03,Stanleyborough,Small,352,Office Stationery & Supplies,9958401,2024-10-17,Supply and delivery of office stationery & supplies items,Ministry of Join
C-1112,1112,493,377507787.7751417,2022-06-26,135,50.7,Poor,Completed,-502,Knox Remain Ltd,P484933362G,2023-11-10,Meganside,Small,513,Construction & Civil Works,370654634,2022-06-26,Supply and delivery of construction & civil works items,Ministry of Goal
C-1113,1113,248,8680969.276073277,2022-02-05,5,7.27,Good,Completed,1059,Owens Example Agencies,P582750043P,2019-03-14,North Brent,Small,836,Office Stationery & Supplies,8382356,2022-02-05,Supply and delivery of office stationery & supplies items,Ministry of Sure
C-1114,1114,176,30255956.137495894,2023-10-28,18,0.9,Good,Completed,1594,Rodriguez Resource Group,P828519068L,2019-06-17,Roseport,Medium,300,ICT Equipment & Software,31897110,2023-10-28,Supply and delivery of ict equipment & software items,Ministry of Activity
C-1115,1115,213,1647722.137394754,2023-11-04,12,0.0,Good,Completed,616,Allen Keep Agencies,P301126777Q,2022-02-26,New Theresaland,Medium,700,Consultancy Services,1549991,2023-11-04,Supply and delivery of consultancy services items,Ministry of Road
C-1116,1116,134,6525836.110018382,2021-09-09,15,4.59,Good,Completed,1148,Scott Act Limited,P963968184D,2018-07-19,Ericaburgh,Small,459,Cleaning & Sanitary Services,6139523,2021-09-09,Supply and delivery of cleaning & sanitary services items,Ministry of Street
C-1117,1117,261,6646697.866259767,2020-05-28,0,2.09,Good,Completed,-504,Griffith Past Group,P615877957K,2021-10-14,Hernandezbury,Large,522,Motor Vehicles & Spare Parts,6847741,2020-05-28,Supply and delivery of motor vehicles & spare parts items,Ministry of First
C-1118,1118,203,383122213.813651,2023-01-15,27,12.82,Poor,Completed,485,Alexander Specific Ventures,P402550088X,2021-09-17,Shawchester,Medium,736,Construction & Civil Works,362490090,2023-01-15,Supply and delivery of construction & civil works items,Ministry of Game
C-1119,1119,378,522879.2228035814,2024-08-07,0,12.0,Good,Completed,2234,Bridges Increase Ventures,P625552311J,2018-06-26,Courtneyfurt,Small,543,Motor Vehicles & Spare Parts,524528,2024-08-07,Supply and delivery of motor vehicles & spare parts items,Ministry of Build
C-1120,1120,309,7749499.885480537,2024-02-11,0,11.41,Good,Completed,2187,Lee Site Ltd,P225967304V,2018-02-15,Rochaborough,Small,759,Office Stationery & Supplies,8090001,2024-02-11,Supply and delivery of office stationery & supplies items,Ministry of Growth
C-1121,1121,344,6689323.365184792,2022-05-17,11,8.69,Good,Completed,-1210,Casey Gas Limited,P503786306R,2025-09-08,Diazshire,Medium,387,Cleaning & Sanitary Services,6550219,2022-05-17,Supply and delivery of cleaning & sanitary services items,Ministry of Outside
C-1122,1122,58,352408990.86731,2023-09-11,0,0.71,Fair,Completed,1678,Ortiz Interesting Group,P848621833S,2019-02-06,East Robert,Small,715,Construction & Civil Works,371823844,2023-09-11,Supply and delivery of construction & civil works items,Ministry of Air
C-1123,1123,309,15366762.07726948,2024-12-28,12,11.24,Fair,Completed,2508,Lee Site Ltd,P225967304V,2018-02-15,Rochaborough,Small,759,ICT Equipment & Software,14118723,2024-12-28,Supply and delivery of ict equipment & software items,Ministry of Daughter
C-1124,1124,17,8734411.337066792,2021-12-25,56,3.14,Good,Completed,-303,Wilson Value Ventures,P676567501W,2022-10-24,Kaylamouth,Small,334,Consultancy Services,8627835,2021-12-25,Supply and delivery of consultancy services items,Ministry of Ground
C-1125,1125,184,8811382.802698568,2025-07-13,19,3.59,Good,Completed,3062,Hicks Western Ltd,P933468715W,2017-02-23,Jessicaberg,Small,532,Medical Supplies & Pharmaceuticals,9180745,2025-07-13,Supply and delivery of medical supplies & pharmaceuticals items,Ministry of Measure
C-1126,1126,421,7301731.48235036,2025-06-30,17,5.13,Good,Completed,2304,Nelson Bad Agencies,P317661025I,2019-03-10,East Danielmouth,Medium,361,Motor Vehicles & Spare Parts,6762314,2025-06-30,Supply and delivery of motor vehicles & spare parts items,Ministry of Subject
C-1127,1127,288,5381544.435282974,2020-03-18,46,4.44,Good,Completed,1126,Poole Weight Ltd,P642762599M,2017-02-16,East Mark,Medium,442,Consultancy Services,5930395,2020-03-18,Supply and delivery of consultancy services items,Ministry of Century
C-1128,1128,39,42971013.63971415,2022-11-20,9,8.37,Good,Completed,2034,Brewer Lot Limited,P439492674W,2017-04-26,North Stephenshire,Small,760,ICT Equipment & Software,43928295,2022-11-20,Supply and delivery of ict equipment & software items,Ministry of Product
C-1129,1129,98,8390915.604604976,2022-10-06,0,4.18,Good,Completed,2268,Carter Yet Agencies,P235591568O,2016-07-21,Garciatown,Small,587,Office Stationery & Supplies,7942680,2022-10-06,Supply and delivery of office stationery & supplies items,Ministry of Treatment
C-1130,1130,462,2037246.0103910458,2023-03-22,37,7.82,Good,Completed,1285,Griffin Everyone Limited,P572167680D,2019-09-14,Jeremyview,Small,321,Consultancy Services,1909858,2023-03-22,Supply and delivery of consultancy services items,Ministry of Government
C-1131,1131,277,10200269.713192249,2022-10-10,9,1.57,Poor,Completed,-731,Smith Out Enterprise,P747233283G,2024-10-10,Justinside,Small,617,Medical Supplies & Pharmaceuticals,9882924,2022-10-10,Supply and delivery of medical supplies & pharmaceuticals items,Ministry of Teach
C-1132,1132,223,5366930.357446917,2022-06-25,5,8.54,Good,Completed,1390,Miller Language Agencies,P184747224B,2018-09-04,New Kelly,Small,504,Consultancy Services,5748393,2022-06-25,Supply and delivery of consultancy services items,Ministry of Situation
C-1133,1133,216,6149746.77650337,2020-05-02,28,3.39,Fair,Completed,700,Sandoval Body Limited,P928393291L,2018-06-02,Dennisstad,Medium,634,Medical Supplies & Pharmaceuticals,6384725,2020-05-02,Supply and delivery of medical supplies & pharmaceuticals items,Ministry of Near
C-1134,1134,76,7304745.551246107,2021-10-17,0,0.0,Fair,Completed,-1246,Hooper None Ltd,P128955006Z,2025-03-16,North Dawnberg,Medium,719,Motor Vehicles & Spare Parts,6809914,2021-10-17,Supply and delivery of motor vehicles & spare parts items,Ministry of Share
C-1135,1135,73,39168192.555516556,2024-01-25,51,0.0,Good,Completed,1554,Smith He Group,P420632895W,2019-10-24,Castanedachester,Medium,308,ICT Equipment & Software,38639378,2024-01-25,Supply and delivery of ict equipment & software items,Ministry of One
C-1136,1136,202,190178924.79549372,2023-03-20,0,0.0,Good,Completed,1778,Allen Table Ltd,P942211135E,2018-05-07,West Erika,Small,817,Construction & Civil Works,197892575,2023-03-20,Supply and delivery of construction & civil works items,Ministry of Detail
C-1137,1137,436,56916149.66483534,2023-06-19,23,9.6,Good,Completed,2628,Harper All Limited,P970471079X,2016-04-08,Brianfort,Medium,339,Construction & Civil Works,52278684,2023-06-19,Supply and delivery of construction & civil works items,Ministry of Glass
C-1138,1138,118,2793814.3787205354,2024-10-17,50,1.55,Good,Completed,617,Collins Address Ltd,P692975437A,2023-02-08,East Victoriaville,Medium,357,Motor Vehicles & Spare Parts,2807184,2024-10-17,Supply and delivery of motor vehicles & spare parts items,Ministry of View
C-1139,1139,79,8769440.330590473,2024-10-09,17,11.07,Fair,Completed,3131,Ryan Hard Enterprise,P340756713P,2016-03-14,Port Susanton,Large,637,Office Stationery & Supplies,7973491,2024-10-09,Supply and delivery of office stationery & supplies items,Ministry of Attorney
C-1140,1140,74,1582518.5413937322,2025-10-25,2,5.42,Fair,Completed,1616,Navarro Such Ltd,P747737533O,2021-05-23,Robinsonchester,Small,507,Medical Supplies & Pharmaceuticals,1640724,2025-10-25,Supply and delivery of medical supplies & pharmaceuticals items,Ministry of Fast
C-1141,1141,299,2061859.4621323678,2025-01-16,0,12.71,Good,Completed,3178,Harper Score Agencies,P152265802P,2016-05-05,South Scottside,Small,527,Cleaning & Sanitary Services,2065730,2025-01-16,Supply and delivery of cleaning & sanitary services items,Ministry of Group
C-1142,1142,299,7279373.222429898,2025-11-25,6,5.15,Good,Completed,3491,Harper Score Agencies,P152265802P,2016-05-05,South Scottside,Small,527,Office Stationery & Supplies,7443728,2025-11-25,Supply and delivery of office stationery & supplies items,Ministry of Produce
C-1143,1143,281,9309643.9681622,2023-03-16,7,6.06,Fair,Completed,1431,Morales Beyond Ltd,P298407302I,2019-04-15,Morrisbury,Medium,648,Motor Vehicles & Spare Parts,9164281,2023-03-16,Supply and delivery of motor vehicles & spare parts items,Ministry of Company
C-1144,1144,276,3965051.6119583584,2023-06-05,24,4.78,Good,Completed,-702,Johnson Think Group,P526269674Y,2025-05-07,Lopezport,Small,849,Cleaning & Sanitary Services,4162224,2023-06-05,Supply and delivery of cleaning & sanitary services items,Ministry of Improve
C-1145,1145,418,37741398.789052114,2021-02-14,46,8.09,Poor,Completed,1708,Hall Through Ltd,P658087211A,2016-06-12,Stephenland,Small,439,ICT Equipment & Software,35148748,2021-02-14,Supply and delivery of ict equipment & software items,Ministry of But
C-1146,1146,470,7294291.359337962,2025-03-09,9,7.21,Good,Completed,2161,Hill Low Ventures,P113275526Y,2019-04-09,Rodriguezberg,Small,696,Medical Supplies & Pharmaceuticals,6860403,2025-03-09,Supply and delivery of medical supplies & pharmaceuticals items,Ministry of Society
C-1147,1147,469,6915169.176765887,2021-11-06,0,0.0,Fair,Completed,965,Acosta Surface Limited,P171953537F,2019-03-17,Hawkinsside,Small,584,Consultancy Services,6720241,2021-11-06,Supply and delivery of consultancy services items,Ministry of Toward
C-1148,1148,389,8867203.969027678,2021-11-20,3,6.44,Good,Completed,-388,Woods Drop Ventures,P511318205F,2022-12-13,North Lawrenceport,Small,515,Medical Supplies & Pharmaceuticals,9195281,2021-11-20,Supply and delivery of medical supplies & pharmaceuticals items,Ministry of Almost
C-1149,1149,17,283842110.11992615,2021-08-17,145,37.18,Poor,Completed,-433,Wilson Value Ventures,P676567501W,2022-10-24,Kaylamouth,Small,334,Construction & Civil Works,291014521,2021-08-17,Supply and delivery of construction & civil works items,Ministry of Before
C-1150,1150,131,27042840.752624273,2022-12-25,59,0.0,Good,Completed,-753,Williams Style Limited,P160257560S,2025-01-16,Nicholasberg,Medium,399,ICT Equipment & Software,24647347,2022-12-25,Supply and delivery of ict equipment & software items,Ministry of Economy
C-1151,1151,452,889437.9376614933,2022-03-25,15,1.13,Good,Completed,672,Barnes Compare Limited,P544549689F,2020-05-22,Bellfurt,Small,345,Medical Supplies & Pharmaceuticals,853494,2022-03-25,Supply and delivery of medical supplies & pharmaceuticals items,Ministry of Themselves
C-1152,1152,318,9292039.738179961,2025-09-14,8,12.3,Fair,Completed,1694,Brooks Prepare Group,P784755860Q,2021-01-24,Hopkinstown,Small,608,ICT Equipment & Software,9531370,2025-09-14,Supply and delivery of ict equipment & software items,Ministry of Direction
C-1153,1153,497,186234902.2978415,2023-02-24,51,33.78,Poor,Terminated,-841,Jones Visit Ventures,P308889819G,2025-06-14,Port Erinhaven,Small,524,Construction & Civil Works,172202920,2023-02-24,Supply and delivery of construction & civil works items,Ministry of Continue
C-1154,1154,328,3434396.568759442,2020-09-02,9,8.79,Good,Completed,-1294,Nicholson Woman Ltd,P182611003T,2024-03-19,New John,Small,641,Consultancy Services,3804697,2020-09-02,Supply and delivery of consultancy services items,Ministry of Still
C-1155,1155,193,231375635.2235246,2020-03-22,101,46.78,Poor,Completed,-66,Mills Cold Ventures,P490732457X,2020-05-27,Paulmouth,Small,846,Construction & Civil Works,220700880,2020-03-22,Supply and delivery of construction & civil works items,Ministry of Defense
C-1156,1156,497,5299615.512444145,2025-06-24,13,6.49,Good,Completed,10,Jones Visit Ventures,P308889819G,2025-06-14,Port Erinhaven,Small,524,Cleaning & Sanitary Services,5377420,2025-06-24,Supply and delivery of cleaning & sanitary services items,Ministry of Life
C-1157,1157,7,316085382.6904141,2023-01-13,0,5.07,Good,Completed,457,Bush Answer Ventures,P810026086O,2021-10-13,Traciebury,Small,759,Construction & Civil Works,329094684,2023-01-13,Supply and delivery of construction & civil works items,Ministry of Successful
C-1158,1158,46,1685542.9732843656,2022-11-23,22,0.32,Good,Completed,-62,Hoffman Brother Limited,P180792472S,2023-01-24,New Barry,Small,772,Medical Supplies & Pharmaceuticals,1860511,2022-11-23,Supply and delivery of medical supplies & pharmaceuticals items,Ministry of Month
C-1159,1159,407,3681592.131657674,2020-12-03,13,6.74,Good,Completed,1593,Villarreal Compare Enterprise,P494801749K,2016-07-24,Kerrishire,Medium,713,Office Stationery & Supplies,3641815,2020-12-03,Supply and delivery of office stationery & supplies items,Ministry of Grow
C-1160,1160,314,7462605.029108918,2025-07-16,0,8.49,Good,Completed,2277,James These Agencies,P363850592F,2019-04-22,Jonathanfort,Large,706,Office Stationery & Supplies,7489844,2025-07-16,Supply and delivery of office stationery & supplies items,Ministry of Significant
C-1161,1161,106,8528796.179809175,2025-03-29,3,3.78,Good,Completed,-3,French Process Agencies,P733281747Q,2025-04-01,South Danny,Medium,770,Office Stationery & Supplies,9203947,2025-03-29,Supply and delivery of office stationery & supplies items,Ministry of Force
C-1162,1162,176,5573467.06463592,2024-08-26,49,8.18,Good,Completed,1897,Rodriguez Resource Group,P828519068L,2019-06-17,Roseport,Medium,300,ICT Equipment & Software,5851826,2024-08-26,Supply and delivery of ict equipment & software items,Ministry of Character
C-1163,1163,200,6160173.797792865,2024-08-12,4,7.25,Good,Completed,962,Moore Course Ltd,P992649957S,2021-12-24,Lake Samuel,Large,760,Consultancy Services,6490459,2024-08-12,Supply and delivery of consultancy services items,Ministry of Billion
C-1164,1164,371,5662581.244163912,2024-12-06,63,4.39,Fair,Completed,483,Alexander Discover Agencies,P556506372G,2023-08-11,West Nancy,Small,429,Motor Vehicles & Spare Parts,6172310,2024-12-06,Supply and delivery of motor vehicles & spare parts items,Ministry of Writer
C-1165,1165,461,9813601.308955736,2023-02-04,4,7.96,Good,Completed,802,Guerrero Benefit Ltd,P789198776I,2020-11-24,Lopezfurt,Medium,700,Motor Vehicles & Spare Parts,9117497,2023-02-04,Supply and delivery of motor vehicles & spare parts items,Ministry of Cause
C-1166,1166,300,6680968.822777392,2021-03-25,36,7.52,Good,Completed,1114,Shields Arrive Group,P250469429G,2018-03-07,Jimshire,Small,314,Consultancy Services,6453300,2021-03-25,Supply and delivery of consultancy services items,Ministry of Although
C-1167,1167,241,10233192.343427809,2022-10-03,0,0.0,Poor,Completed,1462,Weber Possible Agencies,P672817675F,2018-10-02,New Shelly,Small,664,Cleaning & Sanitary Services,9414387,2022-10-03,Supply and delivery of cleaning & sanitary services items,Ministry of Sell
C-1168,1168,310,6119326.130815973,2025-03-09,1,2.63,Fair,Completed,1904,Allen Fund Ventures,P932701695S,2019-12-22,Owensstad,Small,623,Motor Vehicles & Spare Parts,6701457,2025-03-09,Supply and delivery of motor vehicles & spare parts items,Ministry of Business
C-1169,1169,80,5617546.820987407,2020-01-10,43,5.64,Good,Completed,-1288,Herring Decision Limited,P121882877N,2023-07-21,East David,Medium,460,Medical Supplies & Pharmaceuticals,5837580,2020-01-10,Supply and delivery of medical supplies & pharmaceuticals items,Ministry of Work
C-1170,1170,212,6236509.323907385,2020-04-06,3,3.22,Fair,Completed,-625,Smith Myself Ltd,P717452511P,2021-12-22,West Ruben,Small,688,Consultancy Services,6125095,2020-04-06,Supply and delivery of consultancy services items,Ministry of Thus
C-1171,1171,40,200767064.42325127,2023-07-26,154,29.63,Poor,Completed,-878,Jones Different Enterprise,P643189555Q,2025-12-20,West Nicole,Small,540,Construction & Civil Works,201257135,2023-07-26,Supply and delivery of construction & civil works items,Ministry of Begin
C-1172,1172,289,294145.18317559,2021-12-31,14,10.33,Poor,Completed,288,Wilson Describe Ltd,P869784803L,2021-03-18,Davishaven,Small,524,Office Stationery & Supplies,325391,2021-12-31,Supply and delivery of office stationery & supplies items,Ministry of Visit
C-1173,1173,339,6695218.177152736,2020-04-11,12,8.87,Poor,Completed,1052,Turner Mind Ltd,P256696327E,2017-05-25,South Joshua,Small,775,Motor Vehicles & Spare Parts,6798541,2020-04-11,Supply and delivery of motor vehicles & spare parts items,Ministry of Near
C-1174,1174,291,3767922.9076541816,2024-08-05,30,3.48,Fair,Completed,1447,Roman Several Enterprise,P123375849Z,2020-08-19,Lisaborough,Small,497,Medical Supplies & Pharmaceuticals,3732632,2024-08-05,Supply and delivery of medical supplies & pharmaceuticals items,Ministry of Skill
C-1175,1175,73,10524597.377887102,2021-11-15,55,3.87,Good,Completed,753,Smith He Group,P420632895W,2019-10-24,Castanedachester,Medium,308,Office Stationery & Supplies,9862681,2021-11-15,Supply and delivery of office stationery & supplies items,Ministry of Participant
C-1176,1176,185,2642677.691152492,2024-07-19,10,5.24,Good,Completed,2256,Thomas Decade Ltd,P286293158M,2018-05-16,Port Katherine,Medium,714,Motor Vehicles & Spare Parts,2635394,2024-07-19,Supply and delivery of motor vehicles & spare parts items,Ministry of Purpose
C-1177,1177,18,5835414.8193242485,2025-05-08,1,5.18,Good,Completed,3005,Graham Long Agencies,P103484630U,2017-02-14,Teresaburgh,Small,687,Consultancy Services,5696526,2025-05-08,Supply and delivery of consultancy services items,Ministry of Full
C-1178,1178,380,3112652.594474392,2021-03-15,0,9.34,Good,Completed,-640,Wiley Look Group,P624033772U,2022-12-15,Port Kimland,Small,500,Office Stationery & Supplies,3391070,2021-03-15,Supply and delivery of office stationery & supplies items,Ministry of Few
C-1179,1179,298,861027.9346134808,2021-08-29,39,0.0,Good,Completed,-182,Mayer Visit Group,P116799547P,2022-02-27,North Craig,Medium,417,Consultancy Services,901955,2021-08-29,Supply and delivery of consultancy services items,Ministry of From
C-1180,1180,321,34876511.02327978,2024-08-20,12,0.0,Good,Completed,1236,Allen President Ltd,P665277813Q,2021-04-02,Josephfurt,Medium,685,ICT Equipment & Software,36067580,2024-08-20,Supply and delivery of ict equipment & software items,Ministry of Remain
C-1181,1181,154,48078414.235066555,2020-09-14,2,0.0,Good,Completed,-1897,Buchanan Describe Enterprise,P173669588W,2025-11-24,New Jason,Small,754,ICT Equipment & Software,47616098,2020-09-14,Supply and delivery of ict equipment & software items,Ministry of Church
C-1182,1182,453,3896984.1405959544,2020-12-11,40,0.0,Good,Completed,1433,Mendoza Treat Enterprise,P720682356P,2017-01-08,East Shannon,Large,316,ICT Equipment & Software,4292824,2020-12-11,Supply and delivery of ict equipment & software items,Ministry of Building
C-1183,1183,405,156757496.5456733,2020-02-03,150,34.24,Poor,Completed,-1247,Marks Significant Limited,P226762436X,2023-07-04,West Lindsayview,Small,792,Construction & Civil Works,172909846,2020-02-03,Supply and delivery of construction & civil works items,Ministry of Prevent
C-1184,1184,374,5874184.633646103,2023-05-11,0,13.19,Poor,Completed,2078,Taylor Design Enterprise,P973521043N,2017-09-01,New Michaelview,Small,811,Consultancy Services,5350295,2023-05-11,Supply and delivery of consultancy services items,Ministry of Blue
C-1185,1185,248,6083062.648732319,2021-03-28,12,4.91,Fair,Completed,745,Owens Example Agencies,P582750043P,2019-03-14,North Brent,Small,836,Medical Supplies & Pharmaceuticals,5779980,2021-03-28,Supply and delivery of medical supplies & pharmaceuticals items,Ministry of Hard
C-1186,1186,254,4915422.548892276,2023-04-18,14,5.12,Good,Completed,2475,Hoffman Him Group,P694018597S,2016-07-08,South Williamside,Small,581,Consultancy Services,5249534,2023-04-18,Supply and delivery of consultancy services items,Ministry of Experience
C-1187,1187,31,3417882.779961015,2020-11-06,0,13.86,Good,Completed,-1426,Jones System Enterprise,P690907304G,2024-10-02,Lake Yvettetown,Medium,678,Cleaning & Sanitary Services,3414344,2020-11-06,Supply and delivery of cleaning & sanitary services items,Ministry of Sea
C-1188,1188,401,403277717.2396698,2024-10-27,50,0.0,Good,Completed,2931,Mccall System Agencies,P266834924I,2016-10-18,Peterland,Small,487,Construction & Civil Works,393398588,2024-10-27,Supply and delivery of construction & civil works items,Ministry of Painting
C-1189,1189,355,284608129.90196365,2021-06-20,121,34.13,Poor,Completed,91,Bailey Bill Ventures,P570477095U,2021-03-21,Floresport,Small,805,Construction & Civil Works,268414459,2021-06-20,Supply and delivery of construction & civil works items,Ministry of Avoid
C-1190,1190,242,2016191.3196496489,2021-11-13,7,6.23,Good,Completed,1577,Hopkins Service Limited,P749762955V,2017-07-20,Port Michelleland,Small,611,Cleaning & Sanitary Services,2127320,2021-11-13,Supply and delivery of cleaning & sanitary services items,Ministry of Wait
C-1191,1191,330,32570011.77647323,2022-01-12,28,6.01,Good,Completed,-687,Norris Bar Ltd,P637722224V,2023-11-30,Brianchester,Small,440,ICT Equipment & Software,32176806,2022-01-12,Supply and delivery of ict equipment & software items,Ministry of Life
C-1192,1192,72,10172851.742511814,2020-04-21,15,4.92,Fair,Completed,1342,Wall Improve Ltd,P926561919L,2016-08-18,Port Nicoleshire,Small,752,Motor Vehicles & Spare Parts,9884404,2020-04-21,Supply and delivery of motor vehicles & spare parts items,Ministry of Air
C-1193,1193,41,6126878.460291221,2022-10-28,0,10.45,Fair,Completed,-722,Wood Coach Ventures,P570497096I,2024-10-19,Cherylhaven,Small,784,Consultancy Services,6430034,2022-10-28,Supply and delivery of consultancy services items,Ministry of Republican
C-1194,1194,53,8138586.560416083,2020-04-20,20,0.0,Poor,Completed,551,Jones Spring Limited,P399708182W,2018-10-17,Frazierside,Large,809,Cleaning & Sanitary Services,8697467,2020-04-20,Supply and delivery of cleaning & sanitary services items,Ministry of Identify
C-1195,1195,214,6680835.072945092,2020-04-27,17,0.27,Good,Completed,-1907,Stephens Stop Group,P645055605J,2025-07-17,South Morganton,Medium,374,Medical Supplies & Pharmaceuticals,7131845,2020-04-27,Supply and delivery of medical supplies & pharmaceuticals items,Ministry of Last
C-1196,1196,67,137081.76549052112,2022-05-08,19,3.19,Fair,Completed,376,Hansen Free Ltd,P910943524C,2021-04-27,Rivasside,Small,637,Office Stationery & Supplies,145475,2022-05-08,Supply and delivery of office stationery & supplies items,Ministry of Sea
C-1197,1197,221,8194640.814932669,2023-07-30,0,5.94,Fair,Completed,-398,Rivera Capital Ltd,P958287383X,2024-08-31,Prestonmouth,Small,807,Motor Vehicles & Spare Parts,8180552,2023-07-30,Supply and delivery of motor vehicles & spare parts items,Ministry of Person
C-1198,1198,297,5335097.719234733,2023-10-11,0,4.5,Good,Completed,1933,Reed Fact Ltd,P302379343U,2018-06-26,North Lisachester,Small,821,Consultancy Services,5496364,2023-10-11,Supply and delivery of consultancy services items,Ministry of Road
C-1199,1199,460,1167786.382122981,2024-03-12,26,5.35,Fair,Completed,2235,Little Beat Limited,P608492614H,2018-01-28,Kristenfort,Large,491,Motor Vehicles & Spare Parts,1199577,2024-03-12,Supply and delivery of motor vehicles & spare parts items,Ministry of Practice
C-1200,1200,206,24594334.678771973,2022-02-18,54,2.22,Fair,Completed,1241,Whitehead Choice Ltd,P992329618B,2018-09-26,East Lisastad,Small,350,ICT Equipment & Software,23760701,2022-02-18,Supply and delivery of ict equipment & software items,Ministry of Go
C-1201,1201,57,7662165.883076985,2024-11-26,58,8.43,Good,Completed,-217,Mccall Price Ltd,P437064353Q,2025-07-01,Lake Rachelhaven,Small,429,Cleaning & Sanitary Services,7059972,2024-11-26,Supply and delivery of cleaning & sanitary services items,Ministry of Sell
C-1202,1202,114,18191627.24073931,2024-07-19,19,8.37,Good,Completed,148,Pierce Look Enterprise,P194553481U,2024-02-22,Marcusfurt,Medium,568,Construction & Civil Works,17084335,2024-07-19,Supply and delivery of construction & civil works items,Ministry of Table
C-1203,1203,496,7597709.410481739,2023-03-14,4,7.28,Poor,Completed,1269,Richards Major Agencies,P226466892E,2019-09-22,Port Cynthiashire,Medium,541,Office Stationery & Supplies,8291922,2023-03-14,Supply and delivery of office stationery & supplies items,Ministry of Win
C-1204,1204,292,1656992.1308009943,2024-07-13,43,0.54,Good,Completed,1001,Williams Guy Agencies,P852032540E,2021-10-16,North Valeriefort,Small,478,Cleaning & Sanitary Services,1631064,2024-07-13,Supply and delivery of cleaning & sanitary services items,Ministry of Make
C-1205,1205,59,4061416.298972668,2023-05-29,75,3.24,Fair,Completed,-733,Byrd Weight Ventures,P286860433N,2025-05-31,Richardtown,Small,483,Cleaning & Sanitary Services,4511887,2023-05-29,Supply and delivery of cleaning & sanitary services items,Ministry of Better
C-1206,1206,161,8678530.008197794,2024-11-15,19,6.34,Good,Completed,2970,Miller Political Limited,P259272239E,2016-09-28,West Claudia,Small,522,Office Stationery & Supplies,8715797,2024-11-15,Supply and delivery of office stationery & supplies items,Ministry of Wide
C-1207,1207,69,1965253.2806711325,2024-03-10,0,9.12,Fair,Completed,191,Boyd Produce Limited,P356888294R,2023-09-01,Jonesport,Large,597,Medical Supplies & Pharmaceuticals,2176198,2024-03-10,Supply and delivery of medical supplies & pharmaceuticals items,Ministry of Bill
C-1208,1208,92,3791913.454632152,2022-09-25,6,5.15,Fair,Completed,-144,West Adult Group,P199915275S,2023-02-16,South Heather,Small,817,Cleaning & Sanitary Services,3510580,2022-09-25,Supply and delivery of cleaning & sanitary services items,Ministry of Return
C-1209,1209,242,29966590.756790552,2023-11-12,23,2.59,Good,Completed,2306,Hopkins Service Limited,P749762955V,2017-07-20,Port Michelleland,Small,611,Construction & Civil Works,29437007,2023-11-12,Supply and delivery of construction & civil works items,Ministry of Space
C-1210,1210,416,1815429.3547772705,2022-10-16,12,7.64,Good,Completed,-589,Wiley Government Limited,P101569849W,2024-05-27,Sweeneyport,Small,731,Office Stationery & Supplies,1848982,2022-10-16,Supply and delivery of office stationery & supplies items,Ministry of Each
C-1211,1211,88,10061942.98578327,2025-09-06,7,10.88,Poor,Completed,2553,Christian Then Agencies,P193053577R,2018-09-10,Sanchezmouth,Medium,780,Motor Vehicles & Spare Parts,9933673,2025-09-06,Supply and delivery of motor vehicles & spare parts items,Ministry of Charge
C-1212,1212,183,9342039.732221322,2025-03-01,0,5.01,Good,Completed,164,Reese Do Ventures,P457629711X,2024-09-18,North William,Small,831,Office Stationery & Supplies,8566685,2025-03-01,Supply and delivery of office stationery & supplies items,Ministry of Practice
C-1213,1213,346,79653928.49641706,2021-07-19,61,5.27,Poor,Completed,422,Carter Room Ventures,P174258554Y,2020-05-23,Chambersberg,Large,481,Construction & Civil Works,85946128,2021-07-19,Supply and delivery of construction & civil works items,Ministry of Himself
C-1214,1214,307,6110175.340576358,2022-05-09,1,0.0,Good,Completed,361,Calderon Approach Agencies,P388258432Y,2021-05-13,Port Charlesshire,Medium,517,Office Stationery & Supplies,6107509,2022-05-09,Supply and delivery of office stationery & supplies items,Ministry of Scene
C-1215,1215,283,474214957.1108112,2025-07-02,52,8.61,Good,Completed,3426,Valdez Room Ventures,P353727962D,2016-02-14,South Kurtfurt,Small,464,Construction & Civil Works,484791888,2025-07-02,Supply and delivery of construction & civil works items,Ministry of Give
C-1216,1216,460,4109228.9252178757,2024-09-24,51,6.34,Fair,Completed,2431,Little Beat Limited,P608492614H,2018-01-28,Kristenfort,Large,491,Medical Supplies & Pharmaceuticals,4545818,2024-09-24,Supply and delivery of medical supplies & pharmaceuticals items,Ministry of Us
C-1217,1217,161,6521034.966697517,2021-12-12,0,3.9,Fair,Completed,1901,Miller Political Limited,P259272239E,2016-09-28,West Claudia,Small,522,Consultancy Services,6533636,2021-12-12,Supply and delivery of consultancy services items,Ministry of Method
C-1218,1218,186,10033379.064033918,2020-03-07,0,6.98,Good,Completed,1249,Bean Production Ltd,P630554118D,2016-10-05,Maldonadoshire,Medium,558,Cleaning & Sanitary Services,9272800,2020-03-07,Supply and delivery of cleaning & sanitary services items,Ministry of May
C-1219,1219,472,4311300.282426597,2020-09-04,80,4.58,Fair,Completed,-1510,Humphrey Everything Enterprise,P511289794P,2024-10-23,Armstrongfort,Small,429,Motor Vehicles & Spare Parts,4730232,2020-09-04,Supply and delivery of motor vehicles & spare parts items,Ministry of Measure
C-1220,1220,353,9662695.855404375,2022-10-07,0,4.9,Poor,Completed,-54,Hernandez Ago Ventures,P618371508G,2022-11-30,Robertland,Medium,555,Office Stationery & Supplies,9090499,2022-10-07,Supply and delivery of office stationery & supplies items,Ministry of Conference
C-1221,1221,40,276898782.334067,2021-09-10,99,29.5,Poor,Completed,-1562,Jones Different Enterprise,P643189555Q,2025-12-20,West Nicole,Small,540,Construction & Civil Works,253785384,2021-09-10,Supply and delivery of construction & civil works items,Ministry of Happen
C-1222,1222,348,8698587.395291198,2023-08-17,25,12.48,Poor,Completed,1142,Harper Pass Limited,P530361198I,2020-07-01,Stephensstad,Small,450,Motor Vehicles & Spare Parts,8247047,2023-08-17,Supply and delivery of motor vehicles & spare parts items,Ministry of Care
C-1223,1223,107,2510558.3014450977,2023-01-17,44,14.66,Poor,Completed,1749,Hernandez Exactly Ventures,P987588450J,2018-04-04,North Gabrielport,Small,350,Motor Vehicles & Spare Parts,2585670,2023-01-17,Supply and delivery of motor vehicles & spare parts items,Ministry of Into
C-1224,1224,367,4064111.469921269,2024-11-26,0,3.49,Good,Completed,1479,Lee If Group,P702994164G,2020-11-08,Ortizfort,Small,586,Office Stationery & Supplies,4123278,2024-11-26,Supply and delivery of office stationery & supplies items,Ministry of Style
C-1225,1225,498,663784.9320411794,2020-08-22,38,0.0,Fair,Completed,603,Brown Too Ltd,P261897130I,2018-12-28,West Robert,Medium,415,Motor Vehicles & Spare Parts,637977,2020-08-22,Supply and delivery of motor vehicles & spare parts items,Ministry of Only
C-1226,1226,84,4005187.581760564,2023-11-23,19,4.62,Good,Completed,-154,Sanchez Same Ventures,P929445037T,2024-04-25,Port Tonyaton,Small,769,Motor Vehicles & Spare Parts,3768280,2023-11-23,Supply and delivery of motor vehicles & spare parts items,Ministry of Structure
C-1227,1227,186,137487406.24314833,2021-10-23,8,2.64,Good,Completed,1844,Bean Production Ltd,P630554118D,2016-10-05,Maldonadoshire,Medium,558,Construction & Civil Works,137533665,2021-10-23,Supply and delivery of construction & civil works items,Ministry of Main
C-1228,1228,476,4537909.2182050105,2022-05-28,0,5.97,Good,Completed,-1222,Ramos That Group,P444529729R,2025-10-01,Jacobsland,Medium,752,Office Stationery & Supplies,4884808,2022-05-28,Supply and delivery of office stationery & supplies items,Ministry of Job
C-1229,1229,227,7194859.697758257,2021-06-06,7,6.59,Good,Completed,-239,Harrington Already Ventures,P235538456E,2022-01-31,Port Deanna,Small,580,Consultancy Services,6737640,2021-06-06,Supply and delivery of consultancy services items,Ministry of Either
C-1230,1230,150,4758824.237746387,2023-04-15,8,0.0,Good,Completed,-576,Pena These Group,P625432379N,2024-11-11,Crosbyview,Medium,572,Consultancy Services,4754419,2023-04-15,Supply and delivery of consultancy services items,Ministry of Meet
C-1231,1231,403,4591622.493858285,2022-04-20,6,4.93,Good,Completed,1875,Salazar Around Limited,P432097676Q,2017-03-02,North Alexander,Medium,663,Medical Supplies & Pharmaceuticals,4722580,2022-04-20,Supply and delivery of medical supplies & pharmaceuticals items,Ministry of Grow
C-1232,1232,437,6802992.178445494,2021-04-01,4,6.16,Good,Completed,-20,Wang Early Ltd,P271395839G,2021-04-21,Lake John,Small,525,Office Stationery & Supplies,7345136,2021-04-01,Supply and delivery of office stationery & supplies items,Ministry of Rule
C-1233,1233,296,2049583.590268084,2023-07-18,15,8.42,Fair,Completed,2669,Evans Report Ltd,P872121274I,2016-03-27,Patelbury,Small,710,Motor Vehicles & Spare Parts,2222827,2023-07-18,Supply and delivery of motor vehicles & spare parts items,Ministry of Still
C-1234,1234,225,6879600.819790357,2025-11-17,36,9.66,Poor,Completed,2321,Williams True Ltd,P478557676N,2019-07-11,Hillton,Small,394,Motor Vehicles & Spare Parts,7532300,2025-11-17,Supply and delivery of motor vehicles & spare parts items,Ministry of Our
C-1235,1235,462,867325.2189543677,2024-09-21,14,2.52,Fair,Completed,1834,Griffin Everyone Limited,P572167680D,2019-09-14,Jeremyview,Small,321,Motor Vehicles & Spare Parts,808672,2024-09-21,Supply and delivery of motor vehicles & spare parts items,Ministry of Off
C-1236,1236,478,27065374.92681785,2024-02-29,0,8.47,Fair,Completed,-21,Robertson Cold Limited,P170455681T,2024-03-21,Taylorhaven,Small,823,Construction & Civil Works,28698370,2024-02-29,Supply and delivery of construction & civil works items,Ministry of Consumer
C-1237,1237,138,30296797.000027936,2023-12-22,0,7.67,Good,Completed,-251,Osborne Appear Limited,P751124015V,2024-08-29,Wallport,Small,584,ICT Equipment & Software,29642798,2023-12-22,Supply and delivery of ict equipment & software items,Ministry of Bank
C-1238,1238,119,4805920.781411956,2024-06-07,19,3.45,Good,Completed,1392,Wilson There Limited,P265325235F,2020-08-15,Williamview,Small,395,Medical Supplies & Pharmaceuticals,4607167,2024-06-07,Supply and delivery of medical supplies & pharmaceuticals items,Ministry of Seek
C-1239,1239,383,6759907.574339455,2023-06-12,38,9.54,Poor,Completed,2239,Phelps Story Group,P469087606R,2017-04-25,North Corymouth,Medium,341,Medical Supplies & Pharmaceuticals,6725169,2023-06-12,Supply and delivery of medical supplies & pharmaceuticals items,Ministry of Message
C-1240,1240,443,112080942.7206744,2020-09-07,56,26.62,Poor,Terminated,-1237,Peterson Cost Limited,P961596686U,2024-01-27,North Dylanberg,Small,588,Construction & Civil Works,113204882,2020-09-07,Supply and delivery of construction & civil works items,Ministry of Pick
C-1241,1241,413,2722330.234388442,2022-10-11,4,3.05,Fair,Completed,804,Wood Film Agencies,P705382875Y,2020-07-29,Jodibury,Small,658,Office Stationery & Supplies,2987757,2022-10-11,Supply and delivery of office stationery & supplies items,Ministry of One
C-1242,1242,281,31236968.18525794,2020-08-01,0,16.86,Good,Completed,474,Morales Beyond Ltd,P298407302I,2019-04-15,Morrisbury,Medium,648,ICT Equipment & Software,28575808,2020-08-01,Supply and delivery of ict equipment & software items,Ministry of Light
C-1243,1243,68,799160.9840136385,2021-01-20,13,7.28,Good,Completed,215,Moore Training Ltd,P609677794C,2020-06-19,Karenview,Medium,772,Cleaning & Sanitary Services,792924,2021-01-20,Supply and delivery of cleaning & sanitary services items,Ministry of Into
C-1244,1244,282,2535099.8584927437,2020-06-01,4,3.31,Fair,Completed,1586,Reyes Likely Enterprise,P909340042R,2016-01-28,Kevinshire,Medium,569,Motor Vehicles & Spare Parts,2670115,2020-06-01,Supply and delivery of motor vehicles & spare parts items,Ministry of Boy
C-1245,1245,424,5203370.860968364,2024-02-10,4,0.0,Good,Completed,2174,Gates Choose Limited,P197939109T,2018-02-27,West Randy,Small,517,Office Stationery & Supplies,4772412,2024-02-10,Supply and delivery of office stationery & supplies items,Ministry of Pick
C-1246,1246,140,9779729.525251536,2024-08-17,15,11.06,Poor,Completed,388,Saunders Responsibility Limited,P246865585O,2023-07-26,Lake Debbieport,Small,334,Office Stationery & Supplies,9512528,2024-08-17,Supply and delivery of office stationery & supplies items,Ministry of Hundred
C-1247,1247,408,4116705.4735200643,2021-12-18,23,0.0,Good,Completed,-287,Wilson Sit Enterprise,P646346564A,2022-10-01,Port Michellebury,Medium,440,Office Stationery & Supplies,3919712,2021-12-18,Supply and delivery of office stationery & supplies items,Ministry of Quite
C-1248,1248,29,7787854.851931621,2023-12-17,4,8.65,Good,Completed,-251,Brown Ready Ltd,P793830224G,2024-08-24,South Jessicaville,Small,771,Consultancy Services,7812079,2023-12-17,Supply and delivery of consultancy services items,Ministry of Believe
C-1249,1249,197,5910184.5285232095,2021-04-21,33,11.6,Poor,Completed,804,Bennett Strong Enterprise,P452699013I,2019-02-07,Lake Ellenhaven,Small,418,Cleaning & Sanitary Services,5704327,2021-04-21,Supply and delivery of cleaning & sanitary services items,Ministry of Chair
C-1250,1250,58,2432872.1959989914,2025-04-27,4,7.03,Poor,Completed,2272,Ortiz Interesting Group,P848621833S,2019-02-06,East Robert,Small,715,Consultancy Services,2573199,2025-04-27,Supply and delivery of consultancy services items,Ministry of Weight
C-1251,1251,366,8113880.911570648,2024-07-12,0,0.76,Fair,Completed,2057,Lopez Thousand Ventures,P584258607N,2018-11-24,Port Michaeltown,Small,641,Cleaning & Sanitary Services,8371330,2024-07-12,Supply and delivery of cleaning & sanitary services items,Ministry of Take
C-1252,1252,341,8341359.003646534,2020-01-01,5,4.73,Good,Completed,-214,Taylor According Ltd,P524871030V,2020-08-02,Brockmouth,Small,742,Office Stationery & Supplies,8786283,2020-01-01,Supply and delivery of office stationery & supplies items,Ministry of Choice
C-1253,1253,208,2062274.5539592167,2023-12-18,27,12.71,Poor,Completed,1536,Johnson Word Ltd,P206389694T,2019-10-04,Laceyberg,Medium,333,Office Stationery & Supplies,1967306,2023-12-18,Supply and delivery of office stationery & supplies items,Ministry of Local
C-1254,1254,161,5122252.214645547,2023-03-09,0,11.29,Good,Completed,2353,Miller Political Limited,P259272239E,2016-09-28,West Claudia,Small,522,ICT Equipment & Software,4894643,2023-03-09,Supply and delivery of ict equipment & software items,Ministry of In
C-1255,1255,76,5174793.116796418,2023-09-10,0,0.0,Good,Completed,-553,Hooper None Ltd,P128955006Z,2025-03-16,North Dawnberg,Medium,719,Motor Vehicles & Spare Parts,5228643,2023-09-10,Supply and delivery of motor vehicles & spare parts items,Ministry of Likely
C-1256,1256,420,4393090.256379697,2021-03-04,0,0.41,Fair,Completed,-533,Anderson Film Group,P380236885U,2022-08-19,Haynesmouth,Small,739,Medical Supplies & Pharmaceuticals,4322102,2021-03-04,Supply and delivery of medical supplies & pharmaceuticals items,Ministry of Responsibility
C-1257,1257,389,18678627.672018286,2025-04-06,19,6.96,Good,Completed,845,Woods Drop Ventures,P511318205F,2022-12-13,North Lawrenceport,Small,515,ICT Equipment & Software,17296693,2025-04-06,Supply and delivery of ict equipment & software items,Ministry of Firm
C-1258,1258,6,7029238.330394524,2023-06-03,20,0.0,Good,Completed,-241,Blair Not Ventures,P234031070Y,2024-01-30,New Kellystad,Large,685,Office Stationery & Supplies,6608856,2023-06-03,Supply and delivery of office stationery & supplies items,Ministry of White
C-1259,1259,120,2417026.5762459887,2024-01-28,4,0.0,Fair,Completed,1429,Olson Marriage Agencies,P361704064D,2020-02-29,South James,Small,787,Consultancy Services,2587111,2024-01-28,Supply and delivery of consultancy services items,Ministry of Why
C-1260,1260,386,1707606.3855863241,2025-08-28,4,0.0,Good,Completed,1097,Banks Area Enterprise,P525568516O,2022-08-27,Jessicabury,Small,823,Motor Vehicles & Spare Parts,1659757,2025-08-28,Supply and delivery of motor vehicles & spare parts items,Ministry of Learn
C-1261,1261,460,6527162.041101503,2024-04-21,31,8.48,Poor,Completed,2275,Little Beat Limited,P608492614H,2018-01-28,Kristenfort,Large,491,Motor Vehicles & Spare Parts,6256738,2024-04-21,Supply and delivery of motor vehicles & spare parts items,Ministry of Whole
C-1262,1262,393,22474608.09581277,2022-01-24,0,14.58,Good,Completed,-454,Bell Laugh Enterprise,P437695739Y,2023-04-23,East Joshua,Large,837,ICT Equipment & Software,20709423,2022-01-24,Supply and delivery of ict equipment & software items,Ministry of Behind
C-1263,1263,323,2068942.2776947017,2023-06-30,55,1.3,Fair,Completed,-363,Valdez Toward Ltd,P797818850W,2024-06-27,North Richardfurt,Small,478,Motor Vehicles & Spare Parts,1981297,2023-06-30,Supply and delivery of motor vehicles & spare parts items,Ministry of Population
C-1264,1264,27,10036119.58696025,2025-12-01,32,7.13,Good,Completed,2602,Washington Notice Ltd,P242068763U,2018-10-17,Sanchezfort,Small,364,Medical Supplies & Pharmaceuticals,9312367,2025-12-01,Supply and delivery of medical supplies & pharmaceuticals items,Ministry of International
C-1265,1265,253,8530322.146720087,2025-01-31,15,0.0,Good,Completed,1741,Khan Short Ventures,P492750748W,2020-04-26,Diazfurt,Small,724,Medical Supplies & Pharmaceuticals,8619792,2025-01-31,Supply and delivery of medical supplies & pharmaceuticals items,Ministry of Together
C-1266,1266,233,316036.5473211835,2021-10-06,0,9.4,Poor,Completed,-337,Mckinney Oil Ventures,P682152066S,2022-09-08,Melissaburgh,Small,845,Medical Supplies & Pharmaceuticals,345300,2021-10-06,Supply and delivery of medical supplies & pharmaceuticals items,Ministry of Hope
C-1267,1267,254,196453.3090786126,2025-05-28,0,0.0,Good,Completed,3246,Hoffman Him Group,P694018597S,2016-07-08,South Williamside,Small,581,Office Stationery & Supplies,192036,2025-05-28,Supply and delivery of office stationery & supplies items,Ministry of Argue
C-1268,1268,67,6971076.953211911,2020-01-02,0,4.46,Good,Completed,-481,Hansen Free Ltd,P910943524C,2021-04-27,Rivasside,Small,637,Office Stationery & Supplies,6539051,2020-01-02,Supply and delivery of office stationery & supplies items,Ministry of Opportunity
C-1269,1269,306,238029394.916401,2024-12-03,10,2.22,Good,Completed,1320,Price Especially Agencies,P318331154V,2021-04-23,South Melanieland,Small,645,Construction & Civil Works,262674117,2024-12-03,Supply and delivery of construction & civil works items,Ministry of Her
C-1270,1270,259,245203636.95236757,2020-08-28,107,45.96,Poor,Completed,-470,Romero Mr Agencies,P671595541F,2021-12-11,Thomastown,Small,649,Construction & Civil Works,243543364,2020-08-28,Supply and delivery of construction & civil works items,Ministry of Father
C-1271,1271,394,17720342.651567455,2025-03-11,14,8.18,Poor,Completed,3047,Tran Plan Limited,P874360740M,2016-11-06,Kimberlytown,Small,700,Construction & Civil Works,17818331,2025-03-11,Supply and delivery of construction & civil works items,Ministry of Easy
C-1272,1272,70,235346.95473744665,2022-08-03,54,0.0,Good,Completed,1547,Rogers Walk Enterprise,P679984033F,2018-05-09,East Jesse,Small,443,Cleaning & Sanitary Services,254692,2022-08-03,Supply and delivery of cleaning & sanitary services items,Ministry of Performance
C-1273,1273,72,4838413.796723415,2022-05-13,5,3.15,Good,Completed,2094,Wall Improve Ltd,P926561919L,2016-08-18,Port Nicoleshire,Small,752,Cleaning & Sanitary Services,4557335,2022-05-13,Supply and delivery of cleaning & sanitary services items,Ministry of Friend
C-1274,1274,368,1817999.2523011002,2024-04-08,5,15.32,Fair,Completed,1499,Larsen Middle Agencies,P279587066F,2020-03-01,Port Kathleenport,Medium,567,Office Stationery & Supplies,1757888,2024-04-08,Supply and delivery of office stationery & supplies items,Ministry of Into
C-1275,1275,336,8222205.091611669,2022-04-16,14,1.82,Good,Completed,1810,Lopez List Limited,P698058121J,2017-05-02,Garcialand,Small,563,Cleaning & Sanitary Services,8210129,2022-04-16,Supply and delivery of cleaning & sanitary services items,Ministry of Offer
C-1276,1276,338,240746970.58139434,2021-04-07,4,0.0,Good,Completed,504,Miller Wear Enterprise,P700797791P,2019-11-20,Lake Oscar,Medium,679,Construction & Civil Works,264604498,2021-04-07,Supply and delivery of construction & civil works items,Ministry of Consumer
C-1277,1277,67,1789896.5586093394,2022-11-06,0,7.1,Fair,Completed,558,Hansen Free Ltd,P910943524C,2021-04-27,Rivasside,Small,637,Cleaning & Sanitary Services,1924964,2022-11-06,Supply and delivery of cleaning & sanitary services items,Ministry of Cup
C-1278,1278,4,7792891.455031371,2023-05-01,58,3.91,Fair,Completed,1658,Booth Song Group,P965241839K,2018-10-16,Petersonberg,Medium,430,Office Stationery & Supplies,8252513,2023-05-01,Supply and delivery of office stationery & supplies items,Ministry of Threat
C-1279,1279,478,6977337.756496718,2025-07-18,7,9.04,Fair,Completed,484,Robertson Cold Limited,P170455681T,2024-03-21,Taylorhaven,Small,823,Cleaning & Sanitary Services,6889408,2025-07-18,Supply and delivery of cleaning & sanitary services items,Ministry of Though
C-1280,1280,87,1516293.4240935647,2022-07-03,3,7.25,Good,Completed,467,Santos Power Enterprise,P967797300I,2021-03-23,Marshallshire,Small,576,Consultancy Services,1668146,2022-07-03,Supply and delivery of consultancy services items,Ministry of Fight
C-1281,1281,449,8895201.626516268,2025-12-25,0,3.97,Good,Completed,1307,Garcia Model Limited,P251014666V,2022-05-28,East Michaelmouth,Small,662,Cleaning & Sanitary Services,9035827,2025-12-25,Supply and delivery of cleaning & sanitary services items,Ministry of Religious
C-1282,1282,117,4794464.130134176,2020-10-02,51,9.84,Poor,Completed,-1655,Kim Say Group,P620455331H,2025-04-14,Lake Chelseabury,Small,426,Consultancy Services,4545975,2020-10-02,Supply and delivery of consultancy services items,Ministry of Activity
C-1283,1283,270,16871862.39268664,2020-06-06,2,4.76,Good,Completed,350,Ramos Establish Limited,P902448600E,2019-06-22,East Maria,Medium,849,ICT Equipment & Software,16702558,2020-06-06,Supply and delivery of ict equipment & software items,Ministry of Admit
C-1284,1284,12,38996865.56122464,2020-11-11,43,9.41,Fair,Completed,1003,Hahn Under Ltd,P870854579U,2018-02-12,Lake Victor,Small,320,ICT Equipment & Software,36926088,2020-11-11,Supply and delivery of ict equipment & software items,Ministry of Value
C-1285,1285,303,55424845.43414849,2022-12-02,66,27.83,Poor,Completed,238,Simmons Mission Enterprise,P150341410W,2022-04-08,Floydmouth,Medium,591,Construction & Civil Works,54309063,2022-12-02,Supply and delivery of construction & civil works items,Ministry of Leave
C-1286,1286,220,13046662.480050476,2025-11-06,26,0.0,Good,Completed,1865,Johnson Radio Enterprise,P305195749S,2020-09-28,Michelleton,Medium,437,ICT Equipment & Software,13711292,2025-11-06,Supply and delivery of ict equipment & software items,Ministry of Century
C-1287,1287,184,34343548.97816313,2020-07-04,14,0.0,Good,Completed,1227,Hicks Western Ltd,P933468715W,2017-02-23,Jessicaberg,Small,532,ICT Equipment & Software,32667952,2020-07-04,Supply and delivery of ict equipment & software items,Ministry of Quality
C-1288,1288,486,7996544.7922714725,2024-10-31,0,1.14,Poor,Completed,1675,Bennett Happy Ltd,P592845370Q,2020-03-31,South Kevin,Medium,820,ICT Equipment & Software,8774437,2024-10-31,Supply and delivery of ict equipment & software items,Ministry of Trade
C-1289,1289,12,15948348.720563805,2022-09-26,53,6.41,Good,Completed,1687,Hahn Under Ltd,P870854579U,2018-02-12,Lake Victor,Small,320,ICT Equipment & Software,17372772,2022-09-26,Supply and delivery of ict equipment & software items,Ministry of Story
C-1290,1290,125,5313725.369249327,2024-03-03,10,4.2,Good,Completed,2822,Garner Season Group,P971243675Y,2016-06-11,Mcneilberg,Small,584,Medical Supplies & Pharmaceuticals,5499869,2024-03-03,Supply and delivery of medical supplies & pharmaceuticals items,Ministry of Wonder
C-1291,1291,8,533500722.80997,2022-07-21,102,40.83,Poor,Completed,-775,James Long Limited,P782560971X,2024-09-03,West Michael,Small,774,Construction & Civil Works,489837316,2022-07-21,Supply and delivery of construction & civil works items,Ministry of Couple
C-1292,1292,236,6788095.674208839,2022-09-22,19,0.0,Good,Completed,2213,Sanders Series Agencies,P871880418E,2016-08-31,Hammondshire,Small,649,ICT Equipment & Software,6639353,2022-09-22,Supply and delivery of ict equipment & software items,Ministry of Language
C-1293,1293,170,3534180.7611266216,2023-04-24,43,2.6,Good,Completed,-281,Bruce Speak Ltd,P978779150N,2024-01-30,New Sarahview,Small,369,Medical Supplies & Pharmaceuticals,3766344,2023-04-24,Supply and delivery of medical supplies & pharmaceuticals items,Ministry of Listen
C-1294,1294,230,394284468.55238503,2022-04-22,0,5.69,Good,Completed,1389,Wilson Simply Enterprise,P299767568F,2018-07-03,Mcintyreville,Medium,765,Construction & Civil Works,419568154,2022-04-22,Supply and delivery of construction & civil works items,Ministry of Draw
C-1295,1295,289,99646457.147942,2021-02-11,78,47.14,Poor,Completed,-35,Wilson Describe Ltd,P869784803L,2021-03-18,Davishaven,Small,524,Construction & Civil Works,102119435,2021-02-11,Supply and delivery of construction & civil works items,Ministry of Point
C-1296,1296,75,145652.9008980832,2020-01-17,49,6.47,Fair,Completed,-300,Price Relate Enterprise,P829223044Z,2020-11-12,Ramseymouth,Medium,353,Motor Vehicles & Spare Parts,159778,2020-01-17,Supply and delivery of motor vehicles & spare parts items,Ministry of Moment
C-1297,1297,118,6049606.821228042,2025-01-29,57,0.0,Good,Completed,721,Collins Address Ltd,P692975437A,2023-02-08,East Victoriaville,Medium,357,ICT Equipment & Software,5503361,2025-01-29,Supply and delivery of ict equipment & software items,Ministry of Economic
C-1298,1298,280,536642585.9266547,2024-04-09,136,26.39,Poor,Completed,130,Bradley Sometimes Limited,P307405357L,2023-12-01,Wilcoxhaven,Small,846,Construction & Civil Works,499614306,2024-04-09,Supply and delivery of construction & civil works items,Ministry of Exist
C-1299,1299,225,27747745.96559125,2022-06-19,33,8.43,Poor,Completed,1074,Williams True Ltd,P478557676N,2019-07-11,Hillton,Small,394,ICT Equipment & Software,27178907,2022-06-19,Supply and delivery of ict equipment & software items,Ministry of Office
C-1300,1300,316,10310535.784337394,2023-06-16,64,15.49,Good,Completed,937,Stark Occur Limited,P789137659D,2020-11-21,Port Melanieton,Medium,481,ICT Equipment & Software,10287557,2023-06-16,Supply and delivery of ict equipment & software items,Ministry of Along
C-1301,1301,462,9788901.847037777,2025-11-13,32,6.38,Good,Completed,2252,Griffin Everyone Limited,P572167680D,2019-09-14,Jeremyview,Small,321,Cleaning & Sanitary Services,9010762,2025-11-13,Supply and delivery of cleaning & sanitary services items,Ministry of Out
C-1302,1302,196,1173166.9037063099,2022-11-24,0,5.18,Good,Completed,-832,Collins Reality Limited,P849987147Q,2025-03-05,Andersonland,Large,541,Motor Vehicles & Spare Parts,1111930,2022-11-24,Supply and delivery of motor vehicles & spare parts items,Ministry of Home
C-1303,1303,261,9497909.668368163,2020-09-04,0,10.2,Fair,Completed,-405,Griffith Past Group,P615877957K,2021-10-14,Hernandezbury,Large,522,Consultancy Services,9568133,2020-09-04,Supply and delivery of consultancy services items,Ministry of Meet
C-1304,1304,18,1739394.0526358953,2025-10-08,0,2.36,Good,Completed,3158,Graham Long Agencies,P103484630U,2017-02-14,Teresaburgh,Small,687,Medical Supplies & Pharmaceuticals,1885818,2025-10-08,Supply and delivery of medical supplies & pharmaceuticals items,Ministry of Base
C-1305,1305,120,393724468.1193675,2020-11-07,103,25.72,Poor,Completed,252,Olson Marriage Agencies,P361704064D,2020-02-29,South James,Small,787,Construction & Civil Works,400424693,2020-11-07,Supply and delivery of construction & civil works items,Ministry of Side
C-1306,1306,458,5642687.607173229,2023-02-27,2,7.99,Good,Completed,1744,Williams Owner Agencies,P690195758F,2018-05-20,North Michael,Medium,577,Medical Supplies & Pharmaceuticals,6062859,2023-02-27,Supply and delivery of medical supplies & pharmaceuticals items,Ministry of Town
C-1307,1307,343,10695638.240277084,2025-11-25,2,4.19,Good,Completed,153,Harris Former Group,P290736564Z,2025-06-25,Kellyfort,Small,563,Office Stationery & Supplies,9770114,2025-11-25,Supply and delivery of office stationery & supplies items,Ministry of Start
C-1308,1308,481,7451364.639889306,2021-09-04,17,1.76,Good,Completed,-418,Allen Middle Ltd,P737849448C,2022-10-27,Port Thomas,Medium,608,Motor Vehicles & Spare Parts,7732285,2021-09-04,Supply and delivery of motor vehicles & spare parts items,Ministry of Nation
C-1309,1309,118,2944446.386128343,2020-06-20,25,0.0,Good,Completed,-963,Collins Address Ltd,P692975437A,2023-02-08,East Victoriaville,Medium,357,Consultancy Services,2966069,2020-06-20,Supply and delivery of consultancy services items,Ministry of Voice
C-1310,1310,287,9939345.13482818,2023-08-29,10,10.37,Good,Completed,37,Marks Beat Agencies,P664258474C,2023-07-23,Christianshire,Medium,721,Office Stationery & Supplies,9403173,2023-08-29,Supply and delivery of office stationery & supplies items,Ministry of Else
C-1311,1311,308,5234173.409909135,2022-11-01,4,0.0,Fair,Completed,-152,Hansen Measure Group,P324292944V,2023-04-02,Susantown,Small,509,Motor Vehicles & Spare Parts,5082042,2022-11-01,Supply and delivery of motor vehicles & spare parts items,Ministry of Site
C-1312,1312,2,15622696.570185648,2023-12-25,44,14.61,Fair,Completed,207,Gardner Performance Group,P553035110C,2023-06-01,North Jefferyhaven,Small,421,ICT Equipment & Software,15553280,2023-12-25,Supply and delivery of ict equipment & software items,Ministry of Relate
C-1313,1313,369,1753172.0141882682,2020-06-20,3,1.77,Good,Completed,1510,Walker Fight Group,P280613009X,2016-05-02,Cunninghamfort,Medium,754,Cleaning & Sanitary Services,1849736,2020-06-20,Supply and delivery of cleaning & sanitary services items,Ministry of Property
C-1314,1314,273,7435570.654644196,2023-03-27,51,14.43,Good,Completed,2272,Townsend Accept Ltd,P690936560K,2017-01-05,Delgadofort,Small,309,Office Stationery & Supplies,6821635,2023-03-27,Supply and delivery of office stationery & supplies items,Ministry of Particularly
C-1315,1315,376,151791.76328282832,2021-11-15,0,0.0,Good,Completed,-1457,Shelton Beyond Agencies,P245587477W,2025-11-11,Sellersview,Small,705,Office Stationery & Supplies,151707,2021-11-15,Supply and delivery of office stationery & supplies items,Ministry of Argue
C-1316,1316,295,30726286.777992964,2025-06-02,0,0.0,Good,Completed,3004,Haney Increase Enterprise,P667840357I,2017-03-12,Port Adam,Medium,849,ICT Equipment & Software,29364924,2025-06-02,Supply and delivery of ict equipment & software items,Ministry of Nor
C-1317,1317,348,6514137.731337366,2024-09-01,18,3.17,Good,Completed,1523,Harper Pass Limited,P530361198I,2020-07-01,Stephensstad,Small,450,Medical Supplies & Pharmaceuticals,6204128,2024-09-01,Supply and delivery of medical supplies & pharmaceuticals items,Ministry of Manager
C-1318,1318,261,2075937.830556078,2022-09-21,22,3.26,Good,Completed,342,Griffith Past Group,P615877957K,2021-10-14,Hernandezbury,Large,522,Office Stationery & Supplies,1977145,2022-09-21,Supply and delivery of office stationery & supplies items,Ministry of Western
C-1319,1319,336,130801371.81022757,2022-10-25,7,0.0,Fair,Completed,2002,Lopez List Limited,P698058121J,2017-05-02,Garcialand,Small,563,Construction & Civil Works,133112905,2022-10-25,Supply and delivery of construction & civil works items,Ministry of Similar
C-1320,1320,193,8827810.014170077,2021-12-27,6,7.06,Good,Completed,579,Mills Cold Ventures,P490732457X,2020-05-27,Paulmouth,Small,846,Consultancy Services,9323482,2021-12-27,Supply and delivery of consultancy services items,Ministry of Head
C-1321,1321,260,7166198.440361898,2025-10-05,23,7.38,Poor,Completed,2217,Nunez Keep Ltd,P726745401T,2019-09-10,New Thomasshire,Small,542,Cleaning & Sanitary Services,6787666,2025-10-05,Supply and delivery of cleaning & sanitary services items,Ministry of Success
C-1322,1322,9,7692641.039831192,2021-10-07,0,11.2,Good,Completed,-345,Miles Result Enterprise,P795822698E,2022-09-17,New Jessica,Small,775,Consultancy Services,7179701,2021-10-07,Supply and delivery of consultancy services items,Ministry of Computer
C-1323,1323,394,7549264.230836127,2020-03-18,8,0.0,Poor,Completed,1228,Tran Plan Limited,P874360740M,2016-11-06,Kimberlytown,Small,700,Medical Supplies & Pharmaceuticals,8349953,2020-03-18,Supply and delivery of medical supplies & pharmaceuticals items,Ministry of Wind
C-1324,1324,24,2073863.2325328249,2023-08-02,0,5.35,Good,Completed,247,Marquez Inside Group,P821218382P,2022-11-28,Samuelhaven,Small,637,Cleaning & Sanitary Services,1922744,2023-08-02,Supply and delivery of cleaning & sanitary services items,Ministry of Fly
C-1325,1325,241,7583393.823612001,2024-05-11,1,4.47,Fair,Completed,2048,Weber Possible Agencies,P672817675F,2018-10-02,New Shelly,Small,664,Consultancy Services,8267707,2024-05-11,Supply and delivery of consultancy services items,Ministry of Organization
C-1326,1326,99,73267251.63243324,2021-07-24,153,41.11,Poor,Completed,-69,Harrison Let Agencies,P465830215L,2021-10-01,West Shelleyfort,Small,454,Construction & Civil Works,71120560,2021-07-24,Supply and delivery of construction & civil works items,Ministry of Professional
C-1327,1327,374,3568378.168364624,2022-11-02,7,4.21,Good,Completed,1888,Taylor Design Enterprise,P973521043N,2017-09-01,New Michaelview,Small,811,Consultancy Services,3943139,2022-11-02,Supply and delivery of consultancy services items,Ministry of Condition
C-1328,1328,196,4744441.665814073,2023-06-09,11,7.55,Good,Completed,-635,Collins Reality Limited,P849987147Q,2025-03-05,Andersonland,Large,541,Motor Vehicles & Spare Parts,4547395,2023-06-09,Supply and delivery of motor vehicles & spare parts items,Ministry of Realize
C-1329,1329,172,2365635.218999455,2025-12-09,26,0.0,Good,Completed,1559,Morales Change Ventures,P895609471O,2021-09-02,North Julieborough,Small,390,Office Stationery & Supplies,2461216,2025-12-09,Supply and delivery of office stationery & supplies items,Ministry of Table
C-1330,1330,92,34650585.39577459,2024-06-03,13,3.35,Poor,Completed,473,West Adult Group,P199915275S,2023-02-16,South Heather,Small,817,ICT Equipment & Software,36622019,2024-06-03,Supply and delivery of ict equipment & software items,Ministry of Agreement
C-1331,1331,435,386173676.11055213,2021-09-20,104,49.84,Poor,Completed,334,Harrington Guy Ltd,P707363258G,2020-10-21,Paulburgh,Small,631,Construction & Civil Works,390694956,2021-09-20,Supply and delivery of construction & civil works items,Ministry of Beautiful
C-1332,1332,127,4870328.934411567,2020-10-04,26,6.04,Fair,Completed,-186,Bryant Seven Ltd,P254785699A,2021-04-08,North Terrance,Small,752,Cleaning & Sanitary Services,4569353,2020-10-04,Supply and delivery of cleaning & sanitary services items,Ministry of Ball
C-1333,1333,169,1817512.086275725,2025-02-08,0,0.0,Fair,Completed,2504,Rodriguez Through Ltd,P697285504X,2018-04-02,Port Joshuabury,Medium,810,Cleaning & Sanitary Services,2008911,2025-02-08,Supply and delivery of cleaning & sanitary services items,Ministry of Fall
C-1334,1334,279,1403616.5843182898,2021-07-06,27,5.14,Good,Completed,803,Simon Raise Group,P376236056T,2019-04-25,North Jill,Medium,436,Cleaning & Sanitary Services,1519920,2021-07-06,Supply and delivery of cleaning & sanitary services items,Ministry of Power
C-1335,1335,51,33085732.03277976,2021-09-07,5,2.5,Good,Completed,-488,Reyes American Ventures,P605399561O,2023-01-08,Port Samantha,Small,673,ICT Equipment & Software,36233873,2021-09-07,Supply and delivery of ict equipment & software items,Ministry of Toward
C-1336,1336,380,9471211.644044943,2021-07-16,8,10.88,Good,Completed,-517,Wiley Look Group,P624033772U,2022-12-15,Port Kimland,Small,500,Office Stationery & Supplies,9938074,2021-07-16,Supply and delivery of office stationery & supplies items,Ministry of Site
C-1337,1337,192,2067727.3175669266,2020-09-01,20,0.0,Poor,Completed,-1886,Miller Race Ltd,P285283722C,2025-10-31,Lake Samuel,Small,760,Consultancy Services,2188062,2020-09-01,Supply and delivery of consultancy services items,Ministry of Contain
C-1338,1338,224,264529762.24169436,2025-06-17,47,4.43,Good,Completed,3078,Murphy Find Agencies,P429097422C,2017-01-12,Jacksonmouth,Medium,410,Construction & Civil Works,258493147,2025-06-17,Supply and delivery of construction & civil works items,Ministry of Single
C-1339,1339,380,3649167.0323102404,2020-11-27,12,11.61,Poor,Completed,-748,Wiley Look Group,P624033772U,2022-12-15,Port Kimland,Small,500,Motor Vehicles & Spare Parts,3961774,2020-11-27,Supply and delivery of motor vehicles & spare parts items,Ministry of Likely
C-1340,1340,101,3782128.3801095504,2022-03-21,3,1.87,Good,Completed,-1199,Miller Energy Ltd,P227186396J,2025-07-02,Obrienbury,Small,545,Medical Supplies & Pharmaceuticals,3577084,2022-03-21,Supply and delivery of medical supplies & pharmaceuticals items,Ministry of Continue
C-1341,1341,492,3813769.4188168803,2021-07-26,38,5.84,Good,Completed,-99,Cooley Team Ltd,P303919854V,2021-11-02,Lake Amanda,Medium,401,Office Stationery & Supplies,3499752,2021-07-26,Supply and delivery of office stationery & supplies items,Ministry of School
C-1342,1342,283,5482565.12512006,2021-06-01,16,0.0,Good,Completed,1934,Valdez Room Ventures,P353727962D,2016-02-14,South Kurtfurt,Small,464,Office Stationery & Supplies,5432889,2021-06-01,Supply and delivery of office stationery & supplies items,Ministry of Course
C-1343,1343,136,142252.89529570023,2024-10-17,0,10.27,Good,Completed,122,Gonzalez If Ltd,P618840705G,2024-06-17,South Ashley,Small,726,Office Stationery & Supplies,144816,2024-10-17,Supply and delivery of office stationery & supplies items,Ministry of Training
C-1344,1344,336,3912336.394101274,2020-03-13,0,8.01,Fair,Completed,1046,Lopez List Limited,P698058121J,2017-05-02,Garcialand,Small,563,Office Stationery & Supplies,4263960,2020-03-13,Supply and delivery of office stationery & supplies items,Ministry of Become
C-1345,1345,220,323483598.4212227,2025-10-20,26,8.96,Good,Completed,1848,Johnson Radio Enterprise,P305195749S,2020-09-28,Michelleton,Medium,437,Construction & Civil Works,330849009,2025-10-20,Supply and delivery of construction & civil works items,Ministry of Physical
C-1346,1346,38,3592519.872959917,2025-08-08,14,12.59,Good,Completed,1440,Stewart Every Agencies,P319321646Q,2021-08-29,Johnfurt,Small,692,Medical Supplies & Pharmaceuticals,3964044,2025-08-08,Supply and delivery of medical supplies & pharmaceuticals items,Ministry of Class
C-1347,1347,401,293017.29396918294,2025-01-09,63,9.35,Good,Completed,3005,Mccall System Agencies,P266834924I,2016-10-18,Peterland,Small,487,Motor Vehicles & Spare Parts,321552,2025-01-09,Supply and delivery of motor vehicles & spare parts items,Ministry of Soldier
C-1348,1348,338,1830043.3533350118,2025-12-16,0,7.8,Good,Completed,2218,Miller Wear Enterprise,P700797791P,2019-11-20,Lake Oscar,Medium,679,Consultancy Services,1997951,2025-12-16,Supply and delivery of consultancy services items,Ministry of Speech
C-1349,1349,32,9396568.474736819,2022-04-19,65,8.66,Poor,Completed,-1242,House Time Group,P353810544K,2025-09-12,Tuckerborough,Large,340,Medical Supplies & Pharmaceuticals,8805070,2022-04-19,Supply and delivery of medical supplies & pharmaceuticals items,Ministry of Recent
C-1350,1350,198,2329964.9383351374,2022-08-22,46,5.05,Good,Completed,1101,Cox Couple Ltd,P329987621V,2019-08-17,Leeberg,Medium,445,Motor Vehicles & Spare Parts,2257280,2022-08-22,Supply and delivery of motor vehicles & spare parts items,Ministry of Public
C-1351,1351,140,78718291.54190318,2021-01-01,63,30.02,Poor,Terminated,-936,Saunders Responsibility Limited,P246865585O,2023-07-26,Lake Debbieport,Small,334,Construction & Civil Works,72917165,2021-01-01,Supply and delivery of construction & civil works items,Ministry of Participant
C-1352,1352,356,6909753.647692332,2024-05-27,48,8.89,Good,Completed,2903,Page Agency Agencies,P468377143P,2016-06-15,Lake Laurenbury,Medium,457,Consultancy Services,6396495,2024-05-27,Supply and delivery of consultancy services items,Ministry of Hair
C-1353,1353,475,635539.1649161857,2020-04-29,23,2.57,Good,Completed,442,Cameron Toward Ventures,P847520637R,2019-02-12,Port Jeremyport,Small,320,ICT Equipment & Software,612935,2020-04-29,Supply and delivery of ict equipment & software items,Ministry of Everything
C-1354,1354,8,8445076.944232542,2024-07-13,4,9.57,Good,Completed,-52,James Long Limited,P782560971X,2024-09-03,West Michael,Small,774,Office Stationery & Supplies,8300252,2024-07-13,Supply and delivery of office stationery & supplies items,Ministry of Business
C-1355,1355,155,15775872.719903713,2020-04-25,11,2.83,Good,Completed,-1603,Murphy Choose Ventures,P946799779M,2024-09-14,West Micheleberg,Large,683,ICT Equipment & Software,14869952,2020-04-25,Supply and delivery of ict equipment & software items,Ministry of Majority
C-1356,1356,68,4503725.779416746,2022-05-23,9,2.99,Fair,Completed,703,Moore Training Ltd,P609677794C,2020-06-19,Karenview,Medium,772,Office Stationery & Supplies,4623535,2022-05-23,Supply and delivery of office stationery & supplies items,Ministry of Fish
C-1357,1357,133,23725126.19091473,2022-11-09,14,0.0,Fair,Completed,-680,Harvey Effect Ltd,P634366139L,2024-09-19,East Steven,Small,815,ICT Equipment & Software,21587734,2022-11-09,Supply and delivery of ict equipment & software items,Ministry of Soldier
C-1358,1358,197,43332338.218386,2025-07-14,69,10.4,Good,Completed,2349,Bennett Strong Enterprise,P452699013I,2019-02-07,Lake Ellenhaven,Small,418,ICT Equipment & Software,43296369,2025-07-14,Supply and delivery of ict equipment & software items,Ministry of East
C-1359,1359,142,1961439.9627364564,2022-04-12,61,8.48,Good,Completed,1649,Anderson Notice Enterprise,P492836532H,2017-10-06,Mariaview,Small,495,Cleaning & Sanitary Services,2126110,2022-04-12,Supply and delivery of cleaning & sanitary services items,Ministry of Season
C-1360,1360,457,5661232.885976684,2022-05-04,2,1.6,Good,Completed,817,Spencer Wish Limited,P883803621I,2020-02-07,Donnaport,Small,634,Office Stationery & Supplies,5741379,2022-05-04,Supply and delivery of office stationery & supplies items,Ministry of Everybody
C-1361,1361,359,9698168.23890503,2020-11-14,6,3.94,Poor,Completed,134,Jordan Above Agencies,P856704108N,2020-07-03,West Karen,Medium,536,Office Stationery & Supplies,8925150,2020-11-14,Supply and delivery of office stationery & supplies items,Ministry of Truth
C-1362,1362,189,6339631.736600519,2022-08-10,32,7.38,Good,Completed,724,Johnson Home Limited,P993027458S,2020-08-16,Lake Michelleland,Small,389,Consultancy Services,7028887,2022-08-10,Supply and delivery of consultancy services items,Ministry of Fight
C-1363,1363,105,7829668.08587041,2025-07-24,17,5.35,Good,Completed,2426,Hall Seat Group,P403566540S,2018-12-02,Jonesbury,Small,811,Cleaning & Sanitary Services,8227333,2025-07-24,Supply and delivery of cleaning & sanitary services items,Ministry of List
C-1364,1364,309,17733838.960911203,2022-04-16,0,2.39,Good,Completed,1521,Lee Site Ltd,P225967304V,2018-02-15,Rochaborough,Small,759,Construction & Civil Works,19418934,2022-04-16,Supply and delivery of construction & civil works items,Ministry of Four
C-1365,1365,81,8977330.945003407,2025-10-08,0,11.18,Good,Completed,1120,Elliott Discover Ventures,P599326438S,2022-09-14,Katieburgh,Small,576,Office Stationery & Supplies,8336781,2025-10-08,Supply and delivery of office stationery & supplies items,Ministry of Result
C-1366,1366,114,4904848.943273144,2025-09-25,10,0.0,Good,Completed,581,Pierce Look Enterprise,P194553481U,2024-02-22,Marcusfurt,Medium,568,Office Stationery & Supplies,5302413,2025-09-25,Supply and delivery of office stationery & supplies items,Ministry of Bill
C-1367,1367,157,24183710.792459812,2025-07-03,0,10.07,Good,Completed,1317,Smith Evidence Group,P156263020I,2021-11-24,Foxland,Small,695,ICT Equipment & Software,24640496,2025-07-03,Supply and delivery of ict equipment & software items,Ministry of Public
C-1368,1368,270,322023641.97013235,2022-02-14,8,9.02,Fair,Completed,968,Ramos Establish Limited,P902448600E,2019-06-22,East Maria,Medium,849,Construction & Civil Works,353826108,2022-02-14,Supply and delivery of construction & civil works items,Ministry of Three
C-1369,1369,240,7393858.313305671,2022-08-04,59,9.15,Good,Completed,1226,Fletcher Half Agencies,P657162259S,2019-03-27,West Jamesside,Small,327,Cleaning & Sanitary Services,6866886,2022-08-04,Supply and delivery of cleaning & sanitary services items,Ministry of Why
C-1370,1370,359,484791388.2269981,2023-11-29,0,3.26,Good,Completed,1244,Jordan Above Agencies,P856704108N,2020-07-03,West Karen,Medium,536,Construction & Civil Works,499751675,2023-11-29,Supply and delivery of construction & civil works items,Ministry of Explain
C-1371,1371,272,5626562.578375172,2022-01-03,3,6.75,Good,Completed,-1115,Perez Early Ventures,P156361897G,2025-01-22,Riverafort,Small,558,Medical Supplies & Pharmaceuticals,5231104,2022-01-03,Supply and delivery of medical supplies & pharmaceuticals items,Ministry of Example
C-1372,1372,314,2016044.226384616,2024-10-23,7,9.5,Fair,Completed,2011,James These Agencies,P363850592F,2019-04-22,Jonathanfort,Large,706,Cleaning & Sanitary Services,2027716,2024-10-23,Supply and delivery of cleaning & sanitary services items,Ministry of Especially
C-1373,1373,413,140750803.08566445,2023-12-04,12,1.08,Poor,Completed,1223,Wood Film Agencies,P705382875Y,2020-07-29,Jodibury,Small,658,Construction & Civil Works,155357841,2023-12-04,Supply and delivery of construction & civil works items,Ministry of Include
C-1374,1374,476,5264732.789813737,2022-10-07,37,10.73,Fair,Completed,-1090,Ramos That Group,P444529729R,2025-10-01,Jacobsland,Medium,752,Office Stationery & Supplies,5341684,2022-10-07,Supply and delivery of office stationery & supplies items,Ministry of Republican
C-1375,1375,348,22540279.005474176,2024-06-29,61,8.29,Good,Completed,1459,Harper Pass Limited,P530361198I,2020-07-01,Stephensstad,Small,450,ICT Equipment & Software,23036636,2024-06-29,Supply and delivery of ict equipment & software items,Ministry of Similar
C-1376,1376,89,10841776.22463583,2024-01-12,0,8.14,Fair,Completed,849,Barnett Great Group,P130816384F,2021-09-15,Hunterborough,Small,815,ICT Equipment & Software,10532315,2024-01-12,Supply and delivery of ict equipment & software items,Ministry of Speech
C-1377,1377,199,7296988.5959287295,2021-03-03,15,13.61,Fair,Completed,1319,Phillips Story Ltd,P208599066G,2017-07-23,Lake Matthewberg,Small,581,Cleaning & Sanitary Services,7917209,2021-03-03,Supply and delivery of cleaning & sanitary services items,Ministry of Green
C-1378,1378,213,3848569.9157056054,2024-01-24,6,13.49,Fair,Completed,697,Allen Keep Agencies,P301126777Q,2022-02-26,New Theresaland,Medium,700,Medical Supplies & Pharmaceuticals,3900315,2024-01-24,Supply and delivery of medical supplies & pharmaceuticals items,Ministry of Couple
C-1379,1379,486,6742874.846896431,2021-11-17,4,8.7,Poor,Completed,596,Bennett Happy Ltd,P592845370Q,2020-03-31,South Kevin,Medium,820,Office Stationery & Supplies,6569723,2021-11-17,Supply and delivery of office stationery & supplies items,Ministry of Action
C-1380,1380,362,868617.6615621097,2024-01-14,50,12.38,Good,Completed,788,Bailey Through Group,P591624059N,2021-11-17,Port Emily,Small,374,ICT Equipment & Software,844126,2024-01-14,Supply and delivery of ict equipment & software items,Ministry of Theory
C-1381,1381,486,5061625.257987289,2020-05-28,10,0.0,Good,Completed,58,Bennett Happy Ltd,P592845370Q,2020-03-31,South Kevin,Medium,820,Cleaning & Sanitary Services,5207385,2020-05-28,Supply and delivery of cleaning & sanitary services items,Ministry of Its
C-1382,1382,78,313374602.6897669,2020-08-02,47,48.01,Poor,Completed,-1108,Gray Soldier Enterprise,P993271900A,2023-08-15,Maryfort,Small,772,Construction & Civil Works,331841548,2020-08-02,Supply and delivery of construction & civil works items,Ministry of Body
C-1383,1383,408,1710976.2022879752,2024-02-10,51,1.68,Good,Completed,497,Wilson Sit Enterprise,P646346564A,2022-10-01,Port Michellebury,Medium,440,Medical Supplies & Pharmaceuticals,1770357,2024-02-10,Supply and delivery of medical supplies & pharmaceuticals items,Ministry of Have
C-1384,1384,123,6344137.989705405,2021-04-25,7,0.0,Good,Completed,-29,Reed Old Group,P919128302I,2021-05-24,Gibsonmouth,Medium,546,Motor Vehicles & Spare Parts,6493404,2021-04-25,Supply and delivery of motor vehicles & spare parts items,Ministry of Federal
C-1385,1385,376,3870234.952484418,2021-07-05,15,0.0,Good,Completed,-1590,Shelton Beyond Agencies,P245587477W,2025-11-11,Sellersview,Small,705,Office Stationery & Supplies,4255479,2021-07-05,Supply and delivery of office stationery & supplies items,Ministry of Along
C-1386,1386,115,8939535.431479074,2020-02-21,31,8.64,Poor,Completed,-1650,Bryan Ability Limited,P806157458I,2024-08-28,Gutierrezborough,Small,419,Medical Supplies & Pharmaceuticals,8786594,2020-02-21,Supply and delivery of medical supplies & pharmaceuticals items,Ministry of Best
C-1387,1387,353,8700891.382114882,2020-05-04,2,5.75,Poor,Completed,-940,Hernandez Ago Ventures,P618371508G,2022-11-30,Robertland,Medium,555,Cleaning & Sanitary Services,9342213,2020-05-04,Supply and delivery of cleaning & sanitary services items,Ministry of Phone
C-1388,1388,283,1336611.7610754683,2023-12-09,30,12.56,Poor,Completed,2855,Valdez Room Ventures,P353727962D,2016-02-14,South Kurtfurt,Small,464,Cleaning & Sanitary Services,1415823,2023-12-09,Supply and delivery of cleaning & sanitary services items,Ministry of Thing
C-1389,1389,293,926259.6921763843,2021-04-20,33,0.0,Good,Completed,1818,Ortiz Specific Limited,P245415636X,2016-04-28,Brooksfurt,Small,314,Consultancy Services,870692,2021-04-20,Supply and delivery of consultancy services items,Ministry of Place
C-1390,1390,113,286582390.2350748,2023-10-30,18,2.66,Good,Completed,1684,Garcia College Ventures,P454123990A,2019-03-21,Robertsfurt,Medium,649,Construction & Civil Works,265475593,2023-10-30,Supply and delivery of construction & civil works items,Ministry of Section
C-1391,1391,2,730852.0485790068,2025-09-29,49,6.52,Good,Completed,851,Gardner Performance Group,P553035110C,2023-06-01,North Jefferyhaven,Small,421,Medical Supplies & Pharmaceuticals,773812,2025-09-29,Supply and delivery of medical supplies & pharmaceuticals items,Ministry of Before
C-1392,1392,82,31722342.370354015,2025-02-19,8,6.63,Poor,Completed,1121,Stuart Serious Ventures,P222978730X,2022-01-25,West Daniel,Small,691,ICT Equipment & Software,29235942,2025-02-19,Supply and delivery of ict equipment & software items,Ministry of Case
C-1393,1393,322,7586992.16922186,2022-04-03,19,9.19,Good,Completed,1993,Chung Machine Limited,P706666479P,2016-10-18,West Gabriella,Small,646,Office Stationery & Supplies,7082252,2022-04-03,Supply and delivery of office stationery & supplies items,Ministry of South
C-1394,1394,74,6210782.424300249,2025-05-25,12,2.91,Good,Completed,1463,Navarro Such Ltd,P747737533O,2021-05-23,Robinsonchester,Small,507,Motor Vehicles & Spare Parts,6716659,2025-05-25,Supply and delivery of motor vehicles & spare parts items,Ministry of Others
C-1395,1395,387,4476366.327328912,2024-10-25,30,0.0,Fair,Completed,1650,Davis Beyond Enterprise,P101166414N,2020-04-19,Millershire,Small,316,Office Stationery & Supplies,4639170,2024-10-25,Supply and delivery of office stationery & supplies items,Ministry of Crime
C-1396,1396,419,603057.8120057546,2025-05-17,31,5.79,Good,Completed,1300,Wagner Public Enterprise,P980428452Z,2021-10-25,New Ashleychester,Large,360,Medical Supplies & Pharmaceuticals,636644,2025-05-17,Supply and delivery of medical supplies & pharmaceuticals items,Ministry of Safe
C-1397,1397,420,264725530.35961047,2021-02-07,37,38.96,Poor,Completed,-558,Anderson Film Group,P380236885U,2022-08-19,Haynesmouth,Small,739,Construction & Civil Works,261868547,2021-02-07,Supply and delivery of construction & civil works items,Ministry of Financial
C-1398,1398,66,7935162.003365875,2022-10-20,0,4.54,Good,Completed,784,Grant Whose Ventures,P230307805D,2020-08-27,Port Steven,Medium,788,Medical Supplies & Pharmaceuticals,8261562,2022-10-20,Supply and delivery of medical supplies & pharmaceuticals items,Ministry of Would
C-1399,1399,278,18298027.2607626,2020-06-14,5,11.03,Good,Completed,-292,Small Center Ventures,P641394238D,2021-04-02,Jamesville,Large,633,ICT Equipment & Software,18984758,2020-06-14,Supply and delivery of ict equipment & software items,Ministry of Long
C-1400,1400,445,463265722.02338433,2025-07-14,13,4.56,Good,Completed,1339,Rogers Future Ventures,P246513857K,2021-11-13,Connerfort,Medium,662,Construction & Civil Works,464071764,2025-07-14,Supply and delivery of construction & civil works items,Ministry of Factor
C-1401,1401,460,8770189.199543014,2024-08-12,57,6.8,Good,Completed,2388,Little Beat Limited,P608492614H,2018-01-28,Kristenfort,Large,491,Consultancy Services,9663454,2024-08-12,Supply and delivery of consultancy services items,Ministry of Role
C-1402,1402,348,2204199.8636342394,2025-06-02,52,5.4,Good,Completed,1797,Harper Pass Limited,P530361198I,2020-07-01,Stephensstad,Small,450,ICT Equipment & Software,2349395,2025-06-02,Supply and delivery of ict equipment & software items,Ministry of Speech
C-1403,1403,293,374541893.26444733,2024-08-14,15,1.04,Good,Completed,3030,Ortiz Specific Limited,P245415636X,2016-04-28,Brooksfurt,Small,314,Construction & Civil Works,340509228,2024-08-14,Supply and delivery of construction & civil works items,Ministry of Even
C-1404,1404,389,5653871.127272566,2020-12-20,9,1.0,Good,Completed,-723,Woods Drop Ventures,P511318205F,2022-12-13,North Lawrenceport,Small,515,Motor Vehicles & Spare Parts,5324237,2020-12-20,Supply and delivery of motor vehicles & spare parts items,Ministry of Back
C-1405,1405,152,5282387.625803778,2021-08-30,41,2.45,Good,Completed,77,Levine Her Group,P165015165Z,2021-06-14,Jamesville,Medium,476,Motor Vehicles & Spare Parts,5260324,2021-08-30,Supply and delivery of motor vehicles & spare parts items,Ministry of Assume
C-1406,1406,291,7951618.946505625,2022-04-18,75,6.14,Fair,Completed,607,Roman Several Enterprise,P123375849Z,2020-08-19,Lisaborough,Small,497,Medical Supplies & Pharmaceuticals,7521289,2022-04-18,Supply and delivery of medical supplies & pharmaceuticals items,Ministry of Go
C-1407,1407,91,15907644.821394388,2025-12-22,26,9.22,Fair,Completed,177,Miller Service Ltd,P536398872F,2025-06-28,Lake Thomas,Large,457,ICT Equipment & Software,16051270,2025-12-22,Supply and delivery of ict equipment & software items,Ministry of Evening
C-1408,1408,106,321056575.28992784,2025-09-24,169,30.94,Poor,Completed,176,French Process Agencies,P733281747Q,2025-04-01,South Danny,Medium,770,Construction & Civil Works,299673264,2025-09-24,Supply and delivery of construction & civil works items,Ministry of Evidence
C-1409,1409,457,5154745.770512126,2021-01-24,0,0.0,Good,Completed,352,Spencer Wish Limited,P883803621I,2020-02-07,Donnaport,Small,634,Consultancy Services,5317084,2021-01-24,Supply and delivery of consultancy services items,Ministry of Available
C-1410,1410,366,311305504.41045034,2022-12-13,3,3.1,Fair,Completed,1480,Lopez Thousand Ventures,P584258607N,2018-11-24,Port Michaeltown,Small,641,Construction & Civil Works,338464581,2022-12-13,Supply and delivery of construction & civil works items,Ministry of Without
C-1411,1411,488,3204093.469404565,2021-03-15,2,0.0,Good,Completed,807,Rodriguez Attack Group,P461081823R,2018-12-29,Michelleview,Small,694,Office Stationery & Supplies,3305228,2021-03-15,Supply and delivery of office stationery & supplies items,Ministry of Increase
C-1412,1412,23,5147059.476869172,2021-01-25,0,0.0,Good,Completed,-1610,Martin News Agencies,P751325257B,2025-06-23,New Karina,Small,595,Office Stationery & Supplies,5399238,2021-01-25,Supply and delivery of office stationery & supplies items,Ministry of Million
C-1413,1413,17,9224813.841252245,2020-08-25,45,0.0,Good,Completed,-790,Wilson Value Ventures,P676567501W,2022-10-24,Kaylamouth,Small,334,Cleaning & Sanitary Services,8982600,2020-08-25,Supply and delivery of cleaning & sanitary services items,Ministry of Now
C-1414,1414,235,6023472.831965686,2024-08-11,64,4.35,Fair,Completed,3046,Spencer Home Limited,P601873197Z,2016-04-09,New Nicole,Medium,420,Cleaning & Sanitary Services,6614948,2024-08-11,Supply and delivery of cleaning & sanitary services items,Ministry of Discover
C-1415,1415,174,42602571.69412683,2023-09-07,1,1.07,Good,Completed,625,Ware Clearly Agencies,P269017588W,2021-12-21,Lake Christophermouth,Small,519,ICT Equipment & Software,40771958,2023-09-07,Supply and delivery of ict equipment & software items,Ministry of Born
C-1416,1416,50,445919043.5449146,2025-06-22,0,6.31,Poor,Completed,767,Cook Word Group,P542073642Z,2023-05-17,West Erik,Medium,533,Construction & Civil Works,412083083,2025-06-22,Supply and delivery of construction & civil works items,Ministry of Senior
C-1417,1417,339,3820251.5914089447,2021-07-21,8,0.68,Fair,Completed,1518,Turner Mind Ltd,P256696327E,2017-05-25,South Joshua,Small,775,Motor Vehicles & Spare Parts,3991151,2021-07-21,Supply and delivery of motor vehicles & spare parts items,Ministry of Already
C-1418,1418,493,2150287.838396123,2020-06-08,0,5.48,Poor,Completed,-1250,Knox Remain Ltd,P484933362G,2023-11-10,Meganside,Small,513,Office Stationery & Supplies,2048061,2020-06-08,Supply and delivery of office stationery & supplies items,Ministry of Owner
C-1419,1419,14,59135775.61435882,2024-05-13,5,5.27,Fair,Completed,2093,Richards Water Ltd,P726563708Z,2018-08-20,Jeffreyberg,Large,541,Construction & Civil Works,61912766,2024-05-13,Supply and delivery of construction & civil works items,Ministry of Standard
C-1420,1420,340,947550.4793896537,2022-09-03,63,1.34,Poor,Completed,1340,Patton Herself Limited,P370260533P,2019-01-02,Wheelerborough,Medium,307,Cleaning & Sanitary Services,998332,2022-09-03,Supply and delivery of cleaning & sanitary services items,Ministry of Watch
C-1421,1421,229,8074980.930195641,2022-12-26,65,0.0,Good,Completed,927,Jones Certain Limited,P668503222X,2020-06-12,Edwardsview,Medium,350,Motor Vehicles & Spare Parts,7703876,2022-12-26,Supply and delivery of motor vehicles & spare parts items,Ministry of Read
C-1422,1422,227,8948518.58114946,2023-11-03,1,10.17,Good,Completed,641,Harrington Already Ventures,P235538456E,2022-01-31,Port Deanna,Small,580,Motor Vehicles & Spare Parts,8651795,2023-11-03,Supply and delivery of motor vehicles & spare parts items,Ministry of Worker
C-1423,1423,208,5110587.350678912,2020-03-23,39,0.0,Fair,Completed,171,Johnson Word Ltd,P206389694T,2019-10-04,Laceyberg,Medium,333,Motor Vehicles & Spare Parts,4803855,2020-03-23,Supply and delivery of motor vehicles & spare parts items,Ministry of In
C-1424,1424,79,5143129.37125789,2021-08-06,2,5.06,Good,Completed,1971,Ryan Hard Enterprise,P340756713P,2016-03-14,Port Susanton,Large,637,Motor Vehicles & Spare Parts,5348400,2021-08-06,Supply and delivery of motor vehicles & spare parts items,Ministry of Scene
C-1425,1425,309,9159281.58615404,2021-12-23,0,6.11,Fair,Completed,1407,Lee Site Ltd,P225967304V,2018-02-15,Rochaborough,Small,759,Motor Vehicles & Spare Parts,8656135,2021-12-23,Supply and delivery of motor vehicles & spare parts items,Ministry of Include
C-1426,1426,447,2925138.193882586,2023-06-13,0,9.21,Good,Completed,-258,Gray Similar Ventures,P839269574S,2024-02-26,East Jessica,Medium,721,Consultancy Services,2844804,2023-06-13,Supply and delivery of consultancy services items,Ministry of Myself
C-1427,1427,90,1735891.9336891172,2024-03-30,6,2.89,Good,Completed,1712,Green Far Enterprise,P740116562S,2019-07-23,Angelahaven,Medium,811,Cleaning & Sanitary Services,1687819,2024-03-30,Supply and delivery of cleaning & sanitary services items,Ministry of Spend
C-1428,1428,470,21084361.44712654,2022-12-11,17,6.3,Good,Completed,1342,Hill Low Ventures,P113275526Y,2019-04-09,Rodriguezberg,Small,696,ICT Equipment & Software,22459317,2022-12-11,Supply and delivery of ict equipment & software items,Ministry of Least
C-1429,1429,51,6583000.676102732,2022-06-03,4,0.0,Good,Completed,-219,Reyes American Ventures,P605399561O,2023-01-08,Port Samantha,Small,673,Cleaning & Sanitary Services,6641600,2022-06-03,Supply and delivery of cleaning & sanitary services items,Ministry of Should
C-1430,1430,199,643661.886176984,2024-09-07,2,8.98,Good,Completed,2603,Phillips Story Ltd,P208599066G,2017-07-23,Lake Matthewberg,Small,581,Cleaning & Sanitary Services,694557,2024-09-07,Supply and delivery of cleaning & sanitary services items,Ministry of Stock
C-1431,1431,498,7928777.699314505,2020-06-02,24,11.68,Good,Completed,522,Brown Too Ltd,P261897130I,2018-12-28,West Robert,Medium,415,Office Stationery & Supplies,8454207,2020-06-02,Supply and delivery of office stationery & supplies items,Ministry of Draw
C-1432,1432,449,26874148.366194893,2020-01-08,6,7.11,Good,Completed,-871,Garcia Model Limited,P251014666V,2022-05-28,East Michaelmouth,Small,662,ICT Equipment & Software,29115154,2020-01-08,Supply and delivery of ict equipment & software items,Ministry of Risk
C-1433,1433,434,1884371.0092325325,2024-11-27,14,6.44,Good,Completed,1330,Mccoy Suffer Ltd,P683746914Y,2021-04-07,South Kimberlystad,Small,840,Cleaning & Sanitary Services,1825049,2024-11-27,Supply and delivery of cleaning & sanitary services items,Ministry of Meet
C-1434,1434,294,44314251.97963088,2020-09-22,0,0.0,Good,Completed,85,Stark Huge Group,P503346325F,2020-06-29,Lake Michelle,Small,777,ICT Equipment & Software,41900302,2020-09-22,Supply and delivery of ict equipment & software items,Ministry of North
C-1435,1435,44,634845.0030032829,2025-08-10,59,3.4,Poor,Completed,995,Farrell Mouth Agencies,P624557080Q,2022-11-19,North Cynthiaview,Medium,327,Medical Supplies & Pharmaceuticals,583442,2025-08-10,Supply and delivery of medical supplies & pharmaceuticals items,Ministry of Her
C-1436,1436,214,5291787.49425184,2021-12-31,63,9.99,Fair,Completed,-1294,Stephens Stop Group,P645055605J,2025-07-17,South Morganton,Medium,374,Medical Supplies & Pharmaceuticals,5372225,2021-12-31,Supply and delivery of medical supplies & pharmaceuticals items,Ministry of Floor
C-1437,1437,209,401329218.57346296,2022-05-27,57,14.7,Fair,Completed,2196,Lowery Marriage Ventures,P847401602I,2016-05-22,Westtown,Small,453,Construction & Civil Works,378208297,2022-05-27,Supply and delivery of construction & civil works items,Ministry of Project
C-1438,1438,214,7198409.837169875,2025-12-24,39,3.49,Good,Completed,160,Stephens Stop Group,P645055605J,2025-07-17,South Morganton,Medium,374,Medical Supplies & Pharmaceuticals,6722766,2025-12-24,Supply and delivery of medical supplies & pharmaceuticals items,Ministry of Radio
C-1439,1439,199,8849393.08685712,2020-07-17,20,9.07,Good,Completed,1090,Phillips Story Ltd,P208599066G,2017-07-23,Lake Matthewberg,Small,581,Cleaning & Sanitary Services,8586014,2020-07-17,Supply and delivery of cleaning & sanitary services items,Ministry of Nor
C-1440,1440,393,3233186.374877968,2025-02-12,0,9.06,Fair,Completed,661,Bell Laugh Enterprise,P437695739Y,2023-04-23,East Joshua,Large,837,Office Stationery & Supplies,3552814,2025-02-12,Supply and delivery of office stationery & supplies items,Ministry of Grow
C-1441,1441,458,7117455.236440383,2020-06-25,10,6.64,Good,Completed,767,Williams Owner Agencies,P690195758F,2018-05-20,North Michael,Medium,577,Cleaning & Sanitary Services,6970679,2020-06-25,Supply and delivery of cleaning & sanitary services items,Ministry of Machine
C-1442,1442,431,9107263.9050191,2024-07-24,53,8.15,Good,Completed,629,Thompson Difficult Enterprise,P300951978R,2022-11-03,Seanberg,Small,419,Office Stationery & Supplies,9510044,2024-07-24,Supply and delivery of office stationery & supplies items,Ministry of Figure
C-1443,1443,198,182317202.02513143,2023-11-20,51,4.44,Good,Completed,1556,Cox Couple Ltd,P329987621V,2019-08-17,Leeberg,Medium,445,Construction & Civil Works,180127726,2023-11-20,Supply and delivery of construction & civil works items,Ministry of Control
C-1444,1444,423,218232995.00276753,2023-04-29,14,7.32,Good,Completed,1704,Wilson Coach Group,P967150570R,2018-08-29,Margaretton,Medium,665,Construction & Civil Works,236689149,2023-04-29,Supply and delivery of construction & civil works items,Ministry of If
C-1445,1445,289,169224094.32631987,2023-12-18,11,0.0,Good,Completed,1005,Wilson Describe Ltd,P869784803L,2021-03-18,Davishaven,Small,524,Construction & Civil Works,180685650,2023-12-18,Supply and delivery of construction & civil works items,Ministry of Firm
C-1446,1446,474,4877153.158047241,2024-03-04,17,7.55,Good,Completed,460,Williams May Enterprise,P388390253X,2022-11-30,West Lisaport,Medium,681,Office Stationery & Supplies,4898793,2024-03-04,Supply and delivery of office stationery & supplies items,Ministry of War
C-1447,1447,183,2291075.5784236803,2020-08-21,7,0.0,Fair,Completed,-1489,Reese Do Ventures,P457629711X,2024-09-18,North William,Small,831,Motor Vehicles & Spare Parts,2428476,2020-08-21,Supply and delivery of motor vehicles & spare parts items,Ministry of Risk
C-1448,1448,15,24541756.05272887,2022-02-26,7,0.0,Good,Completed,384,Davis Anyone Limited,P217734861J,2021-02-07,Port Erin,Small,639,ICT Equipment & Software,25016082,2022-02-26,Supply and delivery of ict equipment & software items,Ministry of Become
C-1449,1449,472,5163275.705006189,2025-04-23,61,1.84,Good,Completed,182,Humphrey Everything Enterprise,P511289794P,2024-10-23,Armstrongfort,Small,429,Consultancy Services,5213728,2025-04-23,Supply and delivery of consultancy services items,Ministry of Left
C-1450,1450,241,26769568.363277715,2024-05-30,8,8.18,Good,Completed,2067,Weber Possible Agencies,P672817675F,2018-10-02,New Shelly,Small,664,ICT Equipment & Software,28488060,2024-05-30,Supply and delivery of ict equipment & software items,Ministry of Challenge
C-1451,1451,140,9344718.829901865,2020-03-19,56,3.5,Good,Completed,-1224,Saunders Responsibility Limited,P246865585O,2023-07-26,Lake Debbieport,Small,334,Motor Vehicles & Spare Parts,9176940,2020-03-19,Supply and delivery of motor vehicles & spare parts items,Ministry of Ago
C-1452,1452,478,230857681.87932485,2024-04-25,84,37.65,Poor,Completed,35,Robertson Cold Limited,P170455681T,2024-03-21,Taylorhaven,Small,823,Construction & Civil Works,254654588,2024-04-25,Supply and delivery of construction & civil works items,Ministry of Personal
C-1453,1453,367,6837875.713193585,2021-06-06,0,6.56,Good,Completed,210,Lee If Group,P702994164G,2020-11-08,Ortizfort,Small,586,Consultancy Services,6952902,2021-06-06,Supply and delivery of consultancy services items,Ministry of Improve
C-1454,1454,243,15114118.910001803,2020-05-18,7,3.48,Poor,Completed,1430,May Part Enterprise,P384172112P,2016-06-18,Port Ashley,Medium,662,ICT Equipment & Software,13930854,2020-05-18,Supply and delivery of ict equipment & software items,Ministry of Now
C-1455,1455,209,5175778.444407585,2023-11-10,29,5.4,Good,Completed,2728,Lowery Marriage Ventures,P847401602I,2016-05-22,Westtown,Small,453,Consultancy Services,5401572,2023-11-10,Supply and delivery of consultancy services items,Ministry of Money
C-1456,1456,383,22784562.372802876,2023-03-15,55,3.66,Good,Completed,2150,Phelps Story Group,P469087606R,2017-04-25,North Corymouth,Medium,341,ICT Equipment & Software,22188624,2023-03-15,Supply and delivery of ict equipment & software items,Ministry of They
C-1457,1457,9,5064542.423669188,2024-11-13,0,0.0,Good,Completed,788,Miles Result Enterprise,P795822698E,2022-09-17,New Jessica,Small,775,Office Stationery & Supplies,5216934,2024-11-13,Supply and delivery of office stationery & supplies items,Ministry of Admit
C-1458,1458,341,32566917.475546446,2020-03-22,0,0.62,Good,Completed,-133,Taylor According Ltd,P524871030V,2020-08-02,Brockmouth,Small,742,ICT Equipment & Software,34022480,2020-03-22,Supply and delivery of ict equipment & software items,Ministry of Arrive
C-1459,1459,140,5185245.179986469,2022-01-09,37,0.0,Poor,Completed,-563,Saunders Responsibility Limited,P246865585O,2023-07-26,Lake Debbieport,Small,334,Motor Vehicles & Spare Parts,5695956,2022-01-09,Supply and delivery of motor vehicles & spare parts items,Ministry of Set
C-1460,1460,463,88012762.63327834,2020-04-03,148,37.06,Poor,Completed,-510,Hernandez Same Limited,P816688804G,2021-08-26,Lake Mauriceside,Small,509,Construction & Civil Works,82842160,2020-04-03,Supply and delivery of construction & civil works items,Ministry of By
C-1461,1461,126,7536981.169053917,2021-04-08,28,7.83,Good,Completed,112,Johnson Morning Agencies,P733701411V,2020-12-17,Port Meganville,Small,346,Cleaning & Sanitary Services,8003402,2021-04-08,Supply and delivery of cleaning & sanitary services items,Ministry of Ready
C-1462,1462,68,204196647.5722511,2024-01-02,11,0.0,Good,Completed,1292,Moore Training Ltd,P609677794C,2020-06-19,Karenview,Medium,772,Construction & Civil Works,212216890,2024-01-02,Supply and delivery of construction & civil works items,Ministry of Low
C-1463,1463,33,8868883.986180605,2025-08-21,55,9.24,Good,Completed,359,Barrera Community Ventures,P506919288A,2024-08-27,Bakermouth,Medium,332,Consultancy Services,8127522,2025-08-21,Supply and delivery of consultancy services items,Ministry of Truth
C-1464,1464,312,4885507.964932805,2025-03-30,15,8.54,Good,Completed,591,Flores Democrat Limited,P498041381U,2023-08-17,Williamsbury,Medium,677,Motor Vehicles & Spare Parts,4960319,2025-03-30,Supply and delivery of motor vehicles & spare parts items,Ministry of Church
C-1465,1465,477,15762350.746504914,2024-06-11,10,7.7,Poor,Completed,2395,Lewis Than Enterprise,P537195843V,2017-11-20,Malonestad,Small,826,ICT Equipment & Software,14554779,2024-06-11,Supply and delivery of ict equipment & software items,Ministry of Early
C-1466,1466,493,426476570.57550293,2025-07-19,25,0.09,Good,Completed,617,Knox Remain Ltd,P484933362G,2023-11-10,Meganside,Small,513,Construction & Civil Works,461625973,2025-07-19,Supply and delivery of construction & civil works items,Ministry of Although
C-1467,1467,136,8275854.138155978,2024-05-30,0,0.98,Good,Completed,-18,Gonzalez If Ltd,P618840705G,2024-06-17,South Ashley,Small,726,Medical Supplies & Pharmaceuticals,8530664,2024-05-30,Supply and delivery of medical supplies & pharmaceuticals items,Ministry of Middle
C-1468,1468,314,396746908.64638203,2023-12-03,0,0.0,Good,Completed,1686,James These Agencies,P363850592F,2019-04-22,Jonathanfort,Large,706,Construction & Civil Works,391784348,2023-12-03,Supply and delivery of construction & civil works items,Ministry of Market
C-1469,1469,320,415745385.1577826,2025-06-10,2,10.78,Fair,Completed,3383,Li Represent Group,P562324458Z,2016-03-06,North Samantha,Medium,543,Construction & Civil Works,405832847,2025-06-10,Supply and delivery of construction & civil works items,Ministry of Present
C-1470,1470,372,469938031.09726965,2020-04-10,19,7.52,Good,Completed,1441,Baker Training Ventures,P976955647F,2016-04-30,Grimesville,Large,591,Construction & Civil Works,477852978,2020-04-10,Supply and delivery of construction & civil works items,Ministry of Science
C-1471,1471,122,6388862.872877135,2023-11-22,18,6.6,Good,Completed,1904,Smith She Group,P420571903L,2018-09-05,Grimesmouth,Medium,746,Medical Supplies & Pharmaceuticals,6959698,2023-11-22,Supply and delivery of medical supplies & pharmaceuticals items,Ministry of Address
C-1472,1472,263,1601996.7712683566,2021-01-12,47,10.88,Good,Completed,327,Harris More Ventures,P932120169N,2020-02-20,Salaston,Small,417,Cleaning & Sanitary Services,1506150,2021-01-12,Supply and delivery of cleaning & sanitary services items,Ministry of Apply
C-1473,1473,40,1323659.99247267,2025-06-05,0,12.1,Poor,Completed,-198,Jones Different Enterprise,P643189555Q,2025-12-20,West Nicole,Small,540,Cleaning & Sanitary Services,1329458,2025-06-05,Supply and delivery of cleaning & sanitary services items,Ministry of Tend
C-1474,1474,305,32754511.015988037,2024-10-04,7,3.27,Good,Completed,2098,Zimmerman Sure Ventures,P597169479D,2019-01-06,Faulknerside,Small,849,ICT Equipment & Software,32969420,2024-10-04,Supply and delivery of ict equipment & software items,Ministry of Loss
C-1475,1475,288,6164660.038443262,2023-09-01,31,7.66,Good,Completed,2388,Poole Weight Ltd,P642762599M,2017-02-16,East Mark,Medium,442,Motor Vehicles & Spare Parts,6396450,2023-09-01,Supply and delivery of motor vehicles & spare parts items,Ministry of Thing
C-1476,1476,265,6636870.731703127,2023-07-18,6,3.35,Fair,Completed,-742,Stevens No Limited,P467570835I,2025-07-29,Ericaview,Small,691,Office Stationery & Supplies,6460756,2023-07-18,Supply and delivery of office stationery & supplies items,Ministry of Television
C-1477,1477,94,5124983.424967347,2024-11-26,48,9.87,Poor,Completed,2041,Warner Experience Group,P429233929Q,2019-04-26,North Jennifer,Small,480,Cleaning & Sanitary Services,4855997,2024-11-26,Supply and delivery of cleaning & sanitary services items,Ministry of Build
C-1478,1478,118,257290498.94367576,2022-12-25,144,41.42,Poor,Completed,-45,Collins Address Ltd,P692975437A,2023-02-08,East Victoriaville,Medium,357,Construction & Civil Works,234942503,2022-12-25,Supply and delivery of construction & civil works items,Ministry of Successful
C-1479,1479,56,47148649.29632611,2023-09-10,16,0.93,Good,Completed,1876,Fletcher Ability Agencies,P658260221Z,2018-07-22,West Ryan,Small,524,ICT Equipment & Software,48384722,2023-09-10,Supply and delivery of ict equipment & software items,Ministry of At
C-1480,1480,373,20984268.797480736,2024-10-28,36,7.74,Good,Completed,387,Young Talk Enterprise,P892005907L,2023-10-07,Michellechester,Small,448,ICT Equipment & Software,19714047,2024-10-28,Supply and delivery of ict equipment & software items,Ministry of Last
C-1481,1481,241,8620754.949168514,2022-01-09,10,6.19,Good,Completed,1195,Weber Possible Agencies,P672817675F,2018-10-02,New Shelly,Small,664,Cleaning & Sanitary Services,8843662,2022-01-09,Supply and delivery of cleaning & sanitary services items,Ministry of Thing
C-1482,1482,307,408946710.01654977,2025-11-21,8,9.48,Good,Completed,1653,Calderon Approach Agencies,P388258432Y,2021-05-13,Port Charlesshire,Medium,517,Construction & Civil Works,404714595,2025-11-21,Supply and delivery of construction & civil works items,Ministry of Resource
C-1483,1483,15,756327.7118760643,2022-05-30,2,0.36,Good,Completed,477,Davis Anyone Limited,P217734861J,2021-02-07,Port Erin,Small,639,Motor Vehicles & Spare Parts,780667,2022-05-30,Supply and delivery of motor vehicles & spare parts items,Ministry of Camera
C-1484,1484,485,5732153.493822269,2025-11-08,0,0.0,Good,Completed,1401,Smith Entire Ltd,P753204271Z,2022-01-07,Jenniferview,Small,754,Medical Supplies & Pharmaceuticals,5419728,2025-11-08,Supply and delivery of medical supplies & pharmaceuticals items,Ministry of Parent
C-1485,1485,165,5982771.786031974,2023-04-11,63,12.66,Good,Completed,1287,Hernandez Wind Agencies,P609241268E,2019-10-02,Port Christopherchester,Small,467,Consultancy Services,5510897,2023-04-11,Supply and delivery of consultancy services items,Ministry of Fund
C-1486,1486,259,33135782.30291833,2025-01-06,9,0.0,Good,Completed,1122,Romero Mr Agencies,P671595541F,2021-12-11,Thomastown,Small,649,ICT Equipment & Software,30305100,2025-01-06,Supply and delivery of ict equipment & software items,Ministry of Student
C-1487,1487,363,4545459.642522781,2021-04-12,41,1.17,Good,Completed,-999,Sellers Performance Agencies,P191001735R,2024-01-06,West David,Large,341,Cleaning & Sanitary Services,4737203,2021-04-12,Supply and delivery of cleaning & sanitary services items,Ministry of Answer
C-1488,1488,143,2231323.1261916556,2023-07-23,10,7.72,Good,Completed,-582,Raymond Sure Limited,P416905717V,2025-02-24,Lindamouth,Medium,792,Consultancy Services,2099482,2023-07-23,Supply and delivery of consultancy services items,Ministry of Government
C-1489,1489,343,36482976.712854095,2020-05-18,9,2.67,Poor,Completed,-1864,Harris Former Group,P290736564Z,2025-06-25,Kellyfort,Small,563,ICT Equipment & Software,37703676,2020-05-18,Supply and delivery of ict equipment & software items,Ministry of Eye
C-1490,1490,51,5600025.860398862,2020-11-05,18,6.11,Good,Completed,-794,Reyes American Ventures,P605399561O,2023-01-08,Port Samantha,Small,673,Office Stationery & Supplies,5946866,2020-11-05,Supply and delivery of office stationery & supplies items,Ministry of Just
C-1491,1491,274,5967135.817953055,2021-01-03,73,5.89,Poor,Completed,82,Gonzalez Field Group,P444851196S,2020-10-13,Port Christophershire,Small,471,Office Stationery & Supplies,6282719,2021-01-03,Supply and delivery of office stationery & supplies items,Ministry of Hope
C-1492,1492,320,9016925.855498927,2023-04-27,0,9.48,Good,Completed,2608,Li Represent Group,P562324458Z,2016-03-06,North Samantha,Medium,543,Office Stationery & Supplies,9954523,2023-04-27,Supply and delivery of office stationery & supplies items,Ministry of Leg
C-1493,1493,186,1989624.0991060988,2021-06-17,0,4.07,Fair,Completed,1716,Bean Production Ltd,P630554118D,2016-10-05,Maldonadoshire,Medium,558,Medical Supplies & Pharmaceuticals,2159385,2021-06-17,Supply and delivery of medical supplies & pharmaceuticals items,Ministry of Party
C-1494,1494,412,7333548.82746563,2020-03-30,10,4.44,Good,Completed,1380,Morales Understand Ventures,P599391065S,2016-06-19,Markside,Large,565,Motor Vehicles & Spare Parts,7549194,2020-03-30,Supply and delivery of motor vehicles & spare parts items,Ministry of Black
C-1495,1495,159,1453103.9092661133,2024-09-29,52,0.82,Fair,Completed,535,Kerr Reason Ventures,P659903980T,2023-04-13,Schneidertown,Large,443,Office Stationery & Supplies,1475645,2024-09-29,Supply and delivery of office stationery & supplies items,Ministry of Project
C-1496,1496,378,6154668.778872061,2023-09-03,5,5.99,Good,Completed,1895,Bridges Increase Ventures,P625552311J,2018-06-26,Courtneyfurt,Small,543,Office Stationery & Supplies,6662877,2023-09-03,Supply and delivery of office stationery & supplies items,Ministry of Star
C-1497,1497,370,29537301.692388307,2020-12-11,2,3.52,Good,Completed,-205,Wilson Build Limited,P387643522X,2021-07-04,Amberton,Large,775,Construction & Civil Works,27821211,2020-12-11,Supply and delivery of construction & civil works items,Ministry of Until
C-1498,1498,492,6437119.297355647,2022-12-02,42,6.08,Good,Completed,395,Cooley Team Ltd,P303919854V,2021-11-02,Lake Amanda,Medium,401,Motor Vehicles & Spare Parts,7064705,2022-12-02,Supply and delivery of motor vehicles & spare parts items,Ministry of According
C-1499,1499,441,9920007.69112454,2020-01-16,9,2.76,Poor,Completed,954,Vaughan Think Group,P970161616F,2017-06-06,Gregoryton,Small,648,Consultancy Services,9188503,2020-01-16,Supply and delivery of consultancy services items,Ministry of With
C-1500,1500,31,8148733.120720643,2020-07-14,4,3.37,Good,Completed,-1541,Jones System Enterprise,P690907304G,2024-10-02,Lake Yvettetown,Medium,678,Motor Vehicles & Spare Parts,7756495,2020-07-14,Supply and delivery of motor vehicles & spare parts items,Ministry of Reach
C-1501,1501,249,332308416.2020102,2023-07-24,140,23.88,Poor,Terminated,-695,Lin Kid Ltd,P366578178K,2025-06-18,Sarahmouth,Small,324,Construction & Civil Works,352957155,2023-07-24,Supply and delivery of construction & civil works items,Ministry of Federal
C-1502,1502,157,352022872.1138194,2022-06-30,108,47.82,Poor,Terminated,218,Smith Evidence Group,P156263020I,2021-11-24,Foxland,Small,695,Construction & Civil Works,364547129,2022-06-30,Supply and delivery of construction & civil works items,Ministry of Surface
C-1503,1503,89,3866475.5744708865,2024-10-01,9,0.0,Fair,Completed,1112,Barnett Great Group,P130816384F,2021-09-15,Hunterborough,Small,815,ICT Equipment & Software,3549316,2024-10-01,Supply and delivery of ict equipment & software items,Ministry of Maybe
C-1504,1504,125,8871534.074504038,2024-02-25,0,4.52,Fair,Completed,2815,Garner Season Group,P971243675Y,2016-06-11,Mcneilberg,Small,584,Consultancy Services,9638342,2024-02-25,Supply and delivery of consultancy services items,Ministry of Design
C-1505,1505,308,33575061.91189408,2020-11-09,15,5.63,Poor,Completed,-874,Hansen Measure Group,P324292944V,2023-04-02,Susantown,Small,509,ICT Equipment & Software,37015315,2020-11-09,Supply and delivery of ict equipment & software items,Ministry of Experience
C-1506,1506,361,67232122.77692048,2023-02-20,4,0.0,Good,Completed,933,Baker Travel Enterprise,P625579419H,2020-08-01,Candicefurt,Small,741,Construction & Civil Works,67827874,2023-02-20,Supply and delivery of construction & civil works items,Ministry of Its
C-1507,1507,204,1029105.2669853005,2021-06-08,0,0.0,Fair,Completed,-1547,Montoya Suddenly Group,P749252434I,2025-09-02,Brettfort,Medium,757,Consultancy Services,1006450,2021-06-08,Supply and delivery of consultancy services items,Ministry of Contain
C-1508,1508,177,368263.57038521883,2023-08-30,37,1.09,Fair,Completed,2630,Foster Place Enterprise,P158821683A,2016-06-17,West Sierra,Small,489,Medical Supplies & Pharmaceuticals,382140,2023-08-30,Supply and delivery of medical supplies & pharmaceuticals items,Ministry of Always
C-1509,1509,256,8915070.214956375,2023-07-30,0,3.75,Fair,Completed,-139,Morgan Wrong Group,P492566853W,2023-12-16,East Carrie,Small,676,Office Stationery & Supplies,8313062,2023-07-30,Supply and delivery of office stationery & supplies items,Ministry of Series
C-1510,1510,93,677165.5202162318,2022-12-31,21,6.33,Good,Completed,1435,Perkins Material Enterprise,P694287057H,2019-01-26,Ronaldside,Medium,336,Medical Supplies & Pharmaceuticals,658981,2022-12-31,Supply and delivery of medical supplies & pharmaceuticals items,Ministry of Behavior
C-1511,1511,164,9417241.107628353,2023-10-06,0,7.72,Good,Completed,1998,Morgan Long Limited,P528133274A,2018-04-17,West Ronaldview,Medium,552,Consultancy Services,8597552,2023-10-06,Supply and delivery of consultancy services items,Ministry of Stay
C-1512,1512,190,7075196.71108442,2021-10-21,9,2.48,Good,Completed,-129,Hunter Maintain Limited,P723123952J,2022-02-27,South Reginashire,Small,839,Motor Vehicles & Spare Parts,7783647,2021-10-21,Supply and delivery of motor vehicles & spare parts items,Ministry of Kid
C-1513,1513,37,41486242.887383305,2020-01-11,0,12.34,Good,Completed,-998,Young Call Enterprise,P711684318P,2022-10-05,New Christophershire,Medium,517,ICT Equipment & Software,38445833,2020-01-11,Supply and delivery of ict equipment & software items,Ministry of Eat
C-1514,1514,178,1951468.2066476033,2021-02-24,0,0.0,Fair,Completed,-925,Duran Figure Ltd,P452318696H,2023-09-07,South Julieburgh,Small,668,Consultancy Services,2053341,2021-02-24,Supply and delivery of consultancy services items,Ministry of Next
C-1515,1515,297,46565755.89518973,2025-11-10,2,9.63,Good,Completed,2694,Reed Fact Ltd,P302379343U,2018-06-26,North Lisachester,Small,821,ICT Equipment & Software,43576427,2025-11-10,Supply and delivery of ict equipment & software items,Ministry of Present
C-1516,1516,462,38777598.41538477,2022-03-03,49,9.11,Fair,Completed,901,Griffin Everyone Limited,P572167680D,2019-09-14,Jeremyview,Small,321,ICT Equipment & Software,37957340,2022-03-03,Supply and delivery of ict equipment & software items,Ministry of Sort
C-1517,1517,402,7620277.481683906,2025-12-02,48,5.25,Good,Completed,2487,Kim Throughout Group,P356234948D,2019-02-10,North Sandy,Small,470,Consultancy Services,8003498,2025-12-02,Supply and delivery of consultancy services items,Ministry of Movement
C-1518,1518,231,5248207.51055058,2021-04-25,0,0.68,Good,Completed,982,Green Like Ventures,P330393232N,2018-08-17,Heatherfort,Small,833,Cleaning & Sanitary Services,5798618,2021-04-25,Supply and delivery of cleaning & sanitary services items,Ministry of Speech
C-1519,1519,119,430923258.91020995,2023-10-04,53,0.0,Poor,Completed,1145,Wilson There Limited,P265325235F,2020-08-15,Williamview,Small,395,Construction & Civil Works,433514540,2023-10-04,Supply and delivery of construction & civil works items,Ministry of Detail
C-1520,1520,97,9494543.701828005,2021-08-28,6,0.52,Good,Completed,981,Ward Five Enterprise,P115191689T,2018-12-21,West Brandon,Small,622,Office Stationery & Supplies,9285665,2021-08-28,Supply and delivery of office stationery & supplies items,Ministry of Daughter
C-1521,1521,469,6485872.04919722,2020-09-03,1,3.91,Good,Completed,536,Acosta Surface Limited,P171953537F,2019-03-17,Hawkinsside,Small,584,Cleaning & Sanitary Services,6336893,2020-09-03,Supply and delivery of cleaning & sanitary services items,Ministry of Church
C-1522,1522,372,7802257.729629235,2024-02-10,6,4.61,Good,Completed,2842,Baker Training Ventures,P976955647F,2016-04-30,Grimesville,Large,591,Medical Supplies & Pharmaceuticals,7350569,2024-02-10,Supply and delivery of medical supplies & pharmaceuticals items,Ministry of Which
C-1523,1523,399,1967505.6066417168,2022-11-05,2,1.21,Good,Completed,1540,Williams As Agencies,P947493681Z,2018-08-18,Courtneyhaven,Small,701,Medical Supplies & Pharmaceuticals,1905518,2022-11-05,Supply and delivery of medical supplies & pharmaceuticals items,Ministry of Control
C-1524,1524,341,368373924.5963143,2020-12-16,146,36.59,Poor,Completed,136,Taylor According Ltd,P524871030V,2020-08-02,Brockmouth,Small,742,Construction & Civil Works,368646681,2020-12-16,Supply and delivery of construction & civil works items,Ministry of Win
C-1525,1525,276,34739453.62892173,2020-04-04,0,0.0,Poor,Completed,-1859,Johnson Think Group,P526269674Y,2025-05-07,Lopezport,Small,849,ICT Equipment & Software,37653969,2020-04-04,Supply and delivery of ict equipment & software items,Ministry of Quite
C-1526,1526,201,6258165.358805504,2022-03-08,39,7.81,Good,Completed,755,Rhodes Economy Ltd,P576954730N,2020-02-12,Karenmouth,Small,398,Medical Supplies & Pharmaceuticals,6621689,2022-03-08,Supply and delivery of medical supplies & pharmaceuticals items,Ministry of Determine
C-1527,1527,437,6786923.485384949,2022-08-10,20,5.26,Good,Completed,476,Wang Early Ltd,P271395839G,2021-04-21,Lake John,Small,525,Motor Vehicles & Spare Parts,6398941,2022-08-10,Supply and delivery of motor vehicles & spare parts items,Ministry of Good
C-1528,1528,32,106148679.77636921,2023-09-13,216,38.64,Poor,Terminated,-730,House Time Group,P353810544K,2025-09-12,Tuckerborough,Large,340,Construction & Civil Works,99257535,2023-09-13,Supply and delivery of construction & civil works items,Ministry of Voice
C-1529,1529,221,4415008.255818094,2024-07-19,0,2.03,Fair,Completed,-43,Rivera Capital Ltd,P958287383X,2024-08-31,Prestonmouth,Small,807,Cleaning & Sanitary Services,4191685,2024-07-19,Supply and delivery of cleaning & sanitary services items,Ministry of Animal
C-1530,1530,451,63608696.313368924,2020-08-16,0,0.0,Good,Completed,921,Steele Hard Ventures,P375584366Y,2018-02-07,Lake Aaronfurt,Small,823,Construction & Civil Works,65395758,2020-08-16,Supply and delivery of construction & civil works items,Ministry of Area
C-1531,1531,56,7208893.526129787,2025-07-19,0,0.0,Good,Completed,2554,Fletcher Ability Agencies,P658260221Z,2018-07-22,West Ryan,Small,524,Office Stationery & Supplies,6836549,2025-07-19,Supply and delivery of office stationery & supplies items,Ministry of Control
C-1532,1532,315,1426017.9369590494,2020-12-12,18,0.46,Good,Completed,-1726,May Military Ltd,P594811370K,2025-09-03,Garyside,Small,704,Office Stationery & Supplies,1358624,2020-12-12,Supply and delivery of office stationery & supplies items,Ministry of Air
C-1533,1533,58,6876232.297485501,2022-11-28,5,8.19,Good,Completed,1391,Ortiz Interesting Group,P848621833S,2019-02-06,East Robert,Small,715,Cleaning & Sanitary Services,7396991,2022-11-28,Supply and delivery of cleaning & sanitary services items,Ministry of Business
C-1534,1534,249,9347937.016578067,2020-06-04,58,12.53,Good,Completed,-1840,Lin Kid Ltd,P366578178K,2025-06-18,Sarahmouth,Small,324,Medical Supplies & Pharmaceuticals,9451060,2020-06-04,Supply and delivery of medical supplies & pharmaceuticals items,Ministry of Easy
C-1535,1535,239,7608841.759848556,2024-04-29,10,9.24,Poor,Completed,1458,Bartlett Around Ltd,P992699085H,2020-05-02,West Fred,Small,602,ICT Equipment & Software,7171203,2024-04-29,Supply and delivery of ict equipment & software items,Ministry of Person
C-1536,1536,21,2610936.9269740162,2023-06-24,0,0.0,Poor,Completed,-665,Koch Theory Limited,P966267851T,2025-04-19,North John,Small,501,Motor Vehicles & Spare Parts,2850025,2023-06-24,Supply and delivery of motor vehicles & spare parts items,Ministry of Kind
C-1537,1537,366,6109130.850660584,2021-03-11,0,0.0,Good,Completed,838,Lopez Thousand Ventures,P584258607N,2018-11-24,Port Michaeltown,Small,641,Motor Vehicles & Spare Parts,5835630,2021-03-11,Supply and delivery of motor vehicles & spare parts items,Ministry of Research
C-1538,1538,127,2405961.680843321,2025-05-22,22,3.34,Fair,Completed,1505,Bryant Seven Ltd,P254785699A,2021-04-08,North Terrance,Small,752,Medical Supplies & Pharmaceuticals,2614399,2025-05-22,Supply and delivery of medical supplies & pharmaceuticals items,Ministry of Drug
C-1539,1539,339,1046323.6347189267,2024-09-02,0,13.33,Good,Completed,2657,Turner Mind Ltd,P256696327E,2017-05-25,South Joshua,Small,775,Motor Vehicles & Spare Parts,1055205,2024-09-02,Supply and delivery of motor vehicles & spare parts items,Ministry of Gas
C-1540,1540,236,1154144.063326256,2021-05-14,5,5.48,Good,Completed,1717,Sanders Series Agencies,P871880418E,2016-08-31,Hammondshire,Small,649,Medical Supplies & Pharmaceuticals,1066649,2021-05-14,Supply and delivery of medical supplies & pharmaceuticals items,Ministry of Economic
C-1541,1541,13,7064638.495833773,2024-06-04,0,9.23,Fair,Completed,-157,Day Character Ltd,P384412919I,2024-11-08,Lake Anna,Small,687,Consultancy Services,7593971,2024-06-04,Supply and delivery of consultancy services items,Ministry of True
C-1542,1542,182,8637006.880472006,2021-03-14,0,0.51,Good,Completed,1575,Richard Either Agencies,P567804106L,2016-11-20,Warrenfurt,Large,528,Medical Supplies & Pharmaceuticals,9422656,2021-03-14,Supply and delivery of medical supplies & pharmaceuticals items,Ministry of Vote
C-1543,1543,493,8070689.087264169,2021-04-28,10,1.43,Poor,Completed,-926,Knox Remain Ltd,P484933362G,2023-11-10,Meganside,Small,513,Medical Supplies & Pharmaceuticals,7676126,2021-04-28,Supply and delivery of medical supplies & pharmaceuticals items,Ministry of Market
C-1544,1544,115,4720228.743521809,2023-07-05,68,2.48,Good,Completed,-420,Bryan Ability Limited,P806157458I,2024-08-28,Gutierrezborough,Small,419,Cleaning & Sanitary Services,5161500,2023-07-05,Supply and delivery of cleaning & sanitary services items,Ministry of Arm
C-1545,1545,17,7027742.878562089,2025-05-05,40,9.83,Good,Completed,924,Wilson Value Ventures,P676567501W,2022-10-24,Kaylamouth,Small,334,Consultancy Services,7596287,2025-05-05,Supply and delivery of consultancy services items,Ministry of Check
C-1546,1546,263,600001.8949132825,2021-04-18,52,0.0,Good,Completed,423,Harris More Ventures,P932120169N,2020-02-20,Salaston,Small,417,Office Stationery & Supplies,564462,2021-04-18,Supply and delivery of office stationery & supplies items,Ministry of Poor
C-1547,1547,268,4763402.010245063,2022-09-23,20,6.91,Fair,Completed,-956,Pope Eye Ventures,P409011489H,2025-05-06,Huangfurt,Small,524,Consultancy Services,4968923,2022-09-23,Supply and delivery of consultancy services items,Ministry of Impact
C-1548,1548,346,7609982.04635341,2022-03-29,54,0.0,Fair,Completed,675,Carter Room Ventures,P174258554Y,2020-05-23,Chambersberg,Large,481,Cleaning & Sanitary Services,8030221,2022-03-29,Supply and delivery of cleaning & sanitary services items,Ministry of Lot
C-1549,1549,25,4349087.184395307,2024-04-26,0,6.64,Fair,Completed,1386,Wright Attack Group,P463016614B,2020-07-10,New Jeffrey,Small,516,Office Stationery & Supplies,4703623,2024-04-26,Supply and delivery of office stationery & supplies items,Ministry of Project
C-1550,1550,220,377676.7205127319,2022-02-24,54,2.32,Good,Completed,514,Johnson Radio Enterprise,P305195749S,2020-09-28,Michelleton,Medium,437,Motor Vehicles & Spare Parts,374535,2022-02-24,Supply and delivery of motor vehicles & spare parts items,Ministry of Expect
C-1551,1551,185,5600163.148914052,2021-03-19,4,6.76,Good,Completed,1038,Thomas Decade Ltd,P286293158M,2018-05-16,Port Katherine,Medium,714,Consultancy Services,5240709,2021-03-19,Supply and delivery of consultancy services items,Ministry of Care
C-1552,1552,149,4963984.708946875,2020-03-11,16,11.65,Good,Completed,-1713,Taylor Long Agencies,P498370582Q,2024-11-18,Matthewsberg,Small,668,ICT Equipment & Software,5316129,2020-03-11,Supply and delivery of ict equipment & software items,Ministry of Outside
C-1553,1553,382,953416.5780006669,2020-05-10,14,8.02,Good,Completed,-1948,Summers Miss Ltd,P388339233U,2025-09-09,Matthewshire,Small,516,Office Stationery & Supplies,1017472,2020-05-10,Supply and delivery of office stationery & supplies items,Ministry of Century
C-1554,1554,330,3528406.7866831347,2020-08-31,42,0.0,Good,Completed,-1186,Norris Bar Ltd,P637722224V,2023-11-30,Brianchester,Small,440,Cleaning & Sanitary Services,3749279,2020-08-31,Supply and delivery of cleaning & sanitary services items,Ministry of Make
C-1555,1555,436,5524979.126956583,2022-10-01,48,7.59,Fair,Completed,2367,Harper All Limited,P970471079X,2016-04-08,Brianfort,Medium,339,Cleaning & Sanitary Services,5116239,2022-10-01,Supply and delivery of cleaning & sanitary services items,Ministry of Congress
C-1556,1556,468,3559402.271460649,2024-07-23,7,0.0,Good,Completed,2837,Vega Defense Enterprise,P983221403O,2016-10-16,Port Brooke,Small,837,Office Stationery & Supplies,3321131,2024-07-23,Supply and delivery of office stationery & supplies items,Ministry of Discussion
C-1557,1557,363,9724914.262373896,2025-04-26,43,0.0,Fair,Completed,476,Sellers Performance Agencies,P191001735R,2024-01-06,West David,Large,341,Office Stationery & Supplies,9077182,2025-04-26,Supply and delivery of office stationery & supplies items,Ministry of Pm
C-1558,1558,219,8590070.878032403,2020-12-09,43,0.0,Good,Completed,1641,Gonzalez Analysis Ventures,P438868427T,2016-06-12,Haysside,Small,405,Office Stationery & Supplies,8593535,2020-12-09,Supply and delivery of office stationery & supplies items,Ministry of Study
C-1559,1559,89,8407538.357503269,2023-10-29,5,5.88,Fair,Completed,774,Barnett Great Group,P130816384F,2021-09-15,Hunterborough,Small,815,Consultancy Services,7883874,2023-10-29,Supply and delivery of consultancy services items,Ministry of Population
C-1560,1560,386,4236995.365209992,2025-06-07,18,4.88,Good,Completed,1015,Banks Area Enterprise,P525568516O,2022-08-27,Jessicabury,Small,823,Consultancy Services,4317690,2025-06-07,Supply and delivery of consultancy services items,Ministry of Participant
C-1561,1561,466,3529712.6538524693,2025-10-26,52,0.07,Good,Completed,2141,Nash Already Ventures,P639127345K,2019-12-16,North Stacy,Medium,306,Office Stationery & Supplies,3749886,2025-10-26,Supply and delivery of office stationery & supplies items,Ministry of Top
C-1562,1562,1,4471057.108089553,2021-05-18,63,7.23,Good,Completed,-374,Johnson Face Ventures,P362950628O,2022-05-27,Lake Curtis,Large,406,Motor Vehicles & Spare Parts,4546460,2021-05-18,Supply and delivery of motor vehicles & spare parts items,Ministry of Its
C-1563,1563,156,5587483.845035546,2025-02-20,12,6.81,Good,Completed,-272,Fernandez Success Ventures,P287364857H,2025-11-19,East Alexisbury,Small,666,Consultancy Services,5144080,2025-02-20,Supply and delivery of consultancy services items,Ministry of Middle
C-1564,1564,338,4809704.982768912,2025-03-04,5,0.0,Good,Completed,1931,Miller Wear Enterprise,P700797791P,2019-11-20,Lake Oscar,Medium,679,Office Stationery & Supplies,4763754,2025-03-04,Supply and delivery of office stationery & supplies items,Ministry of Direction
C-1565,1565,8,6230691.113221903,2023-07-20,17,6.74,Good,Completed,-411,James Long Limited,P782560971X,2024-09-03,West Michael,Small,774,Office Stationery & Supplies,6640180,2023-07-20,Supply and delivery of office stationery & supplies items,Ministry of Third
C-1566,1566,304,8222597.093384828,2022-10-10,23,2.96,Good,Completed,-72,Russell First Limited,P504221050L,2022-12-21,Allenbury,Small,368,Office Stationery & Supplies,8603197,2022-10-10,Supply and delivery of office stationery & supplies items,Ministry of Address
C-1567,1567,103,10012057.599343207,2024-05-18,0,13.65,Good,Completed,831,Singh Yourself Enterprise,P918982730N,2022-02-07,West Donna,Small,707,Motor Vehicles & Spare Parts,9107611,2024-05-18,Supply and delivery of motor vehicles & spare parts items,Ministry of Simply
C-1568,1568,167,7299337.567376285,2025-03-26,2,7.15,Good,Completed,2165,Martinez Health Group,P814403943W,2019-04-22,Parrishton,Small,721,Consultancy Services,6754754,2025-03-26,Supply and delivery of consultancy services items,Ministry of End
C-1569,1569,307,7273873.988258737,2021-12-18,0,0.97,Fair,Completed,219,Calderon Approach Agencies,P388258432Y,2021-05-13,Port Charlesshire,Medium,517,Cleaning & Sanitary Services,6648894,2021-12-18,Supply and delivery of cleaning & sanitary services items,Ministry of Particularly
C-1570,1570,115,2440538.8550826767,2021-05-02,34,5.24,Good,Completed,-1214,Bryan Ability Limited,P806157458I,2024-08-28,Gutierrezborough,Small,419,Cleaning & Sanitary Services,2607743,2021-05-02,Supply and delivery of cleaning & sanitary services items,Ministry of Within
C-1571,1571,387,4830943.165958801,2023-07-20,47,7.4,Good,Completed,1187,Davis Beyond Enterprise,P101166414N,2020-04-19,Millershire,Small,316,Medical Supplies & Pharmaceuticals,5177198,2023-07-20,Supply and delivery of medical supplies & pharmaceuticals items,Ministry of Church
C-1572,1572,320,6406152.962801529,2025-06-25,0,2.21,Good,Completed,3398,Li Represent Group,P562324458Z,2016-03-06,North Samantha,Medium,543,Office Stationery & Supplies,6284377,2025-06-25,Supply and delivery of office stationery & supplies items,Ministry of Water
C-1573,1573,14,3953600.4152587047,2020-01-12,5,4.09,Good,Completed,510,Richards Water Ltd,P726563708Z,2018-08-20,Jeffreyberg,Large,541,Office Stationery & Supplies,4024482,2020-01-12,Supply and delivery of office stationery & supplies items,Ministry of Another
C-1574,1574,127,5132791.8878830075,2020-03-28,9,0.0,Good,Completed,-376,Bryant Seven Ltd,P254785699A,2021-04-08,North Terrance,Small,752,Consultancy Services,5047796,2020-03-28,Supply and delivery of consultancy services items,Ministry of Many
C-1575,1575,480,4604645.773138213,2024-05-26,0,8.11,Good,Completed,-288,Bush Eye Enterprise,P495514868D,2025-03-10,Reidville,Large,729,Consultancy Services,4390697,2024-05-26,Supply and delivery of consultancy services items,Ministry of Mother
C-1576,1576,215,6988966.570110741,2020-03-14,0,13.85,Good,Completed,-791,Zavala Environment Enterprise,P902425085B,2022-05-14,Kristinastad,Large,605,Office Stationery & Supplies,6986940,2020-03-14,Supply and delivery of office stationery & supplies items,Ministry of Nice
C-1577,1577,98,4255170.844511112,2022-05-13,2,6.67,Good,Completed,2122,Carter Yet Agencies,P235591568O,2016-07-21,Garciatown,Small,587,Motor Vehicles & Spare Parts,3912010,2022-05-13,Supply and delivery of motor vehicles & spare parts items,Ministry of Take
C-1578,1578,429,17272388.508359455,2024-10-14,50,2.61,Fair,Completed,250,Davis Throw Enterprise,P990514408Z,2024-02-07,Davidmouth,Medium,361,ICT Equipment & Software,18848105,2024-10-14,Supply and delivery of ict equipment & software items,Ministry of Term
C-1579,1579,41,3262299.142114247,2020-08-02,25,6.51,Good,Completed,-1539,Wood Coach Ventures,P570497096I,2024-10-19,Cherylhaven,Small,784,Consultancy Services,3171640,2020-08-02,Supply and delivery of consultancy services items,Ministry of Mission
C-1580,1580,188,5809193.825761939,2021-06-10,9,5.95,Fair,Completed,369,Turner Face Agencies,P735032128D,2020-06-06,Williamport,Small,672,Medical Supplies & Pharmaceuticals,5353974,2021-06-10,Supply and delivery of medical supplies & pharmaceuticals items,Ministry of Open
C-1581,1581,350,1744150.6946574703,2024-07-07,38,0.3,Good,Completed,2500,Salazar Order Enterprise,P792596980R,2017-09-02,Rasmussenmouth,Small,381,Office Stationery & Supplies,1784449,2024-07-07,Supply and delivery of office stationery & supplies items,Ministry of Room
C-1582,1582,235,6331591.600010632,2024-05-22,69,0.0,Good,Completed,2965,Spencer Home Limited,P601873197Z,2016-04-09,New Nicole,Medium,420,Motor Vehicles & Spare Parts,5853371,2024-05-22,Supply and delivery of motor vehicles & spare parts items,Ministry of Discover
C-1583,1583,140,1116263.3157727572,2020-10-17,82,9.82,Good,Completed,-1012,Saunders Responsibility Limited,P246865585O,2023-07-26,Lake Debbieport,Small,334,Consultancy Services,1217374,2020-10-17,Supply and delivery of consultancy services items,Ministry of Find
C-1584,1584,134,2546748.174844909,2021-06-07,52,4.19,Poor,Completed,1054,Scott Act Limited,P963968184D,2018-07-19,Ericaburgh,Small,459,Office Stationery & Supplies,2398756,2021-06-07,Supply and delivery of office stationery & supplies items,Ministry of Believe
C-1585,1585,221,6669826.625183967,2020-02-04,17,0.0,Good,Completed,-1670,Rivera Capital Ltd,P958287383X,2024-08-31,Prestonmouth,Small,807,Office Stationery & Supplies,7200052,2020-02-04,Supply and delivery of office stationery & supplies items,Ministry of Relationship
C-1586,1586,429,8237875.648870818,2021-10-29,34,17.47,Good,Completed,-831,Davis Throw Enterprise,P990514408Z,2024-02-07,Davidmouth,Medium,361,Medical Supplies & Pharmaceuticals,8518865,2021-10-29,Supply and delivery of medical supplies & pharmaceuticals items,Ministry of Score
C-1587,1587,402,7240496.231197885,2022-10-03,36,9.53,Fair,Completed,1331,Kim Throughout Group,P356234948D,2019-02-10,North Sandy,Small,470,Medical Supplies & Pharmaceuticals,7273877,2022-10-03,Supply and delivery of medical supplies & pharmaceuticals items,Ministry of Own
C-1588,1588,231,405303094.83949393,2024-06-25,0,8.16,Good,Completed,2139,Green Like Ventures,P330393232N,2018-08-17,Heatherfort,Small,833,Construction & Civil Works,375084009,2024-06-25,Supply and delivery of construction & civil works items,Ministry of Agent
C-1589,1589,100,549294.7151051922,2025-11-09,68,7.18,Poor,Completed,3181,Jones Million Limited,P179545125K,2017-02-23,East Edwardshire,Medium,403,Medical Supplies & Pharmaceuticals,518829,2025-11-09,Supply and delivery of medical supplies & pharmaceuticals items,Ministry of Major
C-1590,1590,121,6817064.833072826,2024-08-18,16,4.96,Good,Completed,960,Francis Century Group,P174958005R,2022-01-01,Morganhaven,Small,571,Office Stationery & Supplies,7140906,2024-08-18,Supply and delivery of office stationery & supplies items,Ministry of Two
C-1591,1591,213,7229880.538635564,2024-03-20,0,9.15,Good,Completed,753,Allen Keep Agencies,P301126777Q,2022-02-26,New Theresaland,Medium,700,Consultancy Services,7617750,2024-03-20,Supply and delivery of consultancy services items,Ministry of Crime
C-1592,1592,24,8828799.05063616,2024-09-26,0,12.41,Good,Completed,668,Marquez Inside Group,P821218382P,2022-11-28,Samuelhaven,Small,637,Cleaning & Sanitary Services,8813937,2024-09-26,Supply and delivery of cleaning & sanitary services items,Ministry of Hospital
C-1593,1593,454,1663983.193511137,2023-10-05,10,9.16,Good,Completed,-88,Johnson Again Limited,P442219677Q,2024-01-01,North Matthewfurt,Medium,664,Motor Vehicles & Spare Parts,1643812,2023-10-05,Supply and delivery of motor vehicles & spare parts items,Ministry of Score
C-1594,1594,40,7789736.189948632,2023-10-19,16,10.24,Poor,Completed,-793,Jones Different Enterprise,P643189555Q,2025-12-20,West Nicole,Small,540,Motor Vehicles & Spare Parts,7931038,2023-10-19,Supply and delivery of motor vehicles & spare parts items,Ministry of Traditional
C-1595,1595,199,97225282.03264551,2023-10-06,0,0.56,Good,Completed,2266,Phillips Story Ltd,P208599066G,2017-07-23,Lake Matthewberg,Small,581,Construction & Civil Works,106528552,2023-10-06,Supply and delivery of construction & civil works items,Ministry of Image
C-1596,1596,89,8074841.9230270665,2025-05-11,3,3.47,Poor,Completed,1334,Barnett Great Group,P130816384F,2021-09-15,Hunterborough,Small,815,Cleaning & Sanitary Services,8048745,2025-05-11,Supply and delivery of cleaning & sanitary services items,Ministry of Go
C-1597,1597,28,6912092.176976824,2023-03-09,0,4.04,Good,Completed,-328,Lee Bill Ltd,P807577342B,2024-01-31,Rodneymouth,Large,643,Cleaning & Sanitary Services,7404000,2023-03-09,Supply and delivery of cleaning & sanitary services items,Ministry of Fine
C-1598,1598,257,6630606.417040484,2022-07-22,12,0.0,Good,Completed,925,Williams American Ltd,P247141682T,2020-01-09,Lindahaven,Small,576,Motor Vehicles & Spare Parts,7168931,2022-07-22,Supply and delivery of motor vehicles & spare parts items,Ministry of Expect
C-1599,1599,256,258925999.14609262,2024-03-09,47,25.3,Poor,Completed,84,Morgan Wrong Group,P492566853W,2023-12-16,East Carrie,Small,676,Construction & Civil Works,238457294,2024-03-09,Supply and delivery of construction & civil works items,Ministry of Position
C-1600,1600,333,8593623.95652398,2023-04-03,10,7.96,Good,Completed,1069,Frazier Recent Group,P508099975F,2020-04-29,Laurenland,Small,723,Medical Supplies & Pharmaceuticals,8891765,2023-04-03,Supply and delivery of medical supplies & pharmaceuticals items,Ministry of Study
C-1601,1601,319,50432053.30236161,2021-03-29,0,10.35,Good,Completed,1887,Arnold Actually Ltd,P117959560H,2016-01-28,Amandaport,Small,612,ICT Equipment & Software,49937614,2021-03-29,Supply and delivery of ict equipment & software items,Ministry of Reveal
C-1602,1602,401,390981909.0714735,2020-06-26,53,5.92,Poor,Completed,1347,Mccall System Agencies,P266834924I,2016-10-18,Peterland,Small,487,Construction & Civil Works,380238748,2020-06-26,Supply and delivery of construction & civil works items,Ministry of Up
C-1603,1603,397,7984747.126846622,2022-01-05,0,3.68,Good,Completed,-137,Jones Visit Ltd,P112956853X,2022-05-22,Davidshire,Small,797,Cleaning & Sanitary Services,7657773,2022-01-05,Supply and delivery of cleaning & sanitary services items,Ministry of Work
C-1604,1604,422,14691759.806357244,2020-04-30,10,1.61,Good,Completed,-124,Russell North Group,P484708210X,2020-09-01,South Kyle,Large,609,ICT Equipment & Software,15617715,2020-04-30,Supply and delivery of ict equipment & software items,Ministry of Young
C-1605,1605,274,40348992.215769,2025-06-16,19,13.65,Good,Completed,1707,Gonzalez Field Group,P444851196S,2020-10-13,Port Christophershire,Small,471,ICT Equipment & Software,40620224,2025-06-16,Supply and delivery of ict equipment & software items,Ministry of Himself
C-1606,1606,396,1740103.3819075262,2025-04-29,0,12.07,Fair,Completed,1043,Bowers Student Agencies,P356990522F,2022-06-21,Rodriguezfort,Small,818,Motor Vehicles & Spare Parts,1907402,2025-04-29,Supply and delivery of motor vehicles & spare parts items,Ministry of Bring
C-1607,1607,98,10047761.635123558,2022-04-19,4,6.74,Fair,Completed,2098,Carter Yet Agencies,P235591568O,2016-07-21,Garciatown,Small,587,Motor Vehicles & Spare Parts,9623979,2022-04-19,Supply and delivery of motor vehicles & spare parts items,Ministry of Make
C-1608,1608,332,9405891.462612499,2023-09-18,0,0.0,Good,Completed,2706,Nelson Little Agencies,P626781451O,2016-04-21,Angelafurt,Small,728,Cleaning & Sanitary Services,9148595,2023-09-18,Supply and delivery of cleaning & sanitary services items,Ministry of History
C-1609,1609,353,366878.2650714031,2022-03-13,12,7.27,Good,Completed,-262,Hernandez Ago Ventures,P618371508G,2022-11-30,Robertland,Medium,555,Cleaning & Sanitary Services,343877,2022-03-13,Supply and delivery of cleaning & sanitary services items,Ministry of Raise
C-1610,1610,492,1097478.338769295,2023-05-09,75,7.32,Good,Completed,553,Cooley Team Ltd,P303919854V,2021-11-02,Lake Amanda,Medium,401,Office Stationery & Supplies,1020759,2023-05-09,Supply and delivery of office stationery & supplies items,Ministry of Audience
C-1611,1611,67,52641472.640199654,2023-05-13,0,1.07,Good,Completed,746,Hansen Free Ltd,P910943524C,2021-04-27,Rivasside,Small,637,ICT Equipment & Software,48870781,2023-05-13,Supply and delivery of ict equipment & software items,Ministry of Staff
C-1612,1612,456,5556758.580676713,2021-03-24,5,6.01,Good,Completed,-1536,Martin Voice Agencies,P566219118K,2025-06-07,North Markborough,Small,532,Consultancy Services,5886572,2021-03-24,Supply and delivery of consultancy services items,Ministry of Good
C-1613,1613,451,45620130.642524146,2021-06-06,12,8.19,Poor,Completed,1215,Steele Hard Ventures,P375584366Y,2018-02-07,Lake Aaronfurt,Small,823,ICT Equipment & Software,43910212,2021-06-06,Supply and delivery of ict equipment & software items,Ministry of Build
C-1614,1614,234,112089912.50260535,2023-11-23,143,31.66,Poor,Terminated,-19,Hicks Campaign Ltd,P315801027Y,2023-12-12,East Kristy,Small,372,Construction & Civil Works,121017893,2023-11-23,Supply and delivery of construction & civil works items,Ministry of Sing
C-1615,1615,396,2463228.5117456634,2025-08-19,4,7.55,Fair,Completed,1155,Bowers Student Agencies,P356990522F,2022-06-21,Rodriguezfort,Small,818,ICT Equipment & Software,2358997,2025-08-19,Supply and delivery of ict equipment & software items,Ministry of Partner
C-1616,1616,140,27630905.003895286,2025-03-23,43,4.59,Good,Completed,606,Saunders Responsibility Limited,P246865585O,2023-07-26,Lake Debbieport,Small,334,ICT Equipment & Software,27084650,2025-03-23,Supply and delivery of ict equipment & software items,Ministry of Scientist
C-1617,1617,319,1613002.0450003382,2021-04-04,3,9.81,Good,Completed,1893,Arnold Actually Ltd,P117959560H,2016-01-28,Amandaport,Small,612,Medical Supplies & Pharmaceuticals,1529290,2021-04-04,Supply and delivery of medical supplies & pharmaceuticals items,Ministry of Size
C-1618,1618,128,2036535.17758228,2024-07-25,7,0.0,Poor,Completed,-415,Morgan Room Ventures,P526794469P,2025-09-13,Port Markside,Small,773,Cleaning & Sanitary Services,2220711,2024-07-25,Supply and delivery of cleaning & sanitary services items,Ministry of Full
C-1619,1619,283,6511595.432380741,2022-02-11,61,3.49,Poor,Completed,2189,Valdez Room Ventures,P353727962D,2016-02-14,South Kurtfurt,Small,464,Consultancy Services,6371271,2022-02-11,Supply and delivery of consultancy services items,Ministry of Example
C-1620,1620,399,28477197.74101666,2023-01-08,0,10.57,Fair,Completed,1604,Williams As Agencies,P947493681Z,2018-08-18,Courtneyhaven,Small,701,ICT Equipment & Software,28161213,2023-01-08,Supply and delivery of ict equipment & software items,Ministry of Land
C-1621,1621,259,426727071.602473,2021-08-30,32,20.9,Poor,Terminated,-103,Romero Mr Agencies,P671595541F,2021-12-11,Thomastown,Small,649,Construction & Civil Works,463904191,2021-08-30,Supply and delivery of construction & civil works items,Ministry of At
C-1622,1622,457,9129818.507666307,2022-03-27,2,4.05,Good,Completed,779,Spencer Wish Limited,P883803621I,2020-02-07,Donnaport,Small,634,Medical Supplies & Pharmaceuticals,8976659,2022-03-27,Supply and delivery of medical supplies & pharmaceuticals items,Ministry of Local
C-1623,1623,317,503515.33862124593,2022-12-01,20,1.52,Fair,Completed,-269,Gutierrez Thousand Ltd,P777210736O,2023-08-27,Lake Edwardborough,Small,670,Motor Vehicles & Spare Parts,539439,2022-12-01,Supply and delivery of motor vehicles & spare parts items,Ministry of New
C-1624,1624,480,1229123.4205370536,2024-12-22,0,7.65,Good,Completed,-78,Bush Eye Enterprise,P495514868D,2025-03-10,Reidville,Large,729,Cleaning & Sanitary Services,1364134,2024-12-22,Supply and delivery of cleaning & sanitary services items,Ministry of Many
C-1625,1625,166,5792315.670620618,2024-04-04,67,8.96,Good,Completed,2661,Rodgers Task Limited,P239710404J,2016-12-21,New Sueside,Small,493,Consultancy Services,5859919,2024-04-04,Supply and delivery of consultancy services items,Ministry of Resource
C-1626,1626,388,5438750.804519868,2024-12-13,0,15.42,Good,Completed,2440,Frazier Act Limited,P108657116S,2018-04-09,Lisachester,Medium,796,Office Stationery & Supplies,5955319,2024-12-13,Supply and delivery of office stationery & supplies items,Ministry of We
C-1627,1627,114,1063648.0277452536,2021-10-02,0,4.58,Good,Completed,-873,Pierce Look Enterprise,P194553481U,2024-02-22,Marcusfurt,Medium,568,Motor Vehicles & Spare Parts,1047272,2021-10-02,Supply and delivery of motor vehicles & spare parts items,Ministry of Pressure
C-1628,1628,422,6408119.544346682,2022-03-17,17,0.0,Good,Completed,562,Russell North Group,P484708210X,2020-09-01,South Kyle,Large,609,Office Stationery & Supplies,5830482,2022-03-17,Supply and delivery of office stationery & supplies items,Ministry of Report
C-1629,1629,311,6109404.864638329,2025-09-02,54,10.53,Good,Completed,2403,Ward Us Group,P633947427D,2019-02-03,Port Tinafort,Large,426,Medical Supplies & Pharmaceuticals,6041028,2025-09-02,Supply and delivery of medical supplies & pharmaceuticals items,Ministry of Table
C-1630,1630,408,17048843.654370956,2025-11-12,38,0.0,Good,Completed,1138,Wilson Sit Enterprise,P646346564A,2022-10-01,Port Michellebury,Medium,440,ICT Equipment & Software,16442096,2025-11-12,Supply and delivery of ict equipment & software items,Ministry of Use
C-1631,1631,55,6193087.6767858565,2020-05-23,13,7.19,Good,Completed,339,Hartman Least Enterprise,P750911797G,2019-06-19,South Rachelborough,Medium,519,Motor Vehicles & Spare Parts,6443902,2020-05-23,Supply and delivery of motor vehicles & spare parts items,Ministry of Wait
C-1632,1632,416,7266033.175252143,2025-04-20,14,2.06,Good,Completed,328,Wiley Government Limited,P101569849W,2024-05-27,Sweeneyport,Small,731,Motor Vehicles & Spare Parts,7848408,2025-04-20,Supply and delivery of motor vehicles & spare parts items,Ministry of Begin
C-1633,1633,10,2720543.8668075395,2020-06-24,41,4.18,Good,Completed,1037,Gray Wish Ventures,P787194506S,2017-08-22,Lake Mark,Small,489,Motor Vehicles & Spare Parts,2721158,2020-06-24,Supply and delivery of motor vehicles & spare parts items,Ministry of Water
C-1634,1634,500,5824052.577077578,2021-01-26,20,0.0,Fair,Completed,634,Hatfield Form Agencies,P781288086D,2019-05-03,South Joshuaburgh,Small,421,Consultancy Services,6243243,2021-01-26,Supply and delivery of consultancy services items,Ministry of Ball
C-1635,1635,227,197971453.7305187,2020-08-27,158,41.85,Poor,Terminated,-522,Harrington Already Ventures,P235538456E,2022-01-31,Port Deanna,Small,580,Construction & Civil Works,195304016,2020-08-27,Supply and delivery of construction & civil works items,Ministry of Fact
C-1636,1636,294,2316280.3876842735,2020-09-02,3,9.11,Good,Completed,65,Stark Huge Group,P503346325F,2020-06-29,Lake Michelle,Small,777,ICT Equipment & Software,2498173,2020-09-02,Supply and delivery of ict equipment & software items,Ministry of Choose
C-1637,1637,365,4436794.390740043,2022-12-23,6,0.0,Good,Completed,446,Henderson Message Ltd,P782364690I,2021-10-03,New Garrett,Small,677,Consultancy Services,4806797,2022-12-23,Supply and delivery of consultancy services items,Ministry of Two
C-1638,1638,94,1507506.412123745,2021-03-23,23,0.0,Good,Completed,697,Warner Experience Group,P429233929Q,2019-04-26,North Jennifer,Small,480,Office Stationery & Supplies,1590017,2021-03-23,Supply and delivery of office stationery & supplies items,Ministry of Product
C-1639,1639,221,42214654.37704375,2020-02-19,4,1.77,Good,Completed,-1655,Rivera Capital Ltd,P958287383X,2024-08-31,Prestonmouth,Small,807,ICT Equipment & Software,43312486,2020-02-19,Supply and delivery of ict equipment & software items,Ministry of Keep
C-1640,1640,349,754945.233911869,2025-10-25,0,0.0,Good,Completed,1019,Burnett Phone Group,P785240944F,2023-01-10,Port Johnstad,Small,680,Medical Supplies & Pharmaceuticals,741593,2025-10-25,Supply and delivery of medical supplies & pharmaceuticals items,Ministry of Number
C-1641,1641,221,28487571.047079887,2025-08-03,0,7.81,Poor,Completed,337,Rivera Capital Ltd,P958287383X,2024-08-31,Prestonmouth,Small,807,ICT Equipment & Software,27132954,2025-08-03,Supply and delivery of ict equipment & software items,Ministry of Matter
C-1642,1642,108,2263242.978368619,2022-01-29,44,6.82,Good,Completed,44,Holloway Will Ltd,P409893263C,2021-12-16,South Haleyfurt,Small,489,Medical Supplies & Pharmaceuticals,2397905,2022-01-29,Supply and delivery of medical supplies & pharmaceuticals items,Ministry of Life
C-1643,1643,39,4217816.568124529,2024-06-04,0,13.68,Poor,Completed,2596,Brewer Lot Limited,P439492674W,2017-04-26,North Stephenshire,Small,760,Cleaning & Sanitary Services,4297079,2024-06-04,Supply and delivery of cleaning & sanitary services items,Ministry of Against
C-1644,1644,351,46517267.8297137,2021-09-30,12,7.73,Good,Completed,-1431,Jordan Action Limited,P205877984Q,2025-08-31,New Julie,Large,822,ICT Equipment & Software,48780115,2021-09-30,Supply and delivery of ict equipment & software items,Ministry of At
C-1645,1645,5,1727464.1640693946,2020-02-18,0,3.45,Good,Completed,720,Gallagher Blue Agencies,P199585092Y,2018-02-28,West Melanieview,Small,643,Motor Vehicles & Spare Parts,1906210,2020-02-18,Supply and delivery of motor vehicles & spare parts items,Ministry of Suffer
C-1646,1646,11,6086240.7351131085,2021-05-24,1,0.17,Good,Completed,-839,Brown Term Agencies,P134467368Z,2023-09-10,Richardland,Medium,543,Consultancy Services,6456605,2021-05-24,Supply and delivery of consultancy services items,Ministry of Yourself
C-1647,1647,21,419585941.98763967,2023-02-12,45,44.27,Poor,Completed,-797,Koch Theory Limited,P966267851T,2025-04-19,North John,Small,501,Construction & Civil Works,403407463,2023-02-12,Supply and delivery of construction & civil works items,Ministry of Government
C-1648,1648,419,4065116.953797163,2022-06-21,17,2.88,Good,Completed,239,Wagner Public Enterprise,P980428452Z,2021-10-25,New Ashleychester,Large,360,Medical Supplies & Pharmaceuticals,4501207,2022-06-21,Supply and delivery of medical supplies & pharmaceuticals items,Ministry of Gun
C-1649,1649,307,6616580.236938283,2023-12-07,11,6.21,Good,Completed,938,Calderon Approach Agencies,P388258432Y,2021-05-13,Port Charlesshire,Medium,517,Motor Vehicles & Spare Parts,6191111,2023-12-07,Supply and delivery of motor vehicles & spare parts items,Ministry of Stop
C-1650,1650,469,8450144.60677761,2021-12-15,22,0.0,Fair,Completed,1004,Acosta Surface Limited,P171953537F,2019-03-17,Hawkinsside,Small,584,Office Stationery & Supplies,8840973,2021-12-15,Supply and delivery of office stationery & supplies items,Ministry of Personal
C-1651,1651,78,8237068.80742739,2023-12-29,13,14.27,Fair,Completed,136,Gray Soldier Enterprise,P993271900A,2023-08-15,Maryfort,Small,772,Consultancy Services,8849917,2023-12-29,Supply and delivery of consultancy services items,Ministry of Next
C-1652,1652,341,9528677.050095033,2025-01-18,0,1.05,Good,Completed,1630,Taylor According Ltd,P524871030V,2020-08-02,Brockmouth,Small,742,Medical Supplies & Pharmaceuticals,9266243,2025-01-18,Supply and delivery of medical supplies & pharmaceuticals items,Ministry of Light
C-1653,1653,74,7033951.639072733,2022-09-30,5,0.0,Good,Completed,495,Navarro Such Ltd,P747737533O,2021-05-23,Robinsonchester,Small,507,Consultancy Services,7391916,2022-09-30,Supply and delivery of consultancy services items,Ministry of Our
C-1654,1654,426,8429958.926834736,2020-10-16,36,1.44,Good,Completed,-985,Wright Maintain Agencies,P209422179Z,2023-06-28,North Alexander,Medium,353,Medical Supplies & Pharmaceuticals,9319865,2020-10-16,Supply and delivery of medical supplies & pharmaceuticals items,Ministry of Strategy
C-1655,1655,323,9390172.792421535,2021-11-02,44,5.44,Fair,Completed,-968,Valdez Toward Ltd,P797818850W,2024-06-27,North Richardfurt,Small,478,Cleaning & Sanitary Services,9811781,2021-11-02,Supply and delivery of cleaning & sanitary services items,Ministry of Strategy
C-1656,1656,329,7648507.263488437,2021-07-23,10,3.75,Good,Completed,-1021,Price Watch Ventures,P680424495V,2024-05-09,Camposberg,Small,659,Motor Vehicles & Spare Parts,7980055,2021-07-23,Supply and delivery of motor vehicles & spare parts items,Ministry of Member
C-1657,1657,301,4088951.9388561035,2022-03-25,41,7.16,Good,Completed,1108,Harper Remember Group,P978731508U,2019-03-13,West Nancy,Small,456,Motor Vehicles & Spare Parts,4080053,2022-03-25,Supply and delivery of motor vehicles & spare parts items,Ministry of Fight
C-1658,1658,466,5367137.860196601,2024-08-13,61,7.72,Good,Completed,1702,Nash Already Ventures,P639127345K,2019-12-16,North Stacy,Medium,306,ICT Equipment & Software,5607742,2024-08-13,Supply and delivery of ict equipment & software items,Ministry of Anyone
C-1659,1659,180,4010478.278076367,2020-11-21,16,9.26,Good,Completed,190,Stevens Bank Agencies,P436146289K,2020-05-15,Berrychester,Medium,472,Motor Vehicles & Spare Parts,4001403,2020-11-21,Supply and delivery of motor vehicles & spare parts items,Ministry of Feel
C-1660,1660,353,1851238.9444441567,2022-09-25,0,7.61,Good,Completed,-66,Hernandez Ago Ventures,P618371508G,2022-11-30,Robertland,Medium,555,Cleaning & Sanitary Services,1945700,2022-09-25,Supply and delivery of cleaning & sanitary services items,Ministry of Compare
C-1661,1661,15,7525453.058191511,2023-09-17,2,15.82,Poor,Completed,952,Davis Anyone Limited,P217734861J,2021-02-07,Port Erin,Small,639,Cleaning & Sanitary Services,6982727,2023-09-17,Supply and delivery of cleaning & sanitary services items,Ministry of College
C-1662,1662,323,941854.5551839491,2024-04-08,62,11.77,Good,Completed,-80,Valdez Toward Ltd,P797818850W,2024-06-27,North Richardfurt,Small,478,Cleaning & Sanitary Services,971535,2024-04-08,Supply and delivery of cleaning & sanitary services items,Ministry of Feeling
C-1663,1663,342,1918689.1899858802,2021-02-03,12,9.01,Good,Completed,249,Jordan Than Group,P799045497M,2020-05-30,West Malik,Small,538,Medical Supplies & Pharmaceuticals,1842166,2021-02-03,Supply and delivery of medical supplies & pharmaceuticals items,Ministry of Continue
C-1664,1664,297,317314530.87128156,2025-01-12,15,1.1,Good,Completed,2392,Reed Fact Ltd,P302379343U,2018-06-26,North Lisachester,Small,821,Construction & Civil Works,291673984,2025-01-12,Supply and delivery of construction & civil works items,Ministry of Room
C-1665,1665,451,7908293.475281856,2025-06-05,16,8.65,Good,Completed,2675,Steele Hard Ventures,P375584366Y,2018-02-07,Lake Aaronfurt,Small,823,Motor Vehicles & Spare Parts,7727742,2025-06-05,Supply and delivery of motor vehicles & spare parts items,Ministry of Study
C-1666,1666,471,43304659.99824602,2020-12-02,43,0.0,Good,Completed,1253,Matthews Son Ltd,P207593219G,2017-06-28,Port Justinside,Small,456,ICT Equipment & Software,42939480,2020-12-02,Supply and delivery of ict equipment & software items,Ministry of Economy
C-1667,1667,51,10154033.677466033,2020-09-13,7,3.14,Good,Completed,-847,Reyes American Ventures,P605399561O,2023-01-08,Port Samantha,Small,673,Motor Vehicles & Spare Parts,9940745,2020-09-13,Supply and delivery of motor vehicles & spare parts items,Ministry of Free
C-1668,1668,20,2616221.181297992,2023-06-12,0,1.15,Good,Completed,2126,Ashley Win Ventures,P669462919A,2017-08-16,Tracyville,Small,701,Consultancy Services,2842455,2023-06-12,Supply and delivery of consultancy services items,Ministry of Let
C-1669,1669,397,23878605.36341354,2021-07-24,8,4.05,Fair,Completed,-302,Jones Visit Ltd,P112956853X,2022-05-22,Davidshire,Small,797,ICT Equipment & Software,23290920,2021-07-24,Supply and delivery of ict equipment & software items,Ministry of Create
C-1670,1670,66,429050.7938238776,2021-03-25,24,5.17,Good,Completed,210,Grant Whose Ventures,P230307805D,2020-08-27,Port Steven,Medium,788,Cleaning & Sanitary Services,395599,2021-03-25,Supply and delivery of cleaning & sanitary services items,Ministry of Second
C-1671,1671,245,44797883.193859,2020-03-17,62,6.91,Good,Completed,-230,Ballard Reveal Agencies,P536038528T,2020-11-02,Joneston,Small,314,ICT Equipment & Software,47582866,2020-03-17,Supply and delivery of ict equipment & software items,Ministry of Free
C-1672,1672,101,706767.1495157557,2025-11-12,13,4.39,Fair,Completed,133,Miller Energy Ltd,P227186396J,2025-07-02,Obrienbury,Small,545,Medical Supplies & Pharmaceuticals,697904,2025-11-12,Supply and delivery of medical supplies & pharmaceuticals items,Ministry of Choose
C-1673,1673,388,205216.69960783471,2022-03-28,13,9.15,Good,Completed,1449,Frazier Act Limited,P108657116S,2018-04-09,Lisachester,Medium,796,Motor Vehicles & Spare Parts,216841,2022-03-28,Supply and delivery of motor vehicles & spare parts items,Ministry of Notice
C-1674,1674,138,7856374.2125408985,2025-11-07,0,0.0,Good,Completed,435,Osborne Appear Limited,P751124015V,2024-08-29,Wallport,Small,584,Motor Vehicles & Spare Parts,8658542,2025-11-07,Supply and delivery of motor vehicles & spare parts items,Ministry of None
C-1675,1675,152,5645694.665139993,2021-10-22,23,0.0,Good,Completed,130,Levine Her Group,P165015165Z,2021-06-14,Jamesville,Medium,476,Motor Vehicles & Spare Parts,5926038,2021-10-22,Supply and delivery of motor vehicles & spare parts items,Ministry of Wife
C-1676,1676,57,365037.7249681434,2020-02-24,19,7.99,Poor,Completed,-1954,Mccall Price Ltd,P437064353Q,2025-07-01,Lake Rachelhaven,Small,429,Motor Vehicles & Spare Parts,337068,2020-02-24,Supply and delivery of motor vehicles & spare parts items,Ministry of Word
C-1677,1677,98,65213885.348386325,2022-12-30,0,10.26,Good,Completed,2353,Carter Yet Agencies,P235591568O,2016-07-21,Garciatown,Small,587,Construction & Civil Works,70113119,2022-12-30,Supply and delivery of construction & civil works items,Ministry of Check
C-1678,1678,246,292424666.69031763,2025-09-07,31,1.4,Good,Completed,2957,Perry Majority Ltd,P319068042V,2017-08-03,West Michelle,Medium,327,Construction & Civil Works,285973351,2025-09-07,Supply and delivery of construction & civil works items,Ministry of Without
C-1679,1679,139,895403.3649257938,2021-12-02,11,9.46,Fair,Completed,-674,Hall Suffer Group,P478301747O,2023-10-07,New John,Small,601,Medical Supplies & Pharmaceuticals,951161,2021-12-02,Supply and delivery of medical supplies & pharmaceuticals items,Ministry of Above
C-1680,1680,391,5037937.396060001,2025-10-26,30,7.89,Good,Completed,3553,Santos Less Group,P477084942U,2016-02-03,Lake Kaitlin,Medium,499,Office Stationery & Supplies,4872945,2025-10-26,Supply and delivery of office stationery & supplies items,Ministry of Office
C-1681,1681,462,1615506.5299126974,2025-11-07,49,4.02,Fair,Completed,2246,Griffin Everyone Limited,P572167680D,2019-09-14,Jeremyview,Small,321,Consultancy Services,1738846,2025-11-07,Supply and delivery of consultancy services items,Ministry of Glass
C-1682,1682,35,9524095.533359174,2023-11-19,5,5.21,Good,Completed,2081,Brown Simply Ventures,P682177668D,2018-03-09,Brianshire,Medium,846,Medical Supplies & Pharmaceuticals,9948018,2023-11-19,Supply and delivery of medical supplies & pharmaceuticals items,Ministry of Find
C-1683,1683,322,8134425.072311233,2022-11-04,0,5.11,Fair,Completed,2208,Chung Machine Limited,P706666479P,2016-10-18,West Gabriella,Small,646,Medical Supplies & Pharmaceuticals,8813542,2022-11-04,Supply and delivery of medical supplies & pharmaceuticals items,Ministry of Figure
C-1684,1684,68,451228496.6462633,2025-10-25,14,3.32,Fair,Completed,1954,Moore Training Ltd,P609677794C,2020-06-19,Karenview,Medium,772,Construction & Civil Works,476564514,2025-10-25,Supply and delivery of construction & civil works items,Ministry of Somebody
C-1685,1685,184,885357.2963668384,2025-11-18,6,0.0,Good,Completed,3190,Hicks Western Ltd,P933468715W,2017-02-23,Jessicaberg,Small,532,ICT Equipment & Software,964310,2025-11-18,Supply and delivery of ict equipment & software items,Ministry of Painting
C-1686,1686,409,3863253.5513387816,2024-01-01,24,17.65,Fair,Completed,2752,Cox Wife Limited,P261152186L,2016-06-19,New Lindachester,Large,338,Motor Vehicles & Spare Parts,3814755,2024-01-01,Supply and delivery of motor vehicles & spare parts items,Ministry of Successful
C-1687,1687,476,3270224.7921610125,2023-05-23,3,0.69,Good,Completed,-862,Ramos That Group,P444529729R,2025-10-01,Jacobsland,Medium,752,Office Stationery & Supplies,3227640,2023-05-23,Supply and delivery of office stationery & supplies items,Ministry of What
C-1688,1688,469,4210506.946845474,2025-07-13,4,3.21,Good,Completed,2310,Acosta Surface Limited,P171953537F,2019-03-17,Hawkinsside,Small,584,Cleaning & Sanitary Services,4198535,2025-07-13,Supply and delivery of cleaning & sanitary services items,Ministry of Ground
C-1689,1689,2,10013845.409133226,2024-02-18,13,1.9,Poor,Completed,262,Gardner Performance Group,P553035110C,2023-06-01,North Jefferyhaven,Small,421,Consultancy Services,9660912,2024-02-18,Supply and delivery of consultancy services items,Ministry of Sign
C-1690,1690,46,223000006.31867316,2022-11-15,178,25.34,Poor,Completed,-70,Hoffman Brother Limited,P180792472S,2023-01-24,New Barry,Small,772,Construction & Civil Works,221859876,2022-11-15,Supply and delivery of construction & civil works items,Ministry of Amount
C-1691,1691,89,5390581.507364048,2020-11-01,7,8.31,Poor,Completed,-318,Barnett Great Group,P130816384F,2021-09-15,Hunterborough,Small,815,Cleaning & Sanitary Services,5773938,2020-11-01,Supply and delivery of cleaning & sanitary services items,Ministry of Ok
C-1692,1692,349,4724500.4200184215,2020-09-13,9,10.54,Good,Completed,-849,Burnett Phone Group,P785240944F,2023-01-10,Port Johnstad,Small,680,Consultancy Services,5208728,2020-09-13,Supply and delivery of consultancy services items,Ministry of Ago
C-1693,1693,372,5634620.841967114,2022-05-29,0,0.0,Good,Completed,2220,Baker Training Ventures,P976955647F,2016-04-30,Grimesville,Large,591,Medical Supplies & Pharmaceuticals,5869049,2022-05-29,Supply and delivery of medical supplies & pharmaceuticals items,Ministry of Thought
C-1694,1694,88,931436.0405702839,2021-04-27,4,6.76,Good,Completed,960,Christian Then Agencies,P193053577R,2018-09-10,Sanchezmouth,Medium,780,Cleaning & Sanitary Services,1019134,2021-04-27,Supply and delivery of cleaning & sanitary services items,Ministry of Heavy
C-1695,1695,472,6211689.535114878,2020-07-21,22,0.96,Poor,Completed,-1555,Humphrey Everything Enterprise,P511289794P,2024-10-23,Armstrongfort,Small,429,Cleaning & Sanitary Services,6479515,2020-07-21,Supply and delivery of cleaning & sanitary services items,Ministry of Around
C-1696,1696,249,4319911.965018327,2023-08-25,42,0.0,Good,Completed,-663,Lin Kid Ltd,P366578178K,2025-06-18,Sarahmouth,Small,324,Motor Vehicles & Spare Parts,4736440,2023-08-25,Supply and delivery of motor vehicles & spare parts items,Ministry of Day
C-1697,1697,484,6302253.465421939,2023-07-02,0,9.42,Good,Completed,356,Palmer Treatment Ventures,P937844678X,2022-07-11,South Rhondaburgh,Large,826,Consultancy Services,6589759,2023-07-02,Supply and delivery of consultancy services items,Ministry of Doctor
C-1698,1698,344,2522800.170953843,2024-09-07,69,0.44,Good,Completed,-366,Casey Gas Limited,P503786306R,2025-09-08,Diazshire,Medium,387,Office Stationery & Supplies,2670725,2024-09-07,Supply and delivery of office stationery & supplies items,Ministry of Speak
C-1699,1699,441,2543188.1901679356,2021-08-31,0,3.89,Poor,Completed,1547,Vaughan Think Group,P970161616F,2017-06-06,Gregoryton,Small,648,Motor Vehicles & Spare Parts,2526277,2021-08-31,Supply and delivery of motor vehicles & spare parts items,Ministry of Agency
C-1700,1700,209,5283628.297461375,2020-07-02,31,6.3,Good,Completed,1502,Lowery Marriage Ventures,P847401602I,2016-05-22,Westtown,Small,453,Medical Supplies & Pharmaceuticals,5424852,2020-07-02,Supply and delivery of medical supplies & pharmaceuticals items,Ministry of Time
C-1701,1701,171,1467394.4750788147,2022-09-02,7,10.24,Fair,Completed,2328,Nelson Sound Ventures,P431769776V,2016-04-18,Adamberg,Small,744,Cleaning & Sanitary Services,1417621,2022-09-02,Supply and delivery of cleaning & sanitary services items,Ministry of Remain
C-1702,1702,495,19714987.885161225,2025-09-29,6,10.19,Fair,Completed,1166,Walker Dog Ventures,P899089320T,2022-07-21,Frenchmouth,Large,762,ICT Equipment & Software,19645109,2025-09-29,Supply and delivery of ict equipment & software items,Ministry of Music
C-1703,1703,190,4818376.473421364,2022-05-14,0,4.35,Good,Completed,76,Hunter Maintain Limited,P723123952J,2022-02-27,South Reginashire,Small,839,Consultancy Services,5153127,2022-05-14,Supply and delivery of consultancy services items,Ministry of Military
C-1704,1704,300,4124152.173165839,2021-11-27,52,8.45,Good,Completed,1361,Shields Arrive Group,P250469429G,2018-03-07,Jimshire,Small,314,Motor Vehicles & Spare Parts,4171495,2021-11-27,Supply and delivery of motor vehicles & spare parts items,Ministry of Point
C-1705,1705,106,2401265.290242467,2023-01-25,9,11.0,Good,Completed,-797,French Process Agencies,P733281747Q,2025-04-01,South Danny,Medium,770,Cleaning & Sanitary Services,2191013,2023-01-25,Supply and delivery of cleaning & sanitary services items,Ministry of Arrive
C-1706,1706,473,4033189.1352391075,2025-06-13,14,13.51,Good,Completed,3312,Hill Charge Agencies,P763834967M,2016-05-19,Williamsmouth,Small,758,Cleaning & Sanitary Services,3781890,2025-06-13,Supply and delivery of cleaning & sanitary services items,Ministry of Herself
C-1707,1707,494,35329303.84158037,2022-05-21,12,7.73,Good,Completed,1668,Davis Career Enterprise,P895555607Q,2017-10-26,Lake Rachel,Small,700,ICT Equipment & Software,34927266,2022-05-21,Supply and delivery of ict equipment & software items,Ministry of Sense
C-1708,1708,221,6858114.22419704,2025-02-13,5,7.89,Good,Completed,166,Rivera Capital Ltd,P958287383X,2024-08-31,Prestonmouth,Small,807,Office Stationery & Supplies,6726379,2025-02-13,Supply and delivery of office stationery & supplies items,Ministry of Hope
C-1709,1709,428,459767633.5293157,2022-04-25,73,43.49,Poor,Terminated,176,Green Tax Limited,P180516876B,2021-10-31,East Rachelmouth,Small,789,Construction & Civil Works,453668474,2022-04-25,Supply and delivery of construction & civil works items,Ministry of Actually
C-1710,1710,372,7525522.4940391295,2021-09-15,6,11.91,Poor,Completed,1964,Baker Training Ventures,P976955647F,2016-04-30,Grimesville,Large,591,Motor Vehicles & Spare Parts,7452132,2021-09-15,Supply and delivery of motor vehicles & spare parts items,Ministry of Have
C-1711,1711,376,1087566.7377707514,2021-11-06,0,5.05,Fair,Completed,-1466,Shelton Beyond Agencies,P245587477W,2025-11-11,Sellersview,Small,705,Cleaning & Sanitary Services,1132499,2021-11-06,Supply and delivery of cleaning & sanitary services items,Ministry of Like
C-1712,1712,19,115405104.8137474,2025-03-30,38,6.19,Poor,Completed,1519,Rodriguez Process Limited,P420452650O,2021-01-31,East Nathaniel,Small,405,Construction & Civil Works,113393598,2025-03-30,Supply and delivery of construction & civil works items,Ministry of Begin
C-1713,1713,284,16721573.480204456,2021-04-17,43,4.68,Good,Completed,-576,Leblanc View Group,P855438611X,2022-11-14,Hannahport,Small,377,Construction & Civil Works,16364638,2021-04-17,Supply and delivery of construction & civil works items,Ministry of View
C-1714,1714,232,2345665.6326756994,2022-08-31,10,0.0,Good,Completed,1700,Taylor Back Group,P585377142L,2018-01-04,Osbornmouth,Small,532,Cleaning & Sanitary Services,2431348,2022-08-31,Supply and delivery of cleaning & sanitary services items,Ministry of Just
C-1715,1715,410,27517905.22887073,2024-10-26,15,0.0,Good,Completed,2398,Wright Whole Agencies,P873403266U,2018-04-03,Margaretshire,Small,776,ICT Equipment & Software,27678579,2024-10-26,Supply and delivery of ict equipment & software items,Ministry of Fight
C-1716,1716,234,6370693.300425915,2020-12-24,58,0.0,Good,Completed,-1083,Hicks Campaign Ltd,P315801027Y,2023-12-12,East Kristy,Small,372,Motor Vehicles & Spare Parts,6665269,2020-12-24,Supply and delivery of motor vehicles & spare parts items,Ministry of Should
C-1717,1717,430,2759794.6203776454,2025-10-27,27,1.41,Good,Completed,3400,Glass Lead Ltd,P982277976U,2016-07-06,Crawfordfurt,Small,459,Medical Supplies & Pharmaceuticals,2906284,2025-10-27,Supply and delivery of medical supplies & pharmaceuticals items,Ministry of Language
C-1718,1718,254,7110808.574553422,2024-05-15,21,2.26,Good,Completed,2868,Hoffman Him Group,P694018597S,2016-07-08,South Williamside,Small,581,Consultancy Services,6672531,2024-05-15,Supply and delivery of consultancy services items,Ministry of Join
C-1719,1719,475,7140591.711210413,2020-11-01,47,1.43,Good,Completed,628,Cameron Toward Ventures,P847520637R,2019-02-12,Port Jeremyport,Small,320,Consultancy Services,6916080,2020-11-01,Supply and delivery of consultancy services items,Ministry of People
C-1720,1720,331,5122787.523266382,2023-08-03,0,5.02,Good,Completed,1920,Jones Point Agencies,P925713533N,2018-05-01,Novakmouth,Medium,617,Cleaning & Sanitary Services,5650560,2023-08-03,Supply and delivery of cleaning & sanitary services items,Ministry of Charge
C-1721,1721,454,451754624.6829573,2021-03-31,62,28.46,Poor,Completed,-1006,Johnson Again Limited,P442219677Q,2024-01-01,North Matthewfurt,Medium,664,Construction & Civil Works,439733966,2021-03-31,Supply and delivery of construction & civil works items,Ministry of May
C-1722,1722,430,196905.1539409835,2025-12-05,61,11.46,Fair,Completed,3439,Glass Lead Ltd,P982277976U,2016-07-06,Crawfordfurt,Small,459,Consultancy Services,213936,2025-12-05,Supply and delivery of consultancy services items,Ministry of Network
C-1723,1723,468,11617554.44003596,2025-12-01,1,6.62,Good,Completed,3333,Vega Defense Enterprise,P983221403O,2016-10-16,Port Brooke,Small,837,ICT Equipment & Software,12138087,2025-12-01,Supply and delivery of ict equipment & software items,Ministry of Attorney
C-1724,1724,426,50450739.81540087,2025-08-06,49,6.66,Good,Completed,770,Wright Maintain Agencies,P209422179Z,2023-06-28,North Alexander,Medium,353,ICT Equipment & Software,47757306,2025-08-06,Supply and delivery of ict equipment & software items,Ministry of Performance
C-1725,1725,292,2654876.327424134,2024-07-14,51,2.93,Good,Completed,1002,Williams Guy Agencies,P852032540E,2021-10-16,North Valeriefort,Small,478,Consultancy Services,2533351,2024-07-14,Supply and delivery of consultancy services items,Ministry of Behavior
C-1726,1726,131,3084511.818320335,2020-01-15,45,11.71,Good,Completed,-1828,Williams Style Limited,P160257560S,2025-01-16,Nicholasberg,Medium,399,Office Stationery & Supplies,2919182,2020-01-15,Supply and delivery of office stationery & supplies items,Ministry of Purpose
C-1727,1727,298,591895.531133787,2025-06-26,45,15.45,Poor,Completed,1215,Mayer Visit Group,P116799547P,2022-02-27,North Craig,Medium,417,Office Stationery & Supplies,547244,2025-06-26,Supply and delivery of office stationery & supplies items,Ministry of Join
C-1728,1728,251,5815329.277362396,2021-01-18,0,6.87,Good,Completed,-1611,Wagner Effect Group,P331009561L,2025-06-17,Brandonport,Small,527,Motor Vehicles & Spare Parts,6352016,2021-01-18,Supply and delivery of motor vehicles & spare parts items,Ministry of Maintain
C-1729,1729,280,10092447.579028277,2024-04-05,11,4.65,Good,Completed,126,Bradley Sometimes Limited,P307405357L,2023-12-01,Wilcoxhaven,Small,846,Medical Supplies & Pharmaceuticals,9327535,2024-04-05,Supply and delivery of medical supplies & pharmaceuticals items,Ministry of Someone
C-1730,1730,76,1410858.5221591599,2025-06-27,1,2.31,Poor,Completed,103,Hooper None Ltd,P128955006Z,2025-03-16,North Dawnberg,Medium,719,Motor Vehicles & Spare Parts,1378673,2025-06-27,Supply and delivery of motor vehicles & spare parts items,Ministry of Decision
C-1731,1731,204,4631031.88216546,2021-02-11,27,3.27,Good,Completed,-1664,Montoya Suddenly Group,P749252434I,2025-09-02,Brettfort,Medium,757,Motor Vehicles & Spare Parts,4215741,2021-02-11,Supply and delivery of motor vehicles & spare parts items,Ministry of I
C-1732,1732,300,6789242.614079861,2021-09-26,45,2.07,Good,Completed,1299,Shields Arrive Group,P250469429G,2018-03-07,Jimshire,Small,314,Motor Vehicles & Spare Parts,6878892,2021-09-26,Supply and delivery of motor vehicles & spare parts items,Ministry of Military
C-1733,1733,412,28701444.87312257,2020-04-02,0,8.85,Good,Completed,1383,Morales Understand Ventures,P599391065S,2016-06-19,Markside,Large,565,ICT Equipment & Software,31598588,2020-04-02,Supply and delivery of ict equipment & software items,Ministry of The
C-1734,1734,15,5510939.88106534,2021-10-23,14,0.0,Good,Completed,258,Davis Anyone Limited,P217734861J,2021-02-07,Port Erin,Small,639,Cleaning & Sanitary Services,5144829,2021-10-23,Supply and delivery of cleaning & sanitary services items,Ministry of Pay
C-1735,1735,32,2784210.0438788407,2021-10-27,56,1.12,Good,Completed,-1416,House Time Group,P353810544K,2025-09-12,Tuckerborough,Large,340,Consultancy Services,2538710,2021-10-27,Supply and delivery of consultancy services items,Ministry of Operation
C-1736,1736,382,47775164.70494107,2024-06-09,130,22.47,Poor,Completed,-457,Summers Miss Ltd,P388339233U,2025-09-09,Matthewshire,Small,516,Construction & Civil Works,50444007,2024-06-09,Supply and delivery of construction & civil works items,Ministry of Door
C-1737,1737,454,8022563.240865795,2020-02-28,5,8.82,Fair,Completed,-1403,Johnson Again Limited,P442219677Q,2024-01-01,North Matthewfurt,Medium,664,Office Stationery & Supplies,8036627,2020-02-28,Supply and delivery of office stationery & supplies items,Ministry of Able
C-1738,1738,422,1991293.362928322,2020-12-03,0,13.95,Fair,Completed,93,Russell North Group,P484708210X,2020-09-01,South Kyle,Large,609,Motor Vehicles & Spare Parts,2030440,2020-12-03,Supply and delivery of motor vehicles & spare parts items,Ministry of First
C-1739,1739,422,9337657.463408906,2025-09-25,14,9.16,Poor,Completed,1850,Russell North Group,P484708210X,2020-09-01,South Kyle,Large,609,Medical Supplies & Pharmaceuticals,8868201,2025-09-25,Supply and delivery of medical supplies & pharmaceuticals items,Ministry of They
C-1740,1740,58,5682816.361648054,2023-10-26,0,0.0,Good,Completed,1723,Ortiz Interesting Group,P848621833S,2019-02-06,East Robert,Small,715,Medical Supplies & Pharmaceuticals,5578878,2023-10-26,Supply and delivery of medical supplies & pharmaceuticals items,Ministry of Capital
C-1741,1741,104,5644403.0740500605,2023-12-03,54,0.0,Good,Completed,2317,Thompson Bad Group,P268075622A,2017-07-30,Hayesfort,Small,335,Consultancy Services,5779487,2023-12-03,Supply and delivery of consultancy services items,Ministry of Walk
C-1742,1742,472,4925368.299482617,2021-09-22,41,1.22,Good,Completed,-1127,Humphrey Everything Enterprise,P511289794P,2024-10-23,Armstrongfort,Small,429,Medical Supplies & Pharmaceuticals,4940349,2021-09-22,Supply and delivery of medical supplies & pharmaceuticals items,Ministry of Country
C-1743,1743,496,431006449.22356504,2022-12-13,5,0.0,Poor,Completed,1178,Richards Major Agencies,P226466892E,2019-09-22,Port Cynthiashire,Medium,541,Construction & Civil Works,447304312,2022-12-13,Supply and delivery of construction & civil works items,Ministry of Rise
C-1744,1744,13,1515461.630093527,2023-11-13,0,0.17,Fair,Completed,-361,Day Character Ltd,P384412919I,2024-11-08,Lake Anna,Small,687,Medical Supplies & Pharmaceuticals,1408014,2023-11-13,Supply and delivery of medical supplies & pharmaceuticals items,Ministry of Air
C-1745,1745,270,188048950.33868936,2020-09-18,7,3.1,Fair,Completed,454,Ramos Establish Limited,P902448600E,2019-06-22,East Maria,Medium,849,Construction & Civil Works,202600299,2020-09-18,Supply and delivery of construction & civil works items,Ministry of Factor
C-1746,1746,426,2817797.912237612,2022-12-16,38,7.63,Poor,Completed,-194,Wright Maintain Agencies,P209422179Z,2023-06-28,North Alexander,Medium,353,Office Stationery & Supplies,2921839,2022-12-16,Supply and delivery of office stationery & supplies items,Ministry of Audience
C-1747,1747,260,383125676.4687265,2023-08-05,2,6.87,Good,Completed,1425,Nunez Keep Ltd,P726745401T,2019-09-10,New Thomasshire,Small,542,Construction & Civil Works,374397535,2023-08-05,Supply and delivery of construction & civil works items,Ministry of High
C-1748,1748,459,3596950.6522277766,2023-06-27,3,0.0,Good,Completed,1169,Phillips Recently Ventures,P771186296M,2020-04-14,Gonzaleztown,Small,783,Motor Vehicles & Spare Parts,3702571,2023-06-27,Supply and delivery of motor vehicles & spare parts items,Ministry of Others
C-1749,1749,435,97916963.89045683,2022-08-13,0,0.0,Good,Completed,661,Harrington Guy Ltd,P707363258G,2020-10-21,Paulburgh,Small,631,Construction & Civil Works,105420844,2022-08-13,Supply and delivery of construction & civil works items,Ministry of Evening
C-1750,1750,490,3889177.1438243985,2023-10-07,13,0.0,Good,Completed,-453,Trujillo Suffer Agencies,P969761986M,2025-01-02,Guerreroberg,Small,665,Cleaning & Sanitary Services,3979928,2023-10-07,Supply and delivery of cleaning & sanitary services items,Ministry of Maybe
C-1751,1751,346,262293045.72268286,2025-11-04,61,0.0,Good,Completed,1991,Carter Room Ventures,P174258554Y,2020-05-23,Chambersberg,Large,481,Construction & Civil Works,280475335,2025-11-04,Supply and delivery of construction & civil works items,Ministry of Television
C-1752,1752,473,6760060.083615093,2020-09-19,0,0.29,Good,Completed,1584,Hill Charge Agencies,P763834967M,2016-05-19,Williamsmouth,Small,758,Office Stationery & Supplies,7062365,2020-09-19,Supply and delivery of office stationery & supplies items,Ministry of Music
C-1753,1753,160,3903768.222154131,2024-05-24,32,0.0,Fair,Completed,2841,Mendoza Interest Ltd,P557707813R,2016-08-13,South Jennifermouth,Small,341,Medical Supplies & Pharmaceuticals,3730400,2024-05-24,Supply and delivery of medical supplies & pharmaceuticals items,Ministry of Adult
C-1754,1754,82,3123793.1981695294,2025-01-26,18,6.42,Fair,Completed,1097,Stuart Serious Ventures,P222978730X,2022-01-25,West Daniel,Small,691,Office Stationery & Supplies,2954119,2025-01-26,Supply and delivery of office stationery & supplies items,Ministry of Commercial
C-1755,1755,471,6654982.148980768,2023-06-28,68,7.96,Fair,Completed,2191,Matthews Son Ltd,P207593219G,2017-06-28,Port Justinside,Small,456,ICT Equipment & Software,6807517,2023-06-28,Supply and delivery of ict equipment & software items,Ministry of Child
C-1756,1756,24,3193597.293222183,2021-12-01,5,0.01,Poor,Completed,-362,Marquez Inside Group,P821218382P,2022-11-28,Samuelhaven,Small,637,Office Stationery & Supplies,3405610,2021-12-01,Supply and delivery of office stationery & supplies items,Ministry of Unit
C-1757,1757,361,2076118.2847501307,2024-02-27,0,0.0,Good,Completed,1305,Baker Travel Enterprise,P625579419H,2020-08-01,Candicefurt,Small,741,Motor Vehicles & Spare Parts,2188618,2024-02-27,Supply and delivery of motor vehicles & spare parts items,Ministry of Heavy
C-1758,1758,188,7968728.763974557,2020-12-23,0,11.12,Good,Completed,200,Turner Face Agencies,P735032128D,2020-06-06,Williamport,Small,672,Motor Vehicles & Spare Parts,7696537,2020-12-23,Supply and delivery of motor vehicles & spare parts items,Ministry of Explain
C-1759,1759,428,4331857.400659008,2022-03-02,0,5.4,Good,Completed,122,Green Tax Limited,P180516876B,2021-10-31,East Rachelmouth,Small,789,Consultancy Services,4500852,2022-03-02,Supply and delivery of consultancy services items,Ministry of Provide
C-1760,1760,434,6362355.944585455,2025-06-21,7,5.49,Poor,Completed,1536,Mccoy Suffer Ltd,P683746914Y,2021-04-07,South Kimberlystad,Small,840,Consultancy Services,6859991,2025-06-21,Supply and delivery of consultancy services items,Ministry of Heart
C-1761,1761,446,7394856.494746694,2020-04-16,49,2.97,Poor,Completed,-807,Thompson Or Group,P844704803N,2022-07-02,Jeffreyshire,Medium,469,Cleaning & Sanitary Services,7158021,2020-04-16,Supply and delivery of cleaning & sanitary services items,Ministry of Film
C-1762,1762,290,6732989.837755077,2023-03-06,55,6.49,Poor,Completed,991,Brown Cause Limited,P651095672A,2020-06-18,Elliottside,Small,403,Consultancy Services,6219922,2023-03-06,Supply and delivery of consultancy services items,Ministry of Would
C-1763,1763,333,6826407.815476708,2020-06-17,0,12.98,Good,Completed,49,Frazier Recent Group,P508099975F,2020-04-29,Laurenland,Small,723,Cleaning & Sanitary Services,7019879,2020-06-17,Supply and delivery of cleaning & sanitary services items,Ministry of Daughter
C-1764,1764,434,136142887.70402884,2024-08-06,0,0.0,Good,Completed,1217,Mccoy Suffer Ltd,P683746914Y,2021-04-07,South Kimberlystad,Small,840,Construction & Civil Works,145879792,2024-08-06,Supply and delivery of construction & civil works items,Ministry of Cover
C-1765,1765,64,2750106.0974923163,2024-08-02,8,0.0,Good,Completed,2423,Horton Miss Agencies,P529123992P,2017-12-14,Lake Grace,Medium,702,Office Stationery & Supplies,2735122,2024-08-02,Supply and delivery of office stationery & supplies items,Ministry of Place
C-1766,1766,64,824736.5492096469,2024-07-07,8,1.97,Good,Completed,2397,Horton Miss Agencies,P529123992P,2017-12-14,Lake Grace,Medium,702,Office Stationery & Supplies,848692,2024-07-07,Supply and delivery of office stationery & supplies items,Ministry of Of
C-1767,1767,231,3864236.111244053,2021-12-07,8,8.33,Good,Completed,1208,Green Like Ventures,P330393232N,2018-08-17,Heatherfort,Small,833,Office Stationery & Supplies,3566689,2021-12-07,Supply and delivery of office stationery & supplies items,Ministry of Four
C-1768,1768,98,1622443.5548624406,2024-12-16,0,4.0,Poor,Completed,3070,Carter Yet Agencies,P235591568O,2016-07-21,Garciatown,Small,587,Motor Vehicles & Spare Parts,1714694,2024-12-16,Supply and delivery of motor vehicles & spare parts items,Ministry of Reveal
C-1769,1769,478,8957541.743096713,2024-10-18,2,7.87,Fair,Completed,211,Robertson Cold Limited,P170455681T,2024-03-21,Taylorhaven,Small,823,Medical Supplies & Pharmaceuticals,9070512,2024-10-18,Supply and delivery of medical supplies & pharmaceuticals items,Ministry of Experience
C-1770,1770,471,3806251.15892024,2024-02-10,46,4.21,Good,Completed,2418,Matthews Son Ltd,P207593219G,2017-06-28,Port Justinside,Small,456,Cleaning & Sanitary Services,3981143,2024-02-10,Supply and delivery of cleaning & sanitary services items,Ministry of Rise
C-1771,1771,324,2141963.0464259596,2022-03-05,59,2.22,Fair,Completed,233,Brown Act Agencies,P854674236K,2021-07-15,South Meganmouth,Small,479,Cleaning & Sanitary Services,2045537,2022-03-05,Supply and delivery of cleaning & sanitary services items,Ministry of Nor
C-1772,1772,370,8534976.660984436,2023-06-24,24,2.95,Good,Completed,720,Wilson Build Limited,P387643522X,2021-07-04,Amberton,Large,775,Cleaning & Sanitary Services,8041238,2023-06-24,Supply and delivery of cleaning & sanitary services items,Ministry of Than
C-1773,1773,134,9494850.26184202,2020-11-10,94,2.02,Good,Completed,845,Scott Act Limited,P963968184D,2018-07-19,Ericaburgh,Small,459,Consultancy Services,8872978,2020-11-10,Supply and delivery of consultancy services items,Ministry of Certain
C-1774,1774,218,3623526.3581940373,2023-02-09,21,1.99,Good,Completed,286,Cain At Ltd,P868847524X,2022-04-29,Johnsonborough,Small,634,Medical Supplies & Pharmaceuticals,3474659,2023-02-09,Supply and delivery of medical supplies & pharmaceuticals items,Ministry of Hotel
C-1775,1775,86,674195.0992495028,2024-09-02,0,0.34,Good,Completed,161,Garcia High Agencies,P782454310D,2024-03-25,South Gregory,Small,737,Cleaning & Sanitary Services,619385,2024-09-02,Supply and delivery of cleaning & sanitary services items,Ministry of Its
C-1776,1776,378,127069030.71649843,2022-01-15,25,0.0,Good,Completed,1299,Bridges Increase Ventures,P625552311J,2018-06-26,Courtneyfurt,Small,543,Construction & Civil Works,140789866,2022-01-15,Supply and delivery of construction & civil works items,Ministry of Whether
C-1777,1777,228,4855866.685750375,2020-12-23,46,0.0,Good,Completed,493,Herring Alone Enterprise,P749715626J,2019-08-18,Rushstad,Medium,392,Medical Supplies & Pharmaceuticals,5280703,2020-12-23,Supply and delivery of medical supplies & pharmaceuticals items,Ministry of Discover
C-1778,1778,64,342549971.1047549,2020-12-04,4,1.16,Good,Completed,1086,Horton Miss Agencies,P529123992P,2017-12-14,Lake Grace,Medium,702,Construction & Civil Works,353949608,2020-12-04,Supply and delivery of construction & civil works items,Ministry of Do
C-1779,1779,94,7556311.938471271,2024-12-26,57,9.75,Good,Completed,2071,Warner Experience Group,P429233929Q,2019-04-26,North Jennifer,Small,480,Medical Supplies & Pharmaceuticals,6953878,2024-12-26,Supply and delivery of medical supplies & pharmaceuticals items,Ministry of Stuff
C-1780,1780,115,8400507.947503867,2025-05-19,64,0.76,Good,Completed,264,Bryan Ability Limited,P806157458I,2024-08-28,Gutierrezborough,Small,419,Medical Supplies & Pharmaceuticals,7949453,2025-05-19,Supply and delivery of medical supplies & pharmaceuticals items,Ministry of Positive
C-1781,1781,433,3269915.555231458,2024-02-20,22,5.27,Good,Completed,1220,Miller Identify Ventures,P247356051A,2020-10-18,Lake Nicole,Small,566,Office Stationery & Supplies,3473307,2024-02-20,Supply and delivery of office stationery & supplies items,Ministry of Never
C-1782,1782,457,7006941.367923111,2025-01-27,0,3.56,Poor,Completed,1816,Spencer Wish Limited,P883803621I,2020-02-07,Donnaport,Small,634,Office Stationery & Supplies,7101837,2025-01-27,Supply and delivery of office stationery & supplies items,Ministry of Seem
C-1783,1783,137,7507577.462337843,2023-04-22,6,3.33,Fair,Completed,566,Haney Find Group,P123557463Q,2021-10-03,Hillshire,Medium,716,Office Stationery & Supplies,8165819,2023-04-22,Supply and delivery of office stationery & supplies items,Ministry of Something
C-1784,1784,365,408700202.35816383,2024-10-24,26,1.55,Good,Completed,1117,Henderson Message Ltd,P782364690I,2021-10-03,New Garrett,Small,677,Construction & Civil Works,387207913,2024-10-24,Supply and delivery of construction & civil works items,Ministry of Key
C-1785,1785,275,34095636.5692314,2022-10-05,6,0.0,Good,Completed,1618,Rodgers To Limited,P140048684L,2018-05-01,Khanburgh,Small,620,ICT Equipment & Software,31943759,2022-10-05,Supply and delivery of ict equipment & software items,Ministry of Ball
C-1786,1786,76,266705042.8008432,2020-09-12,125,44.43,Poor,Completed,-1646,Hooper None Ltd,P128955006Z,2025-03-16,North Dawnberg,Medium,719,Construction & Civil Works,264779006,2020-09-12,Supply and delivery of construction & civil works items,Ministry of Catch
C-1787,1787,269,10118956.992908886,2025-07-16,45,15.21,Fair,Completed,492,Blevins Summer Ventures,P257277541S,2024-03-11,West Stephanieland,Small,300,Medical Supplies & Pharmaceuticals,9288295,2025-07-16,Supply and delivery of medical supplies & pharmaceuticals items,Ministry of Media
C-1788,1788,463,30016680.381214503,2022-02-01,19,1.86,Good,Completed,159,Hernandez Same Limited,P816688804G,2021-08-26,Lake Mauriceside,Small,509,ICT Equipment & Software,29514915,2022-02-01,Supply and delivery of ict equipment & software items,Ministry of Rock
C-1789,1789,343,3625486.5331318686,2022-03-05,7,0.0,Good,Completed,-1208,Harris Former Group,P290736564Z,2025-06-25,Kellyfort,Small,563,Cleaning & Sanitary Services,3631674,2022-03-05,Supply and delivery of cleaning & sanitary services items,Ministry of Technology
C-1790,1790,380,469240789.208748,2022-08-26,93,39.54,Poor,Completed,-111,Wiley Look Group,P624033772U,2022-12-15,Port Kimland,Small,500,Construction & Civil Works,498875566,2022-08-26,Supply and delivery of construction & civil works items,Ministry of Picture
C-1791,1791,67,8511567.198137369,2023-02-20,12,4.37,Fair,Completed,664,Hansen Free Ltd,P910943524C,2021-04-27,Rivasside,Small,637,Medical Supplies & Pharmaceuticals,8839287,2023-02-20,Supply and delivery of medical supplies & pharmaceuticals items,Ministry of Guess
C-1792,1792,400,5829465.90631517,2021-01-12,16,13.51,Good,Completed,-967,Henderson Interest Enterprise,P188506190O,2023-09-06,West Christopher,Medium,572,Motor Vehicles & Spare Parts,6121656,2021-01-12,Supply and delivery of motor vehicles & spare parts items,Ministry of Fly
C-1793,1793,36,7258783.648210223,2020-03-04,2,0.0,Good,Completed,-220,Calhoun Nice Ltd,P269042105D,2020-10-10,Port Jacobland,Small,761,Motor Vehicles & Spare Parts,6619585,2020-03-04,Supply and delivery of motor vehicles & spare parts items,Ministry of Teacher
C-1794,1794,342,2524584.436354771,2020-09-16,4,1.96,Good,Completed,109,Jordan Than Group,P799045497M,2020-05-30,West Malik,Small,538,Office Stationery & Supplies,2526105,2020-09-16,Supply and delivery of office stationery & supplies items,Ministry of Career
C-1795,1795,419,6768177.134485841,2025-02-20,47,1.06,Good,Completed,1214,Wagner Public Enterprise,P980428452Z,2021-10-25,New Ashleychester,Large,360,Cleaning & Sanitary Services,6553877,2025-02-20,Supply and delivery of cleaning & sanitary services items,Ministry of Change
C-1796,1796,498,5777545.378107012,2024-02-16,16,6.37,Poor,Completed,1876,Brown Too Ltd,P261897130I,2018-12-28,West Robert,Medium,415,ICT Equipment & Software,5555769,2024-02-16,Supply and delivery of ict equipment & software items,Ministry of Food
C-1797,1797,410,6761973.208078535,2020-10-01,5,0.0,Poor,Completed,912,Wright Whole Agencies,P873403266U,2018-04-03,Margaretshire,Small,776,Medical Supplies & Pharmaceuticals,6161266,2020-10-01,Supply and delivery of medical supplies & pharmaceuticals items,Ministry of Case
C-1798,1798,480,5505610.060809475,2025-11-19,0,6.56,Good,Completed,254,Bush Eye Enterprise,P495514868D,2025-03-10,Reidville,Large,729,Office Stationery & Supplies,5674807,2025-11-19,Supply and delivery of office stationery & supplies items,Ministry of Large
C-1799,1799,331,6221026.062239236,2024-02-22,0,2.5,Good,Completed,2123,Jones Point Agencies,P925713533N,2018-05-01,Novakmouth,Medium,617,Consultancy Services,6609762,2024-02-22,Supply and delivery of consultancy services items,Ministry of Step
C-1800,1800,106,18882494.027187124,2020-09-01,0,8.95,Good,Completed,-1673,French Process Agencies,P733281747Q,2025-04-01,South Danny,Medium,770,ICT Equipment & Software,17821242,2020-09-01,Supply and delivery of ict equipment & software items,Ministry of After
C-1801,1801,217,35754387.40423791,2024-08-24,20,4.23,Good,Completed,1161,Li Continue Enterprise,P991617660X,2021-06-20,Pollardfort,Small,607,Construction & Civil Works,34540622,2024-08-24,Supply and delivery of construction & civil works items,Ministry of Sometimes
C-1802,1802,408,5975778.103465425,2022-08-02,40,0.0,Fair,Completed,-60,Wilson Sit Enterprise,P646346564A,2022-10-01,Port Michellebury,Medium,440,Office Stationery & Supplies,6584427,2022-08-02,Supply and delivery of office stationery & supplies items,Ministry of Debate
C-1803,1803,25,159748833.75752357,2020-08-24,143,45.29,Poor,Terminated,45,Wright Attack Group,P463016614B,2020-07-10,New Jeffrey,Small,516,Construction & Civil Works,170457588,2020-08-24,Supply and delivery of construction & civil works items,Ministry of Student
C-1804,1804,197,4530790.584176875,2023-12-16,33,2.7,Good,Completed,1773,Bennett Strong Enterprise,P452699013I,2019-02-07,Lake Ellenhaven,Small,418,Medical Supplies & Pharmaceuticals,4572089,2023-12-16,Supply and delivery of medical supplies & pharmaceuticals items,Ministry of Personal
C-1805,1805,470,366913.52080843225,2020-05-09,11,0.16,Good,Completed,396,Hill Low Ventures,P113275526Y,2019-04-09,Rodriguezberg,Small,696,Motor Vehicles & Spare Parts,368449,2020-05-09,Supply and delivery of motor vehicles & spare parts items,Ministry of By
C-1806,1806,373,7522846.166790425,2025-06-13,21,9.36,Good,Completed,615,Young Talk Enterprise,P892005907L,2023-10-07,Michellechester,Small,448,Motor Vehicles & Spare Parts,7720958,2025-06-13,Supply and delivery of motor vehicles & spare parts items,Ministry of Animal
C-1807,1807,407,20410809.270551354,2020-05-25,0,7.05,Good,Completed,1401,Villarreal Compare Enterprise,P494801749K,2016-07-24,Kerrishire,Medium,713,ICT Equipment & Software,21707891,2020-05-25,Supply and delivery of ict equipment & software items,Ministry of Region
C-1808,1808,429,9264857.786800228,2020-01-23,50,8.54,Good,Completed,-1476,Davis Throw Enterprise,P990514408Z,2024-02-07,Davidmouth,Medium,361,Medical Supplies & Pharmaceuticals,9134883,2020-01-23,Supply and delivery of medical supplies & pharmaceuticals items,Ministry of Big
C-1809,1809,120,9171371.547241863,2024-09-10,7,12.94,Fair,Completed,1655,Olson Marriage Agencies,P361704064D,2020-02-29,South James,Small,787,Motor Vehicles & Spare Parts,8613199,2024-09-10,Supply and delivery of motor vehicles & spare parts items,Ministry of Wife
C-1810,1810,146,7465518.005076415,2023-08-11,43,4.85,Good,Completed,641,Carson Yard Group,P498866784G,2021-11-08,South Angel,Medium,491,Motor Vehicles & Spare Parts,6922255,2023-08-11,Supply and delivery of motor vehicles & spare parts items,Ministry of People
C-1811,1811,304,261128368.08369935,2025-05-28,63,0.0,Fair,Completed,889,Russell First Limited,P504221050L,2022-12-21,Allenbury,Small,368,Construction & Civil Works,284422197,2025-05-28,Supply and delivery of construction & civil works items,Ministry of Crime
C-1812,1812,192,445851191.9724889,2024-01-09,169,42.56,Poor,Completed,-661,Miller Race Ltd,P285283722C,2025-10-31,Lake Samuel,Small,760,Construction & Civil Works,454734209,2024-01-09,Supply and delivery of construction & civil works items,Ministry of Air
C-1813,1813,200,10599070.019116273,2020-07-17,7,3.24,Good,Completed,-525,Moore Course Ltd,P992649957S,2021-12-24,Lake Samuel,Large,760,Cleaning & Sanitary Services,9823257,2020-07-17,Supply and delivery of cleaning & sanitary services items,Ministry of Throughout
C-1814,1814,496,1375743.3079122235,2024-06-22,0,8.86,Good,Completed,1735,Richards Major Agencies,P226466892E,2019-09-22,Port Cynthiashire,Medium,541,Consultancy Services,1260152,2024-06-22,Supply and delivery of consultancy services items,Ministry of Fall
C-1815,1815,314,10271373.853516616,2025-09-09,10,6.01,Poor,Completed,2332,James These Agencies,P363850592F,2019-04-22,Jonathanfort,Large,706,Medical Supplies & Pharmaceuticals,9472275,2025-09-09,Supply and delivery of medical supplies & pharmaceuticals items,Ministry of Happen
C-1816,1816,66,6480961.90516451,2022-02-10,0,13.21,Good,Completed,532,Grant Whose Ventures,P230307805D,2020-08-27,Port Steven,Medium,788,Cleaning & Sanitary Services,6405236,2022-02-10,Supply and delivery of cleaning & sanitary services items,Ministry of Top
C-1817,1817,33,5677239.114326488,2023-01-01,28,7.39,Good,Completed,-604,Barrera Community Ventures,P506919288A,2024-08-27,Bakermouth,Medium,332,Cleaning & Sanitary Services,6295196,2023-01-01,Supply and delivery of cleaning & sanitary services items,Ministry of Shoulder
C-1818,1818,248,171953761.88383397,2023-09-04,4,9.22,Good,Completed,1635,Owens Example Agencies,P582750043P,2019-03-14,North Brent,Small,836,Construction & Civil Works,167973989,2023-09-04,Supply and delivery of construction & civil works items,Ministry of Mouth
C-1819,1819,103,2963414.7312497203,2023-06-03,9,0.63,Good,Completed,481,Singh Yourself Enterprise,P918982730N,2022-02-07,West Donna,Small,707,Consultancy Services,2814766,2023-06-03,Supply and delivery of consultancy services items,Ministry of Bit
C-1820,1820,144,12979568.534771653,2024-11-30,28,15.65,Fair,Completed,-264,Taylor Draw Enterprise,P826197069U,2025-08-21,Coffeyside,Medium,719,ICT Equipment & Software,13672985,2024-11-30,Supply and delivery of ict equipment & software items,Ministry of Source
C-1821,1821,344,1244645.8890883247,2020-01-31,65,4.52,Poor,Completed,-2047,Casey Gas Limited,P503786306R,2025-09-08,Diazshire,Medium,387,Cleaning & Sanitary Services,1174477,2020-01-31,Supply and delivery of cleaning & sanitary services items,Ministry of Director
C-1822,1822,220,190961494.12093315,2024-04-17,56,0.75,Good,Completed,1297,Johnson Radio Enterprise,P305195749S,2020-09-28,Michelleton,Medium,437,Construction & Civil Works,174245460,2024-04-17,Supply and delivery of construction & civil works items,Ministry of Father
C-1823,1823,179,70610301.89952739,2021-01-11,28,6.5,Good,Completed,1363,Patel Drug Ltd,P637152602J,2017-04-19,Charleston,Medium,416,Construction & Civil Works,69940921,2021-01-11,Supply and delivery of construction & civil works items,Ministry of Somebody
C-1824,1824,240,402490.8101570331,2023-03-22,13,6.79,Good,Completed,1456,Fletcher Half Agencies,P657162259S,2019-03-27,West Jamesside,Small,327,Consultancy Services,397584,2023-03-22,Supply and delivery of consultancy services items,Ministry of Share
C-1825,1825,143,1018342.0220963575,2020-08-04,0,4.93,Good,Completed,-1665,Raymond Sure Limited,P416905717V,2025-02-24,Lindamouth,Medium,792,Office Stationery & Supplies,992015,2020-08-04,Supply and delivery of office stationery & supplies items,Ministry of Difficult
C-1826,1826,100,8399307.462239599,2025-07-09,28,5.85,Good,Completed,3058,Jones Million Limited,P179545125K,2017-02-23,East Edwardshire,Medium,403,Medical Supplies & Pharmaceuticals,8120497,2025-07-09,Supply and delivery of medical supplies & pharmaceuticals items,Ministry of Today
C-1827,1827,424,3058545.461230327,2024-03-30,3,0.92,Fair,Completed,2223,Gates Choose Limited,P197939109T,2018-02-27,West Randy,Small,517,Consultancy Services,2971259,2024-03-30,Supply and delivery of consultancy services items,Ministry of Hit
C-1828,1828,51,889998.8399019095,2024-03-09,0,10.8,Good,Completed,426,Reyes American Ventures,P605399561O,2023-01-08,Port Samantha,Small,673,Office Stationery & Supplies,954741,2024-03-09,Supply and delivery of office stationery & supplies items,Ministry of Crime
C-1829,1829,391,1986981.0342408826,2022-08-21,51,0.0,Fair,Completed,2391,Santos Less Group,P477084942U,2016-02-03,Lake Kaitlin,Medium,499,Motor Vehicles & Spare Parts,2123615,2022-08-21,Supply and delivery of motor vehicles & spare parts items,Ministry of Both
C-1830,1830,63,2915263.646014025,2021-01-31,41,2.51,Good,Completed,-1092,Hernandez Any Ltd,P362897676E,2024-01-28,South Robertshire,Small,486,Office Stationery & Supplies,3110087,2021-01-31,Supply and delivery of office stationery & supplies items,Ministry of Hear
C-1831,1831,4,20739974.27644539,2025-11-20,18,5.31,Good,Completed,2592,Booth Song Group,P965241839K,2018-10-16,Petersonberg,Medium,430,ICT Equipment & Software,22658515,2025-11-20,Supply and delivery of ict equipment & software items,Ministry of Language
C-1832,1832,461,363055838.2612864,2021-04-14,120,40.7,Poor,Completed,141,Guerrero Benefit Ltd,P789198776I,2020-11-24,Lopezfurt,Medium,700,Construction & Civil Works,360339975,2021-04-14,Supply and delivery of construction & civil works items,Ministry of Drive
C-1833,1833,257,231368.26899369358,2022-06-12,3,3.85,Good,Completed,885,Williams American Ltd,P247141682T,2020-01-09,Lindahaven,Small,576,Motor Vehicles & Spare Parts,235370,2022-06-12,Supply and delivery of motor vehicles & spare parts items,Ministry of Sort
C-1834,1834,144,4763847.877665999,2025-11-27,0,12.79,Good,Completed,98,Taylor Draw Enterprise,P826197069U,2025-08-21,Coffeyside,Medium,719,Consultancy Services,4742681,2025-11-27,Supply and delivery of consultancy services items,Ministry of Candidate
C-1835,1835,372,5798525.401746562,2022-10-17,19,10.68,Good,Completed,2361,Baker Training Ventures,P976955647F,2016-04-30,Grimesville,Large,591,Consultancy Services,6294868,2022-10-17,Supply and delivery of consultancy services items,Ministry of Nature
C-1836,1836,238,9679244.31591574,2020-10-24,77,5.02,Fair,Completed,1287,Calderon Ok Limited,P786973497L,2017-04-16,Port Tammy,Medium,307,Motor Vehicles & Spare Parts,9404612,2020-10-24,Supply and delivery of motor vehicles & spare parts items,Ministry of Sound
C-1837,1837,423,534026.2845693475,2022-03-02,0,8.09,Good,Completed,1281,Wilson Coach Group,P967150570R,2018-08-29,Margaretton,Medium,665,Office Stationery & Supplies,527244,2022-03-02,Supply and delivery of office stationery & supplies items,Ministry of Fight
C-1838,1838,151,3832294.2135188733,2023-05-05,21,4.76,Good,Completed,2559,Wood Life Ltd,P577488537P,2016-05-02,Corystad,Small,641,Cleaning & Sanitary Services,3655912,2023-05-05,Supply and delivery of cleaning & sanitary services items,Ministry of Amount
C-1839,1839,298,4756383.58065545,2020-06-29,57,7.93,Good,Completed,-608,Mayer Visit Group,P116799547P,2022-02-27,North Craig,Medium,417,Office Stationery & Supplies,4813199,2020-06-29,Supply and delivery of office stationery & supplies items,Ministry of Minute
C-1840,1840,405,20046357.521613367,2020-09-10,5,6.26,Good,Completed,-1027,Marks Significant Limited,P226762436X,2023-07-04,West Lindsayview,Small,792,ICT Equipment & Software,19791584,2020-09-10,Supply and delivery of ict equipment & software items,Ministry of Federal
C-1841,1841,388,888159.9049087429,2022-09-28,8,2.85,Fair,Completed,1633,Frazier Act Limited,P108657116S,2018-04-09,Lisachester,Medium,796,Medical Supplies & Pharmaceuticals,892330,2022-09-28,Supply and delivery of medical supplies & pharmaceuticals items,Ministry of Simply
C-1842,1842,132,1953799.6764910286,2021-11-14,0,5.38,Good,Completed,1249,Jenkins Rest Limited,P950961305L,2018-06-14,East Christian,Small,741,Medical Supplies & Pharmaceuticals,1842955,2021-11-14,Supply and delivery of medical supplies & pharmaceuticals items,Ministry of Thought
C-1843,1843,137,8576746.843966505,2022-08-30,12,0.0,Good,Completed,331,Haney Find Group,P123557463Q,2021-10-03,Hillshire,Medium,716,Medical Supplies & Pharmaceuticals,8754758,2022-08-30,Supply and delivery of medical supplies & pharmaceuticals items,Ministry of Once
C-1844,1844,209,37018497.45485614,2022-06-11,61,8.31,Good,Completed,2211,Lowery Marriage Ventures,P847401602I,2016-05-22,Westtown,Small,453,ICT Equipment & Software,35900396,2022-06-11,Supply and delivery of ict equipment & software items,Ministry of Top
C-1845,1845,112,8878308.037878884,2022-07-26,46,7.13,Good,Completed,-1246,Graham Teach Group,P627986559F,2025-12-23,Baileymouth,Small,304,Office Stationery & Supplies,8978023,2022-07-26,Supply and delivery of office stationery & supplies items,Ministry of Tough
C-1846,1846,275,3753380.123356298,2020-06-01,0,0.97,Good,Completed,762,Rodgers To Limited,P140048684L,2018-05-01,Khanburgh,Small,620,Motor Vehicles & Spare Parts,3603548,2020-06-01,Supply and delivery of motor vehicles & spare parts items,Ministry of Thought
C-1847,1847,52,6984925.277670886,2024-10-24,0,6.09,Poor,Completed,1939,Hoover Try Ltd,P344378798O,2019-07-04,Lake Jamesmouth,Small,796,Consultancy Services,7285115,2024-10-24,Supply and delivery of consultancy services items,Ministry of Wrong
C-1848,1848,423,46106548.9288308,2024-01-27,6,0.0,Fair,Completed,1977,Wilson Coach Group,P967150570R,2018-08-29,Margaretton,Medium,665,ICT Equipment & Software,42035944,2024-01-27,Supply and delivery of ict equipment & software items,Ministry of Country
C-1849,1849,295,4133179.912946412,2020-01-29,0,0.0,Good,Completed,1053,Haney Increase Enterprise,P667840357I,2017-03-12,Port Adam,Medium,849,Motor Vehicles & Spare Parts,4281726,2020-01-29,Supply and delivery of motor vehicles & spare parts items,Ministry of Represent
C-1850,1850,98,40692609.67171861,2022-12-13,8,0.37,Good,Completed,2336,Carter Yet Agencies,P235591568O,2016-07-21,Garciatown,Small,587,ICT Equipment & Software,40696052,2022-12-13,Supply and delivery of ict equipment & software items,Ministry of Book
C-1851,1851,382,7976441.071047818,2022-05-18,5,0.0,Good,Completed,-1210,Summers Miss Ltd,P388339233U,2025-09-09,Matthewshire,Small,516,Motor Vehicles & Spare Parts,8621267,2022-05-18,Supply and delivery of motor vehicles & spare parts items,Ministry of Necessary
C-1852,1852,359,302865329.6723518,2023-12-13,15,15.69,Good,Completed,1258,Jordan Above Agencies,P856704108N,2020-07-03,West Karen,Medium,536,Construction & Civil Works,292811147,2023-12-13,Supply and delivery of construction & civil works items,Ministry of Bed
C-1853,1853,60,376503218.83394706,2020-09-18,1,1.0,Fair,Completed,609,Clark Stock Enterprise,P722753913M,2019-01-18,Stevenmouth,Small,593,Construction & Civil Works,361177334,2020-09-18,Supply and delivery of construction & civil works items,Ministry of Indicate
C-1854,1854,331,5275931.69166285,2022-05-27,5,0.93,Good,Completed,1487,Jones Point Agencies,P925713533N,2018-05-01,Novakmouth,Medium,617,Cleaning & Sanitary Services,5041412,2022-05-27,Supply and delivery of cleaning & sanitary services items,Ministry of Performance
C-1855,1855,173,1078935.7251803693,2025-11-11,53,5.96,Good,Completed,2225,Chavez Coach Limited,P497341481T,2019-10-09,Kimberlyshire,Large,338,Motor Vehicles & Spare Parts,1036320,2025-11-11,Supply and delivery of motor vehicles & spare parts items,Ministry of Site
C-1856,1856,311,63962165.85800478,2025-07-20,41,4.27,Good,Completed,2359,Ward Us Group,P633947427D,2019-02-03,Port Tinafort,Large,426,Construction & Civil Works,60341816,2025-07-20,Supply and delivery of construction & civil works items,Ministry of Concern
C-1857,1857,340,5299060.430129881,2020-05-21,66,10.67,Good,Completed,505,Patton Herself Limited,P370260533P,2019-01-02,Wheelerborough,Medium,307,Motor Vehicles & Spare Parts,5522569,2020-05-21,Supply and delivery of motor vehicles & spare parts items,Ministry of Decide
C-1858,1858,421,1882620.0804393596,2022-01-11,18,3.03,Good,Completed,1038,Nelson Bad Agencies,P317661025I,2019-03-10,East Danielmouth,Medium,361,Cleaning & Sanitary Services,1747824,2022-01-11,Supply and delivery of cleaning & sanitary services items,Ministry of Physical
C-1859,1859,300,3739261.2426101016,2025-01-23,22,0.0,Good,Completed,2514,Shields Arrive Group,P250469429G,2018-03-07,Jimshire,Small,314,Cleaning & Sanitary Services,3483973,2025-01-23,Supply and delivery of cleaning & sanitary services items,Ministry of International
C-1860,1860,427,4634931.779152353,2020-09-25,37,2.01,Fair,Completed,-1307,Haas Case Ltd,P312743722Z,2024-04-24,Ginaland,Small,319,Office Stationery & Supplies,4225903,2020-09-25,Supply and delivery of office stationery & supplies items,Ministry of This
C-1861,1861,267,4897700.41479879,2022-07-19,48,2.2,Good,Completed,-429,Bush Road Group,P856975382F,2023-09-21,Timothyside,Small,417,Cleaning & Sanitary Services,4511054,2022-07-19,Supply and delivery of cleaning & sanitary services items,Ministry of Money
C-1862,1862,426,313919564.0948578,2021-09-02,129,41.44,Poor,Terminated,-664,Wright Maintain Agencies,P209422179Z,2023-06-28,North Alexander,Medium,353,Construction & Civil Works,340778320,2021-09-02,Supply and delivery of construction & civil works items,Ministry of Sell
C-1863,1863,392,8421487.390612528,2024-08-05,13,7.61,Good,Completed,-224,Jensen Level Ltd,P333264702F,2025-03-17,East Karenshire,Large,567,Cleaning & Sanitary Services,8810745,2024-08-05,Supply and delivery of cleaning & sanitary services items,Ministry of Personal
C-1864,1864,148,7530199.697308467,2021-08-21,41,0.71,Fair,Completed,-315,Wilson Answer Limited,P139956218T,2022-07-02,Wilsonbury,Small,395,Consultancy Services,8042992,2021-08-21,Supply and delivery of consultancy services items,Ministry of Strategy
C-1865,1865,336,4423062.898709535,2024-10-20,0,11.28,Fair,Completed,2728,Lopez List Limited,P698058121J,2017-05-02,Garcialand,Small,563,Cleaning & Sanitary Services,4673957,2024-10-20,Supply and delivery of cleaning & sanitary services items,Ministry of Yes
C-1866,1866,58,9474886.722605087,2022-05-26,29,6.07,Fair,Completed,1205,Ortiz Interesting Group,P848621833S,2019-02-06,East Robert,Small,715,Office Stationery & Supplies,9055118,2022-05-26,Supply and delivery of office stationery & supplies items,Ministry of Maybe
C-1867,1867,311,10575801.739551019,2023-12-31,39,4.88,Good,Completed,1792,Ward Us Group,P633947427D,2019-02-03,Port Tinafort,Large,426,Consultancy Services,9779502,2023-12-31,Supply and delivery of consultancy services items,Ministry of Interview
C-1868,1868,265,842911.2797782853,2025-12-03,8,5.17,Poor,Completed,127,Stevens No Limited,P467570835I,2025-07-29,Ericaview,Small,691,Cleaning & Sanitary Services,808092,2025-12-03,Supply and delivery of cleaning & sanitary services items,Ministry of Much
C-1869,1869,279,1099576.346415473,2021-09-03,54,4.79,Good,Completed,862,Simon Raise Group,P376236056T,2019-04-25,North Jill,Medium,436,Office Stationery & Supplies,1197996,2021-09-03,Supply and delivery of office stationery & supplies items,Ministry of Special
C-1870,1870,66,105963440.44481896,2022-09-23,8,4.1,Fair,Completed,757,Grant Whose Ventures,P230307805D,2020-08-27,Port Steven,Medium,788,Construction & Civil Works,115627230,2022-09-23,Supply and delivery of construction & civil works items,Ministry of Can
C-1871,1871,371,4461432.022401557,2021-07-03,39,14.52,Good,Completed,-769,Alexander Discover Agencies,P556506372G,2023-08-11,West Nancy,Small,429,Consultancy Services,4917911,2021-07-03,Supply and delivery of consultancy services items,Ministry of Modern
C-1872,1872,483,5269422.864182022,2021-05-20,0,4.42,Good,Completed,1368,Armstrong Difficult Enterprise,P337673911P,2017-08-21,Lake Jamie,Medium,835,Office Stationery & Supplies,4958939,2021-05-20,Supply and delivery of office stationery & supplies items,Ministry of Yes
C-1873,1873,449,702729.0286092283,2020-10-21,0,8.09,Poor,Completed,-584,Garcia Model Limited,P251014666V,2022-05-28,East Michaelmouth,Small,662,Cleaning & Sanitary Services,768629,2020-10-21,Supply and delivery of cleaning & sanitary services items,Ministry of Bit
C-1874,1874,36,1862983.7999611688,2024-06-04,5,5.63,Good,Completed,1333,Calhoun Nice Ltd,P269042105D,2020-10-10,Port Jacobland,Small,761,ICT Equipment & Software,1883640,2024-06-04,Supply and delivery of ict equipment & software items,Ministry of Then
C-1875,1875,207,6037592.576956869,2020-05-29,0,2.22,Good,Completed,-1792,Perry Individual Group,P639026034X,2025-04-25,South Virginia,Medium,745,ICT Equipment & Software,6551865,2020-05-29,Supply and delivery of ict equipment & software items,Ministry of Resource
C-1876,1876,7,6213434.058031612,2020-02-28,2,8.9,Good,Completed,-593,Bush Answer Ventures,P810026086O,2021-10-13,Traciebury,Small,759,Motor Vehicles & Spare Parts,6534323,2020-02-28,Supply and delivery of motor vehicles & spare parts items,Ministry of Country
C-1877,1877,435,4884199.762262838,2022-04-18,10,12.47,Good,Completed,544,Harrington Guy Ltd,P707363258G,2020-10-21,Paulburgh,Small,631,Cleaning & Sanitary Services,4663653,2022-04-18,Supply and delivery of cleaning & sanitary services items,Ministry of Respond
C-1878,1878,247,780704.3488516698,2021-12-17,8,5.01,Good,Completed,1008,Travis Hair Limited,P528118701I,2019-03-15,Zacharyville,Small,572,Office Stationery & Supplies,785503,2021-12-17,Supply and delivery of office stationery & supplies items,Ministry of Floor
C-1879,1879,60,11287350.973860422,2023-09-24,22,7.17,Good,Completed,1710,Clark Stock Enterprise,P722753913M,2019-01-18,Stevenmouth,Small,593,ICT Equipment & Software,10811825,2023-09-24,Supply and delivery of ict equipment & software items,Ministry of Big
C-1880,1880,287,4473980.528940873,2024-07-23,18,4.79,Good,Completed,366,Marks Beat Agencies,P664258474C,2023-07-23,Christianshire,Medium,721,Medical Supplies & Pharmaceuticals,4877421,2024-07-23,Supply and delivery of medical supplies & pharmaceuticals items,Ministry of Recent
C-1881,1881,191,5379146.333901575,2024-07-04,3,0.0,Fair,Completed,723,Morris Maybe Ventures,P638339044J,2022-07-12,South Dalemouth,Small,801,Consultancy Services,5796390,2024-07-04,Supply and delivery of consultancy services items,Ministry of Speak
C-1882,1882,346,2621999.287181382,2022-12-14,54,6.26,Fair,Completed,935,Carter Room Ventures,P174258554Y,2020-05-23,Chambersberg,Large,481,Medical Supplies & Pharmaceuticals,2597934,2022-12-14,Supply and delivery of medical supplies & pharmaceuticals items,Ministry of Man
C-1883,1883,309,744582.668104912,2021-03-18,1,0.0,Good,Completed,1127,Lee Site Ltd,P225967304V,2018-02-15,Rochaborough,Small,759,Office Stationery & Supplies,678110,2021-03-18,Supply and delivery of office stationery & supplies items,Ministry of Recently
C-1884,1884,482,4848515.743342518,2022-12-26,56,8.87,Fair,Completed,534,Cooper Third Enterprise,P377733976V,2021-07-10,West Anthonyton,Medium,498,Office Stationery & Supplies,4702606,2022-12-26,Supply and delivery of office stationery & supplies items,Ministry of Mother
C-1885,1885,123,8051595.185216134,2021-07-27,3,1.55,Good,Completed,64,Reed Old Group,P919128302I,2021-05-24,Gibsonmouth,Medium,546,Medical Supplies & Pharmaceuticals,8384578,2021-07-27,Supply and delivery of medical supplies & pharmaceuticals items,Ministry of Gun
C-1886,1886,192,94450157.14987412,2024-11-08,98,38.09,Poor,Terminated,-357,Miller Race Ltd,P285283722C,2025-10-31,Lake Samuel,Small,760,Construction & Civil Works,104797410,2024-11-08,Supply and delivery of construction & civil works items,Ministry of Now
C-1887,1887,418,4666089.564869862,2023-04-12,69,2.75,Poor,Completed,2495,Hall Through Ltd,P658087211A,2016-06-12,Stephenland,Small,439,Office Stationery & Supplies,4443699,2023-04-12,Supply and delivery of office stationery & supplies items,Ministry of South
C-1888,1888,378,6991038.738802118,2020-03-10,0,1.18,Fair,Completed,623,Bridges Increase Ventures,P625552311J,2018-06-26,Courtneyfurt,Small,543,Medical Supplies & Pharmaceuticals,7253314,2020-03-10,Supply and delivery of medical supplies & pharmaceuticals items,Ministry of Law
C-1889,1889,325,23329953.762495063,2025-04-12,34,0.0,Good,Completed,1319,Hodge Beyond Agencies,P667106600C,2021-09-01,East Rachel,Small,460,ICT Equipment & Software,24203983,2025-04-12,Supply and delivery of ict equipment & software items,Ministry of By
C-1890,1890,59,8660241.73850731,2022-04-20,49,11.12,Good,Completed,-1137,Byrd Weight Ventures,P286860433N,2025-05-31,Richardtown,Small,483,Medical Supplies & Pharmaceuticals,9424391,2022-04-20,Supply and delivery of medical supplies & pharmaceuticals items,Ministry of Forward
C-1891,1891,170,3227698.224504912,2025-02-11,52,3.78,Fair,Completed,378,Bruce Speak Ltd,P978779150N,2024-01-30,New Sarahview,Small,369,Consultancy Services,3006492,2025-02-11,Supply and delivery of consultancy services items,Ministry of Level
C-1892,1892,259,115179502.99922515,2022-10-04,57,43.41,Poor,Completed,297,Romero Mr Agencies,P671595541F,2021-12-11,Thomastown,Small,649,Construction & Civil Works,109197446,2022-10-04,Supply and delivery of construction & civil works items,Ministry of Alone
C-1893,1893,148,5944539.265464225,2021-01-22,69,3.2,Good,Completed,-526,Wilson Answer Limited,P139956218T,2022-07-02,Wilsonbury,Small,395,Office Stationery & Supplies,5786321,2021-01-22,Supply and delivery of office stationery & supplies items,Ministry of Receive
C-1894,1894,318,289825775.9854496,2025-02-28,10,0.0,Good,Completed,1496,Brooks Prepare Group,P784755860Q,2021-01-24,Hopkinstown,Small,608,Construction & Civil Works,301847714,2025-02-28,Supply and delivery of construction & civil works items,Ministry of Floor
C-1895,1895,243,1971581.2732604626,2025-04-22,15,3.08,Good,Completed,3230,May Part Enterprise,P384172112P,2016-06-18,Port Ashley,Medium,662,Medical Supplies & Pharmaceuticals,1865317,2025-04-22,Supply and delivery of medical supplies & pharmaceuticals items,Ministry of Community
C-1896,1896,404,28421432.78087581,2022-12-12,18,1.88,Good,Completed,2033,Smith Model Ltd,P472271797H,2017-05-19,Garyberg,Small,696,ICT Equipment & Software,28558751,2022-12-12,Supply and delivery of ict equipment & software items,Ministry of Center
C-1897,1897,24,3655118.13473925,2021-11-15,9,8.1,Good,Completed,-378,Marquez Inside Group,P821218382P,2022-11-28,Samuelhaven,Small,637,Cleaning & Sanitary Services,3345988,2021-11-15,Supply and delivery of cleaning & sanitary services items,Ministry of Improve
C-1898,1898,310,3158905.2460533464,2022-12-04,10,1.0,Good,Completed,1078,Allen Fund Ventures,P932701695S,2019-12-22,Owensstad,Small,623,Motor Vehicles & Spare Parts,3227022,2022-12-04,Supply and delivery of motor vehicles & spare parts items,Ministry of Break
C-1899,1899,231,8902699.567487933,2023-05-31,7,10.92,Good,Completed,1748,Green Like Ventures,P330393232N,2018-08-17,Heatherfort,Small,833,Cleaning & Sanitary Services,9082339,2023-05-31,Supply and delivery of cleaning & sanitary services items,Ministry of Military
C-1900,1900,154,7426065.245679612,2023-12-17,0,9.7,Good,Completed,-708,Buchanan Describe Enterprise,P173669588W,2025-11-24,New Jason,Small,754,Office Stationery & Supplies,7880047,2023-12-17,Supply and delivery of office stationery & supplies items,Ministry of Reveal
C-1901,1901,218,4152989.61744996,2023-03-27,11,6.15,Poor,Completed,332,Cain At Ltd,P868847524X,2022-04-29,Johnsonborough,Small,634,Medical Supplies & Pharmaceuticals,4390447,2023-03-27,Supply and delivery of medical supplies & pharmaceuticals items,Ministry of Many
C-1902,1902,135,225157.0033276405,2022-11-08,0,8.9,Fair,Completed,2231,Landry People Enterprise,P421214426O,2016-09-29,Vaughnmouth,Medium,679,Cleaning & Sanitary Services,244771,2022-11-08,Supply and delivery of cleaning & sanitary services items,Ministry of Too
C-1903,1903,58,5764042.640312677,2020-12-08,0,10.33,Fair,Completed,671,Ortiz Interesting Group,P848621833S,2019-02-06,East Robert,Small,715,Consultancy Services,5849593,2020-12-08,Supply and delivery of consultancy services items,Ministry of Arrive
C-1904,1904,17,1732168.1295603628,2022-05-07,43,3.78,Good,Completed,-170,Wilson Value Ventures,P676567501W,2022-10-24,Kaylamouth,Small,334,Medical Supplies & Pharmaceuticals,1920908,2022-05-07,Supply and delivery of medical supplies & pharmaceuticals items,Ministry of Miss
C-1905,1905,106,43034951.667019665,2023-07-18,0,12.89,Fair,Completed,-623,French Process Agencies,P733281747Q,2025-04-01,South Danny,Medium,770,ICT Equipment & Software,44160574,2023-07-18,Supply and delivery of ict equipment & software items,Ministry of Huge
C-1906,1906,238,3654053.6396981385,2023-09-13,70,5.68,Good,Completed,2341,Calderon Ok Limited,P786973497L,2017-04-16,Port Tammy,Medium,307,Office Stationery & Supplies,4016533,2023-09-13,Supply and delivery of office stationery & supplies items,Ministry of Head
C-1907,1907,342,4500618.25231108,2024-08-06,16,3.63,Good,Completed,1529,Jordan Than Group,P799045497M,2020-05-30,West Malik,Small,538,Motor Vehicles & Spare Parts,4470602,2024-08-06,Supply and delivery of motor vehicles & spare parts items,Ministry of Feel
C-1908,1908,162,5141884.830979412,2021-12-03,0,0.0,Good,Completed,22,Joseph I Limited,P741444618H,2021-11-11,Shawnchester,Small,514,Motor Vehicles & Spare Parts,4767592,2021-12-03,Supply and delivery of motor vehicles & spare parts items,Ministry of Ahead
C-1909,1909,116,7141168.048707615,2023-07-17,0,6.35,Good,Completed,858,Dean Moment Enterprise,P771527524C,2021-03-11,East Josephberg,Small,645,Motor Vehicles & Spare Parts,7384268,2023-07-17,Supply and delivery of motor vehicles & spare parts items,Ministry of Career
C-1910,1910,263,45394296.49629709,2025-01-07,40,0.0,Fair,Completed,1783,Harris More Ventures,P932120169N,2020-02-20,Salaston,Small,417,ICT Equipment & Software,48525351,2025-01-07,Supply and delivery of ict equipment & software items,Ministry of Happy
C-1911,1911,246,2845992.5479530003,2024-11-08,72,4.88,Fair,Completed,2654,Perry Majority Ltd,P319068042V,2017-08-03,West Michelle,Medium,327,Motor Vehicles & Spare Parts,3150999,2024-11-08,Supply and delivery of motor vehicles & spare parts items,Ministry of Past
C-1912,1912,407,2859983.7164332573,2020-02-28,0,10.97,Fair,Completed,1314,Villarreal Compare Enterprise,P494801749K,2016-07-24,Kerrishire,Medium,713,Medical Supplies & Pharmaceuticals,3151622,2020-02-28,Supply and delivery of medical supplies & pharmaceuticals items,Ministry of Vote
C-1913,1913,333,19587692.230362795,2023-10-01,8,4.07,Good,Completed,1250,Frazier Recent Group,P508099975F,2020-04-29,Laurenland,Small,723,ICT Equipment & Software,18052508,2023-10-01,Supply and delivery of ict equipment & software items,Ministry of Husband
C-1914,1914,110,159934711.01496562,2020-08-01,58,1.87,Fair,Completed,1577,Perez Represent Ltd,P997603725K,2016-04-07,Port Emilyview,Small,353,Construction & Civil Works,158328591,2020-08-01,Supply and delivery of construction & civil works items,Ministry of Hair
C-1915,1915,361,7027305.392884342,2025-12-13,0,9.94,Fair,Completed,1960,Baker Travel Enterprise,P625579419H,2020-08-01,Candicefurt,Small,741,Office Stationery & Supplies,6672829,2025-12-13,Supply and delivery of office stationery & supplies items,Ministry of Its
C-1916,1916,453,10937331.307307899,2022-02-08,58,4.29,Good,Completed,1857,Mendoza Treat Enterprise,P720682356P,2017-01-08,East Shannon,Large,316,ICT Equipment & Software,10489349,2022-02-08,Supply and delivery of ict equipment & software items,Ministry of Recently
C-1917,1917,423,25098839.213292874,2021-06-19,30,3.09,Good,Completed,1025,Wilson Coach Group,P967150570R,2018-08-29,Margaretton,Medium,665,ICT Equipment & Software,24393188,2021-06-19,Supply and delivery of ict equipment & software items,Ministry of Easy
C-1918,1918,353,4765010.580563747,2023-11-20,0,10.77,Good,Completed,355,Hernandez Ago Ventures,P618371508G,2022-11-30,Robertland,Medium,555,Consultancy Services,4514011,2023-11-20,Supply and delivery of consultancy services items,Ministry of Person
C-1919,1919,236,12912566.560394468,2020-07-05,2,3.86,Good,Completed,1404,Sanders Series Agencies,P871880418E,2016-08-31,Hammondshire,Small,649,ICT Equipment & Software,13254301,2020-07-05,Supply and delivery of ict equipment & software items,Ministry of Rise
C-1920,1920,369,8035816.582208934,2020-05-23,0,9.34,Good,Completed,1482,Walker Fight Group,P280613009X,2016-05-02,Cunninghamfort,Medium,754,Consultancy Services,7852342,2020-05-23,Supply and delivery of consultancy services items,Ministry of Focus
C-1921,1921,420,1068553.702517614,2020-09-07,0,13.77,Fair,Completed,-711,Anderson Film Group,P380236885U,2022-08-19,Haynesmouth,Small,739,Consultancy Services,1159165,2020-09-07,Supply and delivery of consultancy services items,Ministry of Condition
C-1922,1922,339,8215256.519783553,2020-02-13,0,1.52,Fair,Completed,994,Turner Mind Ltd,P256696327E,2017-05-25,South Joshua,Small,775,Cleaning & Sanitary Services,7695959,2020-02-13,Supply and delivery of cleaning & sanitary services items,Ministry of Gas
C-1923,1923,104,11323749.487804087,2020-03-22,37,11.13,Fair,Completed,966,Thompson Bad Group,P268075622A,2017-07-30,Hayesfort,Small,335,ICT Equipment & Software,12394780,2020-03-22,Supply and delivery of ict equipment & software items,Ministry of Really
C-1924,1924,44,8837721.0948239,2025-03-06,37,7.02,Fair,Completed,838,Farrell Mouth Agencies,P624557080Q,2022-11-19,North Cynthiaview,Medium,327,Cleaning & Sanitary Services,9314571,2025-03-06,Supply and delivery of cleaning & sanitary services items,Ministry of Out
C-1925,1925,182,4109524.1647379478,2023-02-01,0,0.0,Good,Completed,2264,Richard Either Agencies,P567804106L,2016-11-20,Warrenfurt,Large,528,Medical Supplies & Pharmaceuticals,4387382,2023-02-01,Supply and delivery of medical supplies & pharmaceuticals items,Ministry of Know
C-1926,1926,224,5238701.090182914,2021-08-07,15,3.77,Fair,Completed,1668,Murphy Find Agencies,P429097422C,2017-01-12,Jacksonmouth,Medium,410,Cleaning & Sanitary Services,5121983,2021-08-07,Supply and delivery of cleaning & sanitary services items,Ministry of Safe
C-1927,1927,225,2295143.324468403,2022-10-26,59,5.75,Poor,Completed,1203,Williams True Ltd,P478557676N,2019-07-11,Hillton,Small,394,ICT Equipment & Software,2485681,2022-10-26,Supply and delivery of ict equipment & software items,Ministry of Age
C-1928,1928,62,2456056.35779175,2025-11-29,26,1.34,Poor,Completed,1735,Schultz Government Agencies,P200273738W,2021-02-28,Lake Lance,Small,443,Motor Vehicles & Spare Parts,2661913,2025-11-29,Supply and delivery of motor vehicles & spare parts items,Ministry of Huge
C-1929,1929,380,253273179.40841144,2023-06-03,94,62.8,Poor,Terminated,170,Wiley Look Group,P624033772U,2022-12-15,Port Kimland,Small,500,Construction & Civil Works,256119332,2023-06-03,Supply and delivery of construction & civil works items,Ministry of Future
C-1930,1930,166,41597126.064168856,2023-06-08,38,0.0,Good,Completed,2360,Rodgers Task Limited,P239710404J,2016-12-21,New Sueside,Small,493,ICT Equipment & Software,45778419,2023-06-08,Supply and delivery of ict equipment & software items,Ministry of System
C-1931,1931,447,3969718.1872578254,2022-12-05,6,7.89,Good,Completed,-448,Gray Similar Ventures,P839269574S,2024-02-26,East Jessica,Medium,721,Cleaning & Sanitary Services,4362511,2022-12-05,Supply and delivery of cleaning & sanitary services items,Ministry of Rock
C-1932,1932,7,3776852.5937359994,2024-01-19,12,3.4,Good,Completed,828,Bush Answer Ventures,P810026086O,2021-10-13,Traciebury,Small,759,Office Stationery & Supplies,3586142,2024-01-19,Supply and delivery of office stationery & supplies items,Ministry of Great
C-1933,1933,497,1792631.0308104379,2022-12-24,0,0.57,Poor,Completed,-903,Jones Visit Ventures,P308889819G,2025-06-14,Port Erinhaven,Small,524,Office Stationery & Supplies,1659657,2022-12-24,Supply and delivery of office stationery & supplies items,Ministry of Talk
C-1934,1934,498,8632388.857516224,2024-08-02,22,2.0,Fair,Completed,2044,Brown Too Ltd,P261897130I,2018-12-28,West Robert,Medium,415,Office Stationery & Supplies,8296906,2024-08-02,Supply and delivery of office stationery & supplies items,Ministry of Group
C-1935,1935,13,327789855.4568822,2020-12-31,94,39.16,Poor,Completed,-1408,Day Character Ltd,P384412919I,2024-11-08,Lake Anna,Small,687,Construction & Civil Works,312928159,2020-12-31,Supply and delivery of construction & civil works items,Ministry of Firm
C-1936,1936,432,607886.4823198726,2022-03-07,21,13.37,Good,Completed,2128,Harvey Else Group,P795009888S,2016-05-09,Jenkinsside,Small,628,Medical Supplies & Pharmaceuticals,645726,2022-03-07,Supply and delivery of medical supplies & pharmaceuticals items,Ministry of Least
C-1937,1937,108,7933932.876454183,2021-03-18,45,17.47,Good,Completed,-273,Holloway Will Ltd,P409893263C,2021-12-16,South Haleyfurt,Small,489,Medical Supplies & Pharmaceuticals,7866824,2021-03-18,Supply and delivery of medical supplies & pharmaceuticals items,Ministry of Prove
C-1938,1938,253,8174229.616830265,2025-01-30,8,3.09,Poor,Completed,1740,Khan Short Ventures,P492750748W,2020-04-26,Diazfurt,Small,724,Office Stationery & Supplies,8930852,2025-01-30,Supply and delivery of office stationery & supplies items,Ministry of Store
C-1939,1939,38,608218.5067935344,2020-06-14,0,0.0,Fair,Completed,-441,Stewart Every Agencies,P319321646Q,2021-08-29,Johnfurt,Small,692,Cleaning & Sanitary Services,590999,2020-06-14,Supply and delivery of cleaning & sanitary services items,Ministry of To
C-1940,1940,139,6257930.935971261,2023-03-20,5,4.58,Good,Completed,-201,Hall Suffer Group,P478301747O,2023-10-07,New John,Small,601,Cleaning & Sanitary Services,6300853,2023-03-20,Supply and delivery of cleaning & sanitary services items,Ministry of Field
C-1941,1941,203,122502326.25538845,2021-08-03,145,54.51,Poor,Completed,-45,Alexander Specific Ventures,P402550088X,2021-09-17,Shawchester,Medium,736,Construction & Civil Works,113285907,2021-08-03,Supply and delivery of construction & civil works items,Ministry of Finish
C-1942,1942,137,9069098.638896361,2025-12-22,0,2.34,Good,Completed,1541,Haney Find Group,P123557463Q,2021-10-03,Hillshire,Medium,716,Cleaning & Sanitary Services,8896015,2025-12-22,Supply and delivery of cleaning & sanitary services items,Ministry of Interest
C-1943,1943,126,1542659.084006379,2024-10-28,26,12.88,Good,Completed,1411,Johnson Morning Agencies,P733701411V,2020-12-17,Port Meganville,Small,346,Motor Vehicles & Spare Parts,1403306,2024-10-28,Supply and delivery of motor vehicles & spare parts items,Ministry of Probably
C-1944,1944,96,8106924.14312586,2024-06-15,43,0.0,Poor,Completed,2075,Lawrence Soon Group,P663324548M,2018-10-10,Tinaborough,Small,460,Consultancy Services,8909210,2024-06-15,Supply and delivery of consultancy services items,Ministry of Best
C-1945,1945,5,45326280.02197979,2024-04-21,1,0.0,Good,Completed,2244,Gallagher Blue Agencies,P199585092Y,2018-02-28,West Melanieview,Small,643,ICT Equipment & Software,44070690,2024-04-21,Supply and delivery of ict equipment & software items,Ministry of Particular
C-1946,1946,28,458120718.3135682,2020-07-26,144,44.85,Poor,Completed,-1284,Lee Bill Ltd,P807577342B,2024-01-31,Rodneymouth,Large,643,Construction & Civil Works,449652859,2020-07-26,Supply and delivery of construction & civil works items,Ministry of Great
C-1947,1947,13,2334138.1608469733,2021-08-21,11,4.33,Good,Completed,-1175,Day Character Ltd,P384412919I,2024-11-08,Lake Anna,Small,687,Medical Supplies & Pharmaceuticals,2443136,2021-08-21,Supply and delivery of medical supplies & pharmaceuticals items,Ministry of Our
C-1948,1948,64,45020427.55174596,2024-10-21,0,0.0,Good,Completed,2503,Horton Miss Agencies,P529123992P,2017-12-14,Lake Grace,Medium,702,ICT Equipment & Software,47798672,2024-10-21,Supply and delivery of ict equipment & software items,Ministry of May
C-1949,1949,102,4214155.708105608,2022-07-24,7,0.0,Good,Completed,-440,James When Group,P575368059T,2023-10-07,Torreston,Small,837,Office Stationery & Supplies,4522888,2022-07-24,Supply and delivery of office stationery & supplies items,Ministry of Hand
C-1950,1950,303,257761592.52405217,2024-10-09,0,4.69,Good,Completed,915,Simmons Mission Enterprise,P150341410W,2022-04-08,Floydmouth,Medium,591,Construction & Civil Works,246305366,2024-10-09,Supply and delivery of construction & civil works items,Ministry of Reach
C-1951,1951,399,16288680.017584251,2024-12-09,0,1.44,Good,Completed,2305,Williams As Agencies,P947493681Z,2018-08-18,Courtneyhaven,Small,701,ICT Equipment & Software,17362382,2024-12-09,Supply and delivery of ict equipment & software items,Ministry of Mother
C-1952,1952,451,3420454.6925137127,2024-10-27,0,3.06,Good,Completed,2454,Steele Hard Ventures,P375584366Y,2018-02-07,Lake Aaronfurt,Small,823,Consultancy Services,3543571,2024-10-27,Supply and delivery of consultancy services items,Ministry of Lead
C-1953,1953,126,432857.12214068905,2023-12-24,25,6.26,Good,Completed,1102,Johnson Morning Agencies,P733701411V,2020-12-17,Port Meganville,Small,346,Motor Vehicles & Spare Parts,397883,2023-12-24,Supply and delivery of motor vehicles & spare parts items,Ministry of Form
C-1954,1954,78,11862894.743093137,2021-03-14,15,4.56,Good,Completed,-884,Gray Soldier Enterprise,P993271900A,2023-08-15,Maryfort,Small,772,ICT Equipment & Software,13041175,2021-03-14,Supply and delivery of ict equipment & software items,Ministry of Interest
C-1955,1955,389,1625900.0535844308,2021-07-04,7,1.72,Good,Completed,-527,Woods Drop Ventures,P511318205F,2022-12-13,North Lawrenceport,Small,515,Motor Vehicles & Spare Parts,1543401,2021-07-04,Supply and delivery of motor vehicles & spare parts items,Ministry of Myself
C-1956,1956,325,6681583.096424568,2022-09-20,43,0.0,Good,Completed,384,Hodge Beyond Agencies,P667106600C,2021-09-01,East Rachel,Small,460,Cleaning & Sanitary Services,6870153,2022-09-20,Supply and delivery of cleaning & sanitary services items,Ministry of Source
C-1957,1957,215,264588584.3037551,2023-04-14,82,30.95,Poor,Completed,335,Zavala Environment Enterprise,P902425085B,2022-05-14,Kristinastad,Large,605,Construction & Civil Works,285915437,2023-04-14,Supply and delivery of construction & civil works items,Ministry of Upon
C-1958,1958,256,27356799.236623086,2020-02-10,4,2.12,Good,Completed,-1405,Morgan Wrong Group,P492566853W,2023-12-16,East Carrie,Small,676,ICT Equipment & Software,28398230,2020-02-10,Supply and delivery of ict equipment & software items,Ministry of Score
C-1959,1959,158,3908551.831638475,2023-02-05,0,1.97,Good,Completed,850,Strickland Must Ltd,P737444033G,2020-10-08,Gordonton,Small,768,Motor Vehicles & Spare Parts,4255304,2023-02-05,Supply and delivery of motor vehicles & spare parts items,Ministry of Culture
C-1960,1960,200,160889558.5490828,2023-06-17,0,6.05,Good,Completed,540,Moore Course Ltd,P992649957S,2021-12-24,Lake Samuel,Large,760,Construction & Civil Works,162705549,2023-06-17,Supply and delivery of construction & civil works items,Ministry of Different
C-1961,1961,79,4218010.40701163,2023-12-18,6,9.24,Good,Completed,2835,Ryan Hard Enterprise,P340756713P,2016-03-14,Port Susanton,Large,637,Office Stationery & Supplies,3909395,2023-12-18,Supply and delivery of office stationery & supplies items,Ministry of Than
C-1962,1962,212,2875958.593457993,2024-06-14,0,11.22,Fair,Completed,905,Smith Myself Ltd,P717452511P,2021-12-22,West Ruben,Small,688,ICT Equipment & Software,3159786,2024-06-14,Supply and delivery of ict equipment & software items,Ministry of Manage
C-1963,1963,204,8981477.69364465,2021-08-10,0,5.82,Good,Completed,-1484,Montoya Suddenly Group,P749252434I,2025-09-02,Brettfort,Medium,757,Office Stationery & Supplies,8801524,2021-08-10,Supply and delivery of office stationery & supplies items,Ministry of Pull
C-1964,1964,449,9684961.219638176,2023-03-13,16,10.6,Good,Completed,289,Garcia Model Limited,P251014666V,2022-05-28,East Michaelmouth,Small,662,Consultancy Services,8837452,2023-03-13,Supply and delivery of consultancy services items,Ministry of Possible
C-1965,1965,339,4823003.27325682,2025-02-11,15,0.0,Good,Completed,2819,Turner Mind Ltd,P256696327E,2017-05-25,South Joshua,Small,775,Motor Vehicles & Spare Parts,4422751,2025-02-11,Supply and delivery of motor vehicles & spare parts items,Ministry of What
C-1966,1966,74,5460721.2184447,2022-08-08,0,3.45,Good,Completed,442,Navarro Such Ltd,P747737533O,2021-05-23,Robinsonchester,Small,507,Cleaning & Sanitary Services,5348575,2022-08-08,Supply and delivery of cleaning & sanitary services items,Ministry of Others
C-1967,1967,490,21149600.33123418,2024-05-11,0,0.0,Good,Completed,-236,Trujillo Suffer Agencies,P969761986M,2025-01-02,Guerreroberg,Small,665,ICT Equipment & Software,20208747,2024-05-11,Supply and delivery of ict equipment & software items,Ministry of As
C-1968,1968,224,199558469.71690542,2023-02-18,52,0.0,Fair,Completed,2228,Murphy Find Agencies,P429097422C,2017-01-12,Jacksonmouth,Medium,410,Construction & Civil Works,196673129,2023-02-18,Supply and delivery of construction & civil works items,Ministry of His
C-1969,1969,119,15589418.641180469,2022-10-10,15,14.95,Good,Completed,786,Wilson There Limited,P265325235F,2020-08-15,Williamview,Small,395,ICT Equipment & Software,16595285,2022-10-10,Supply and delivery of ict equipment & software items,Ministry of Effect
C-1970,1970,28,1461134.6177712986,2020-11-25,0,1.62,Good,Completed,-1162,Lee Bill Ltd,P807577342B,2024-01-31,Rodneymouth,Large,643,Office Stationery & Supplies,1514474,2020-11-25,Supply and delivery of office stationery & supplies items,Ministry of Reveal
C-1971,1971,15,42640828.81899471,2024-08-04,12,4.88,Fair,Completed,1274,Davis Anyone Limited,P217734861J,2021-02-07,Port Erin,Small,639,Construction & Civil Works,46604850,2024-08-04,Supply and delivery of construction & civil works items,Ministry of Three
C-1972,1972,306,21331581.791183487,2022-08-11,0,6.21,Good,Completed,475,Price Especially Agencies,P318331154V,2021-04-23,South Melanieland,Small,645,ICT Equipment & Software,22521977,2022-08-11,Supply and delivery of ict equipment & software items,Ministry of From
C-1973,1973,439,1730002.282428323,2025-02-27,4,4.69,Fair,Completed,430,Kelly Those Enterprise,P286521875L,2023-12-25,New Louis,Medium,753,Cleaning & Sanitary Services,1669720,2025-02-27,Supply and delivery of cleaning & sanitary services items,Ministry of Which
C-1974,1974,340,5709086.011262259,2020-05-21,15,16.35,Poor,Completed,505,Patton Herself Limited,P370260533P,2019-01-02,Wheelerborough,Medium,307,Medical Supplies & Pharmaceuticals,5281930,2020-05-21,Supply and delivery of medical supplies & pharmaceuticals items,Ministry of Democrat
C-1975,1975,40,7696845.413646051,2025-01-27,3,11.81,Good,Completed,-327,Jones Different Enterprise,P643189555Q,2025-12-20,West Nicole,Small,540,Motor Vehicles & Spare Parts,7743374,2025-01-27,Supply and delivery of motor vehicles & spare parts items,Ministry of Example
C-1976,1976,351,45885822.32522893,2024-12-09,15,0.89,Fair,Completed,-265,Jordan Action Limited,P205877984Q,2025-08-31,New Julie,Large,822,ICT Equipment & Software,44425579,2024-12-09,Supply and delivery of ict equipment & software items,Ministry of Race
C-1977,1977,291,4576208.556830717,2020-12-17,62,0.19,Good,Completed,120,Roman Several Enterprise,P123375849Z,2020-08-19,Lisaborough,Small,497,Medical Supplies & Pharmaceuticals,5014150,2020-12-17,Supply and delivery of medical supplies & pharmaceuticals items,Ministry of Right
C-1978,1978,49,5850496.446934583,2023-08-10,12,10.97,Good,Completed,-782,Brady Wish Agencies,P354194771K,2025-09-30,South Angel,Small,617,Cleaning & Sanitary Services,5382433,2023-08-10,Supply and delivery of cleaning & sanitary services items,Ministry of Into
C-1979,1979,152,42993300.83963631,2021-06-06,63,9.1,Good,Completed,-8,Levine Her Group,P165015165Z,2021-06-14,Jamesville,Medium,476,ICT Equipment & Software,41792602,2021-06-06,Supply and delivery of ict equipment & software items,Ministry of Citizen
C-1980,1980,240,8708009.643388888,2021-02-24,55,0.0,Good,Completed,700,Fletcher Half Agencies,P657162259S,2019-03-27,West Jamesside,Small,327,Office Stationery & Supplies,8521374,2021-02-24,Supply and delivery of office stationery & supplies items,Ministry of Else
C-1981,1981,388,6531031.7032851335,2024-10-12,1,9.96,Good,Completed,2378,Frazier Act Limited,P108657116S,2018-04-09,Lisachester,Medium,796,Motor Vehicles & Spare Parts,6389270,2024-10-12,Supply and delivery of motor vehicles & spare parts items,Ministry of Force
C-1982,1982,453,1495526.977498301,2022-10-13,67,3.32,Fair,Completed,2104,Mendoza Treat Enterprise,P720682356P,2017-01-08,East Shannon,Large,316,Cleaning & Sanitary Services,1560235,2022-10-13,Supply and delivery of cleaning & sanitary services items,Ministry of Opportunity
C-1983,1983,104,1417028.2073531765,2025-12-11,47,12.61,Good,Completed,3056,Thompson Bad Group,P268075622A,2017-07-30,Hayesfort,Small,335,Consultancy Services,1527197,2025-12-11,Supply and delivery of consultancy services items,Ministry of Knowledge
C-1984,1984,199,4387918.605762971,2023-11-18,31,0.0,Good,Completed,2309,Phillips Story Ltd,P208599066G,2017-07-23,Lake Matthewberg,Small,581,Office Stationery & Supplies,4228784,2023-11-18,Supply and delivery of office stationery & supplies items,Ministry of Although
C-1985,1985,307,7940212.464624454,2021-03-18,0,5.33,Poor,Completed,-56,Calderon Approach Agencies,P388258432Y,2021-05-13,Port Charlesshire,Medium,517,Motor Vehicles & Spare Parts,7239580,2021-03-18,Supply and delivery of motor vehicles & spare parts items,Ministry of Explain
C-1986,1986,73,462390163.1681181,2020-10-25,43,3.71,Good,Completed,367,Smith He Group,P420632895W,2019-10-24,Castanedachester,Medium,308,Construction & Civil Works,439131319,2020-10-25,Supply and delivery of construction & civil works items,Ministry of Evening
C-1987,1987,193,3938769.353047687,2024-09-26,15,0.0,Good,Completed,1583,Mills Cold Ventures,P490732457X,2020-05-27,Paulmouth,Small,846,Medical Supplies & Pharmaceuticals,3961460,2024-09-26,Supply and delivery of medical supplies & pharmaceuticals items,Ministry of Fall
C-1988,1988,480,409104.23334599886,2023-12-14,30,10.61,Good,Completed,-452,Bush Eye Enterprise,P495514868D,2025-03-10,Reidville,Large,729,Consultancy Services,411385,2023-12-14,Supply and delivery of consultancy services items,Ministry of Control
C-1989,1989,380,3842082.276204297,2023-11-12,0,4.5,Good,Completed,332,Wiley Look Group,P624033772U,2022-12-15,Port Kimland,Small,500,Medical Supplies & Pharmaceuticals,3707323,2023-11-12,Supply and delivery of medical supplies & pharmaceuticals items,Ministry of And
C-1990,1990,499,6469777.0229626885,2025-10-12,30,7.8,Good,Completed,1489,Knox Lot Limited,P253785761U,2021-09-14,Port Christopher,Small,493,Cleaning & Sanitary Services,6614524,2025-10-12,Supply and delivery of cleaning & sanitary services items,Ministry of Mention
C-1991,1991,492,9449218.961247692,2024-09-09,72,12.27,Good,Completed,1042,Cooley Team Ltd,P303919854V,2021-11-02,Lake Amanda,Medium,401,Motor Vehicles & Spare Parts,9422084,2024-09-09,Supply and delivery of motor vehicles & spare parts items,Ministry of Around
C-1992,1992,317,960445.0441545064,2025-02-26,2,6.57,Good,Completed,549,Gutierrez Thousand Ltd,P777210736O,2023-08-27,Lake Edwardborough,Small,670,Cleaning & Sanitary Services,909359,2025-02-26,Supply and delivery of cleaning & sanitary services items,Ministry of Because
C-1993,1993,232,2295153.3953281688,2021-11-18,12,0.89,Poor,Completed,1414,Taylor Back Group,P585377142L,2018-01-04,Osbornmouth,Small,532,Cleaning & Sanitary Services,2301580,2021-11-18,Supply and delivery of cleaning & sanitary services items,Ministry of Fire
C-1994,1994,472,1614682.575404082,2025-03-14,20,0.0,Good,Completed,142,Humphrey Everything Enterprise,P511289794P,2024-10-23,Armstrongfort,Small,429,Medical Supplies & Pharmaceuticals,1594139,2025-03-14,Supply and delivery of medical supplies & pharmaceuticals items,Ministry of Wear
C-1995,1995,349,3194384.864195132,2025-09-23,11,0.0,Good,Completed,987,Burnett Phone Group,P785240944F,2023-01-10,Port Johnstad,Small,680,Consultancy Services,3109828,2025-09-23,Supply and delivery of consultancy services items,Ministry of Watch
C-1996,1996,328,163021.87810947144,2022-03-07,18,8.68,Good,Completed,-743,Nicholson Woman Ltd,P182611003T,2024-03-19,New John,Small,641,Consultancy Services,169518,2022-03-07,Supply and delivery of consultancy services items,Ministry of Really
C-1997,1997,456,8309362.720541903,2025-04-24,29,5.84,Good,Completed,-44,Martin Voice Agencies,P566219118K,2025-06-07,North Markborough,Small,532,Medical Supplies & Pharmaceuticals,8608851,2025-04-24,Supply and delivery of medical supplies & pharmaceuticals items,Ministry of Industry
C-1998,1998,361,6368711.048703686,2025-08-28,9,6.23,Good,Completed,1853,Baker Travel Enterprise,P625579419H,2020-08-01,Candicefurt,Small,741,Office Stationery & Supplies,6142060,2025-08-28,Supply and delivery of office stationery & supplies items,Ministry of Shake
C-1999,1999,226,24083135.281437986,2025-01-20,17,0.0,Good,Completed,3030,Walsh Himself Enterprise,P650921917Z,2016-10-04,North Douglas,Small,819,ICT Equipment & Software,23964980,2025-01-20,Supply and delivery of ict equipment & software items,Ministry of Eat
C-2000,2000,273,2844166.2271712176,2020-09-02,25,8.76,Fair,Completed,1336,Townsend Accept Ltd,P690936560K,2017-01-05,Delgadofort,Small,309,Consultancy Services,2876374,2020-09-02,Supply and delivery of consultancy services items,Ministry of Simple
