tender_id,category,tender_budget_kes,tender_open_date,tender_description,procuring_entity
1,ICT Equipment & Software,45788543,2020-07-21,Supply and delivery of ict equipment & software items,Ministry of Especially
2,Cleaning & Sanitary Services,5234544,2021-01-25,Supply and delivery of cleaning & sanitary services items,Ministry of Spend
3,Motor Vehicles & Spare Parts,5405431,2025-03-11,Supply and delivery of motor vehicles & spare parts items,Ministry of Behind
4,ICT Equipment & Software,16906440,2020-02-14,Supply and delivery of ict equipment & software items,Ministry of Detail
5,Cleaning & Sanitary Services,3235812,2020-12-23,Supply and delivery of cleaning & sanitary services items,Ministry of State
6,Medical Supplies & Pharmaceuticals,3038687,2022-05-31,Supply and delivery of medical supplies & pharmaceuticals items,Ministry of Radio
7,Consultancy Services,5253435,2024-07-06,Supply and delivery of consultancy services items,Ministry of Ready
8,Office Stationery & Supplies,3789024,2020-12-03,Supply and delivery of office stationery & supplies items,Ministry of Fire
9,Office Stationery & Supplies,3802418,2022-12-11,Supply and delivery of office stationery & supplies items,Ministry of Lay
10,Construction & Civil Works,403194586,2024-05-31,Supply and delivery of construction & civil works items,Ministry of Will
11,ICT Equipment & Software,4141771,2021-11-10,Supply and delivery of ict equipment & software items,Ministry of Reveal
12,Medical Supplies & Pharmaceuticals,4179441,2023-08-15,Supply and delivery of medical supplies & pharmaceuticals items,Ministry of Her
13,Motor Vehicles & Spare Parts,6875602,2023-12-29,Supply and delivery of motor vehicles & spare parts items,Ministry of There
14,Consultancy Services,2288370,2022-03-16,Supply and delivery of consultancy services items,Ministry of Decision
15,Construction & Civil Works,14937093,2022-12-08,Supply and delivery of construction & civil works items,Ministry of Value
16,Medical Supplies & Pharmaceuticals,7085945,2022-04-30,Supply and delivery of medical supplies & pharmaceuticals items,Ministry of Executive
17,Consultancy Services,4094528,2023-05-18,Supply and delivery of consultancy services items,Ministry of Land
18,Medical Supplies & Pharmaceuticals,2241912,2020-07-16,Supply and delivery of medical supplies & pharmaceuticals items,Ministry of Knowledge
19,Motor Vehicles & Spare Parts,2062889,2024-11-11,Supply and delivery of motor vehicles & spare parts items,Ministry of Positive
20,Motor Vehicles & Spare Parts,1496436,2021-02-12,Supply and delivery of motor vehicles & spare parts items,Ministry of Professor
21,Consultancy Services,2295690,2022-07-22,Supply and delivery of consultancy services items,Ministry of Amount
22,Consultancy Services,5270080,2023-01-29,Supply and delivery of consultancy services items,Ministry of Major
23,Medical Supplies & Pharmaceuticals,3082410,2024-01-22,Supply and delivery of medical supplies & pharmaceuticals items,Ministry of Raise
24,Construction & Civil Works,224508163,2024-02-12,Supply and delivery of construction & civil works items,Ministry of Clear
25,Motor Vehicles & Spare Parts,5156093,2025-08-01,Supply and delivery of motor vehicles & spare parts items,Ministry of New
26,Construction & Civil Works,457538900,2023-10-11,Supply and delivery of construction & civil works items,Ministry of Network
27,Medical Supplies & Pharmaceuticals,2564722,2020-07-02,Supply and delivery of medical supplies & pharmaceuticals items,Ministry of Management
28,Office Stationery & Supplies,5730761,2022-08-16,Supply and delivery of office stationery & supplies items,Ministry of What
29,Construction & Civil Works,477663140,2024-10-22,Supply and delivery of construction & civil works items,Ministry of First
30,Cleaning & Sanitary Services,1822907,2020-11-21,Supply and delivery of cleaning & sanitary services items,Ministry of Care
31,Construction & Civil Works,438653090,2024-02-08,Supply and delivery of construction & civil works items,Ministry of First
32,Motor Vehicles & Spare Parts,6982799,2025-01-17,Supply and delivery of motor vehicles & spare parts items,Ministry of Necessary
33,ICT Equipment & Software,40976415,2022-07-26,Supply and delivery of ict equipment & software items,Ministry of Outside
34,Cleaning & Sanitary Services,5465986,2020-04-14,Supply and delivery of cleaning & sanitary services items,Ministry of Ball
35,Medical Supplies & Pharmaceuticals,6859291,2025-07-02,Supply and delivery of medical supplies & pharmaceuticals items,Ministry of Must
36,Motor Vehicles & Spare Parts,8443528,2020-08-23,Supply and delivery of motor vehicles & spare parts items,Ministry of Large
37,Consultancy Services,5632388,2022-06-23,Supply and delivery of consultancy services items,Ministry of Majority
38,Consultancy Services,7551747,2023-12-18,Supply and delivery of consultancy services items,Ministry of Outside
39,Motor Vehicles & Spare Parts,3981857,2024-11-15,Supply and delivery of motor vehicles & spare parts items,Ministry of Hear
40,Construction & Civil Works,143957128,2021-07-12,Supply and delivery of construction & civil works items,Ministry of Beat
41,Cleaning & Sanitary Services,218581,2024-08-11,Supply and delivery of cleaning & sanitary services items,Ministry of Admit
42,Cleaning & Sanitary Services,3952256,2020-09-06,Supply and delivery of cleaning & sanitary services items,Ministry of Recently
43,Medical Supplies & Pharmaceuticals,8827148,2022-10-11,Supply and delivery of medical supplies & pharmaceuticals items,Ministry of Stop
44,Motor Vehicles & Spare Parts,9907020,2021-02-03,Supply and delivery of motor vehicles & spare parts items,Ministry of Increase
45,Consultancy Services,972328,2020-04-09,Supply and delivery of consultancy services items,Ministry of Keep
46,Motor Vehicles & Spare Parts,3210691,2025-04-04,Supply and delivery of motor vehicles & spare parts items,Ministry of Finish
47,ICT Equipment & Software,12188962,2021-11-18,Supply and delivery of ict equipment & software items,Ministry of Shake
48,Medical Supplies & Pharmaceuticals,8413157,2022-09-23,Supply and delivery of medical supplies & pharmaceuticals items,Ministry of Religious
49,Medical Supplies & Pharmaceuticals,6187595,2022-09-12,Supply and delivery of medical supplies & pharmaceuticals items,Ministry of System
50,Consultancy Services,9846919,2021-08-03,Supply and delivery of consultancy services items,Ministry of Why
51,Cleaning & Sanitary Services,4610784,2025-03-24,Supply and delivery of cleaning & sanitary services items,Ministry of Culture
52,Medical Supplies & Pharmaceuticals,9778075,2021-04-07,Supply and delivery of medical supplies & pharmaceuticals items,Ministry of Bar
53,Office Stationery & Supplies,2670466,2024-06-24,Supply and delivery of office stationery & supplies items,Ministry of Pm
54,Consultancy Services,9279253,2021-07-22,Supply and delivery of consultancy services items,Ministry of Report
55,Cleaning & Sanitary Services,1117481,2020-08-20,Supply and delivery of cleaning & sanitary services items,Ministry of Nor
56,Consultancy Services,8551115,2020-02-09,Supply and delivery of consultancy services items,Ministry of Indicate
57,Motor Vehicles & Spare Parts,2438377,2020-09-12,Supply and delivery of motor vehicles & spare parts items,Ministry of Congress
58,Cleaning & Sanitary Services,906564,2023-12-07,Supply and delivery of cleaning & sanitary services items,Ministry of Magazine
59,Cleaning & Sanitary Services,6147511,2024-02-24,Supply and delivery of cleaning & sanitary services items,Ministry of Trouble
60,ICT Equipment & Software,16402677,2023-12-12,Supply and delivery of ict equipment & software items,Ministry of Size
61,Construction & Civil Works,322165965,2023-08-11,Supply and delivery of construction & civil works items,Ministry of Message
62,ICT Equipment & Software,1237954,2021-10-25,Supply and delivery of ict equipment & software items,Ministry of Tax
63,Construction & Civil Works,482602178,2025-11-03,Supply and delivery of construction & civil works items,Ministry of Herself
64,Motor Vehicles & Spare Parts,9195781,2024-02-22,Supply and delivery of motor vehicles & spare parts items,Ministry of Road
65,Construction & Civil Works,138426955,2024-01-19,Supply and delivery of construction & civil works items,Ministry of Summer
66,Cleaning & Sanitary Services,4610579,2021-10-25,Supply and delivery of cleaning & sanitary services items,Ministry of Car
67,Consultancy Services,7663493,2020-10-23,Supply and delivery of consultancy services items,Ministry of Cut
68,Construction & Civil Works,270703251,2020-09-02,Supply and delivery of construction & civil works items,Ministry of Admit
69,Motor Vehicles & Spare Parts,2478907,2024-03-05,Supply and delivery of motor vehicles & spare parts items,Ministry of Cup
70,Motor Vehicles & Spare Parts,4632688,2025-02-25,Supply and delivery of motor vehicles & spare parts items,Ministry of Determine
71,Medical Supplies & Pharmaceuticals,7233131,2022-11-20,Supply and delivery of medical supplies & pharmaceuticals items,Ministry of Check
72,Office Stationery & Supplies,4981909,2023-11-24,Supply and delivery of office stationery & supplies items,Ministry of Least
73,Consultancy Services,9403721,2025-01-19,Supply and delivery of consultancy services items,Ministry of Toward
74,Office Stationery & Supplies,2445704,2024-09-26,Supply and delivery of office stationery & supplies items,Ministry of Cut
75,ICT Equipment & Software,42866372,2020-07-07,Supply and delivery of ict equipment & software items,Ministry of Speech
76,Cleaning & Sanitary Services,8320038,2022-10-12,Supply and delivery of cleaning & sanitary services items,Ministry of Matter
77,Consultancy Services,8517944,2022-07-13,Supply and delivery of consultancy services items,Ministry of But
78,Construction & Civil Works,494740342,2020-12-29,Supply and delivery of construction & civil works items,Ministry of Claim
79,ICT Equipment & Software,19884838,2024-06-06,Supply and delivery of ict equipment & software items,Ministry of Light
80,Medical Supplies & Pharmaceuticals,5404120,2025-10-12,Supply and delivery of medical supplies & pharmaceuticals items,Ministry of Market
81,Cleaning & Sanitary Services,1547947,2020-02-13,Supply and delivery of cleaning & sanitary services items,Ministry of Listen
82,Office Stationery & Supplies,8378499,2023-07-06,Supply and delivery of office stationery & supplies items,Ministry of Defense
83,Consultancy Services,6706470,2021-10-07,Supply and delivery of consultancy services items,Ministry of Themselves
84,Medical Supplies & Pharmaceuticals,776296,2024-12-31,Supply and delivery of medical supplies & pharmaceuticals items,Ministry of Approach
85,Office Stationery & Supplies,7135655,2022-01-01,Supply and delivery of office stationery & supplies items,Ministry of Board
86,Construction & Civil Works,460896022,2023-10-13,Supply and delivery of construction & civil works items,Ministry of Sell
87,Construction & Civil Works,181713207,2022-08-04,Supply and delivery of construction & civil works items,Ministry of Just
88,Consultancy Services,9267491,2025-02-02,Supply and delivery of consultancy services items,Ministry of Since
89,Office Stationery & Supplies,7284872,2023-06-21,Supply and delivery of office stationery & supplies items,Ministry of Side
90,Consultancy Services,2289921,2023-04-29,Supply and delivery of consultancy services items,Ministry of Fill
91,ICT Equipment & Software,20475372,2020-03-22,Supply and delivery of ict equipment & software items,Ministry of Instead
92,Motor Vehicles & Spare Parts,4922139,2022-12-01,Supply and delivery of motor vehicles & spare parts items,Ministry of Perhaps
93,Motor Vehicles & Spare Parts,862371,2024-05-06,Supply and delivery of motor vehicles & spare parts items,Ministry of Worry
94,ICT Equipment & Software,25556359,2024-01-26,Supply and delivery of ict equipment & software items,Ministry of Technology
95,Construction & Civil Works,495308214,2025-03-15,Supply and delivery of construction & civil works items,Ministry of Each
96,Consultancy Services,6600785,2024-04-14,Supply and delivery of consultancy services items,Ministry of News
97,Office Stationery & Supplies,7963438,2020-02-11,Supply and delivery of office stationery & supplies items,Ministry of Part
98,Medical Supplies & Pharmaceuticals,8072368,2021-11-23,Supply and delivery of medical supplies & pharmaceuticals items,Ministry of Attack
99,Office Stationery & Supplies,2335883,2021-08-09,Supply and delivery of office stationery & supplies items,Ministry of Raise
100,Motor Vehicles & Spare Parts,864265,2022-07-02,Supply and delivery of motor vehicles & spare parts items,Ministry of Material
101,Construction & Civil Works,422446936,2020-09-13,Supply and delivery of construction & civil works items,Ministry of Prevent
102,ICT Equipment & Software,11868954,2025-08-19,Supply and delivery of ict equipment & software items,Ministry of Hand
103,Consultancy Services,5187692,2022-09-09,Supply and delivery of consultancy services items,Ministry of Least
104,Consultancy Services,834275,2020-02-15,Supply and delivery of consultancy services items,Ministry of Field
105,Motor Vehicles & Spare Parts,9786427,2024-05-10,Supply and delivery of motor vehicles & spare parts items,Ministry of Manager
106,Office Stationery & Supplies,9087114,2022-01-23,Supply and delivery of office stationery & supplies items,Ministry of Each
107,Construction & Civil Works,413847408,2023-01-17,Supply and delivery of construction & civil works items,Ministry of People
108,Motor Vehicles & Spare Parts,6124293,2025-06-14,Supply and delivery of motor vehicles & spare parts items,Ministry of Group
109,Cleaning & Sanitary Services,5418331,2025-07-12,Supply and delivery of cleaning & sanitary services items,Ministry of Tonight
110,Construction & Civil Works,70030702,2025-01-19,Supply and delivery of construction & civil works items,Ministry of Realize
111,Motor Vehicles & Spare Parts,3063944,2022-10-23,Supply and delivery of motor vehicles & spare parts items,Ministry of Use
112,Cleaning & Sanitary Services,4048401,2021-10-04,Supply and delivery of cleaning & sanitary services items,Ministry of Seek
113,Consultancy Services,5334259,2022-05-05,Supply and delivery of consultancy services items,Ministry of Keep
114,Medical Supplies & Pharmaceuticals,6950807,2024-12-30,Supply and delivery of medical supplies & pharmaceuticals items,Ministry of Report
115,Cleaning & Sanitary Services,6884672,2023-11-30,Supply and delivery of cleaning & sanitary services items,Ministry of Here
116,ICT Equipment & Software,22153925,2024-10-09,Supply and delivery of ict equipment & software items,Ministry of Successful
117,Office Stationery & Supplies,2692316,2025-10-28,Supply and delivery of office stationery & supplies items,Ministry of Color
118,ICT Equipment & Software,33765940,2023-09-24,Supply and delivery of ict equipment & software items,Ministry of Fear
119,Cleaning & Sanitary Services,8777828,2024-02-22,Supply and delivery of cleaning & sanitary services items,Ministry of Before
120,Cleaning & Sanitary Services,5538757,2024-01-01,Supply and delivery of cleaning & sanitary services items,Ministry of Carry
121,Cleaning & Sanitary Services,9883893,2021-01-14,Supply and delivery of cleaning & sanitary services items,Ministry of Close
122,Cleaning & Sanitary Services,2764749,2023-08-20,Supply and delivery of cleaning & sanitary services items,Ministry of Blood
123,Consultancy Services,6828926,2024-10-04,Supply and delivery of consultancy services items,Ministry of Yes
124,Cleaning & Sanitary Services,9895586,2025-12-17,Supply and delivery of cleaning & sanitary services items,Ministry of Floor
125,Cleaning & Sanitary Services,3021989,2021-05-29,Supply and delivery of cleaning & sanitary services items,Ministry of Onto
126,Consultancy Services,3813543,2020-04-13,Supply and delivery of consultancy services items,Ministry of Affect
127,Medical Supplies & Pharmaceuticals,1303920,2022-02-25,Supply and delivery of medical supplies & pharmaceuticals items,Ministry of Every
128,Office Stationery & Supplies,847852,2022-02-21,Supply and delivery of office stationery & supplies items,Ministry of Cold
129,ICT Equipment & Software,43599658,2021-01-17,Supply and delivery of ict equipment & software items,Ministry of Trade
130,Motor Vehicles & Spare Parts,7028655,2025-05-13,Supply and delivery of motor vehicles & spare parts items,Ministry of Almost
131,Medical Supplies & Pharmaceuticals,9596418,2024-11-02,Supply and delivery of medical supplies & pharmaceuticals items,Ministry of Green
132,Medical Supplies & Pharmaceuticals,1921367,2022-08-01,Supply and delivery of medical supplies & pharmaceuticals items,Ministry of Prepare
133,Office Stationery & Supplies,2999033,2021-05-11,Supply and delivery of office stationery & supplies items,Ministry of Or
134,Cleaning & Sanitary Services,1678315,2021-05-05,Supply and delivery of cleaning & sanitary services items,Ministry of Evening
135,Office Stationery & Supplies,8398852,2025-12-17,Supply and delivery of office stationery & supplies items,Ministry of Still
136,Construction & Civil Works,195642449,2022-02-17,Supply and delivery of construction & civil works items,Ministry of Any
137,Office Stationery & Supplies,1449590,2024-08-14,Supply and delivery of office stationery & supplies items,Ministry of Onto
138,Motor Vehicles & Spare Parts,5466645,2021-08-09,Supply and delivery of motor vehicles & spare parts items,Ministry of City
139,ICT Equipment & Software,11699747,2025-02-12,Supply and delivery of ict equipment & software items,Ministry of Tv
140,Medical Supplies & Pharmaceuticals,7203260,2023-02-03,Supply and delivery of medical supplies & pharmaceuticals items,Ministry of Relationship
141,Office Stationery & Supplies,9958401,2020-08-16,Supply and delivery of office stationery & supplies items,Ministry of Apply
142,Construction & Civil Works,370654634,2025-07-23,Supply and delivery of construction & civil works items,Ministry of Left
143,Office Stationery & Supplies,8382356,2024-10-16,Supply and delivery of office stationery & supplies items,Ministry of Thought
144,ICT Equipment & Software,31897110,2024-07-13,Supply and delivery of ict equipment & software items,Ministry of Born
145,Consultancy Services,1549991,2024-09-08,Supply and delivery of consultancy services items,Ministry of Poor
146,Cleaning & Sanitary Services,6139523,2024-09-09,Supply and delivery of cleaning & sanitary services items,Ministry of Yourself
147,Motor Vehicles & Spare Parts,6847741,2020-08-11,Supply and delivery of motor vehicles & spare parts items,Ministry of Or
148,Construction & Civil Works,362490090,2020-04-01,Supply and delivery of construction & civil works items,Ministry of Book
149,Motor Vehicles & Spare Parts,524528,2020-12-31,Supply and delivery of motor vehicles & spare parts items,Ministry of Buy
150,Office Stationery & Supplies,8090001,2025-03-23,Supply and delivery of office stationery & supplies items,Ministry of Whether
151,Cleaning & Sanitary Services,6550219,2022-03-03,Supply and delivery of cleaning & sanitary services items,Ministry of Should
152,Construction & Civil Works,371823844,2021-10-02,Supply and delivery of construction & civil works items,Ministry of Letter
153,ICT Equipment & Software,14118723,2024-07-27,Supply and delivery of ict equipment & software items,Ministry of Moment
154,Consultancy Services,8627835,2024-05-24,Supply and delivery of consultancy services items,Ministry of Bit
155,Medical Supplies & Pharmaceuticals,9180745,2020-12-04,Supply and delivery of medical supplies & pharmaceuticals items,Ministry of Himself
156,Motor Vehicles & Spare Parts,6762314,2022-01-03,Supply and delivery of motor vehicles & spare parts items,Ministry of Certainly
157,Consultancy Services,5930395,2020-09-26,Supply and delivery of consultancy services items,Ministry of Defense
158,ICT Equipment & Software,43928295,2022-08-20,Supply and delivery of ict equipment & software items,Ministry of Just
159,Office Stationery & Supplies,7942680,2024-08-12,Supply and delivery of office stationery & supplies items,Ministry of According
160,Consultancy Services,1909858,2021-06-21,Supply and delivery of consultancy services items,Ministry of Table
161,Medical Supplies & Pharmaceuticals,9882924,2022-11-03,Supply and delivery of medical supplies & pharmaceuticals items,Ministry of Few
162,Consultancy Services,5748393,2023-01-11,Supply and delivery of consultancy services items,Ministry of Bed
163,Medical Supplies & Pharmaceuticals,6384725,2021-08-05,Supply and delivery of medical supplies & pharmaceuticals items,Ministry of Senior
164,Motor Vehicles & Spare Parts,6809914,2024-07-11,Supply and delivery of motor vehicles & spare parts items,Ministry of Herself
165,ICT Equipment & Software,38639378,2023-10-11,Supply and delivery of ict equipment & software items,Ministry of Else
166,Construction & Civil Works,197892575,2020-11-28,Supply and delivery of construction & civil works items,Ministry of Some
167,Construction & Civil Works,52278684,2023-03-06,Supply and delivery of construction & civil works items,Ministry of Store
168,Motor Vehicles & Spare Parts,2807184,2021-05-14,Supply and delivery of motor vehicles & spare parts items,Ministry of Suffer
169,Office Stationery & Supplies,7973491,2022-07-28,Supply and delivery of office stationery & supplies items,Ministry of Why
170,Medical Supplies & Pharmaceuticals,1640724,2022-06-15,Supply and delivery of medical supplies & pharmaceuticals items,Ministry of Low
171,Cleaning & Sanitary Services,2065730,2025-09-16,Supply and delivery of cleaning & sanitary services items,Ministry of Name
172,Office Stationery & Supplies,7443728,2024-10-06,Supply and delivery of office stationery & supplies items,Ministry of High
173,Motor Vehicles & Spare Parts,9164281,2025-08-29,Supply and delivery of motor vehicles & spare parts items,Ministry of Level
174,Cleaning & Sanitary Services,4162224,2020-11-14,Supply and delivery of cleaning & sanitary services items,Ministry of Action
175,ICT Equipment & Software,35148748,2024-04-21,Supply and delivery of ict equipment & software items,Ministry of Nation
176,Medical Supplies & Pharmaceuticals,6860403,2025-08-29,Supply and delivery of medical supplies & pharmaceuticals items,Ministry of Become
177,Consultancy Services,6720241,2022-01-11,Supply and delivery of consultancy services items,Ministry of Interest
178,Medical Supplies & Pharmaceuticals,9195281,2025-11-21,Supply and delivery of medical supplies & pharmaceuticals items,Ministry of Community
179,Construction & Civil Works,291014521,2022-08-09,Supply and delivery of construction & civil works items,Ministry of Increase
180,ICT Equipment & Software,24647347,2024-07-21,Supply and delivery of ict equipment & software items,Ministry of Recent
181,Medical Supplies & Pharmaceuticals,853494,2025-07-14,Supply and delivery of medical supplies & pharmaceuticals items,Ministry of City
182,ICT Equipment & Software,9531370,2025-05-31,Supply and delivery of ict equipment & software items,Ministry of Article
183,Construction & Civil Works,172202920,2025-11-12,Supply and delivery of construction & civil works items,Ministry of Sell
184,Consultancy Services,3804697,2024-10-16,Supply and delivery of consultancy services items,Ministry of Type
185,Construction & Civil Works,220700880,2023-02-12,Supply and delivery of construction & civil works items,Ministry of Find
186,Cleaning & Sanitary Services,5377420,2022-07-07,Supply and delivery of cleaning & sanitary services items,Ministry of Various
187,Construction & Civil Works,329094684,2024-01-31,Supply and delivery of construction & civil works items,Ministry of On
188,Medical Supplies & Pharmaceuticals,1860511,2025-03-28,Supply and delivery of medical supplies & pharmaceuticals items,Ministry of Set
189,Office Stationery & Supplies,3641815,2024-06-15,Supply and delivery of office stationery & supplies items,Ministry of Where
190,Office Stationery & Supplies,7489844,2022-01-24,Supply and delivery of office stationery & supplies items,Ministry of The
191,Office Stationery & Supplies,9203947,2021-09-04,Supply and delivery of office stationery & supplies items,Ministry of News
192,ICT Equipment & Software,5851826,2023-08-30,Supply and delivery of ict equipment & software items,Ministry of Choice
193,Consultancy Services,6490459,2024-03-14,Supply and delivery of consultancy services items,Ministry of Like
194,Motor Vehicles & Spare Parts,6172310,2023-11-11,Supply and delivery of motor vehicles & spare parts items,Ministry of Very
195,Motor Vehicles & Spare Parts,9117497,2023-04-07,Supply and delivery of motor vehicles & spare parts items,Ministry of Story
196,Consultancy Services,6453300,2023-09-16,Supply and delivery of consultancy services items,Ministry of Letter
197,Cleaning & Sanitary Services,9414387,2024-03-08,Supply and delivery of cleaning & sanitary services items,Ministry of Very
198,Motor Vehicles & Spare Parts,6701457,2024-11-13,Supply and delivery of motor vehicles & spare parts items,Ministry of Range
199,Medical Supplies & Pharmaceuticals,5837580,2022-06-05,Supply and delivery of medical supplies & pharmaceuticals items,Ministry of Decade
200,Consultancy Services,6125095,2025-04-14,Supply and delivery of consultancy services items,Ministry of Become
201,Construction & Civil Works,201257135,2020-03-22,Supply and delivery of construction & civil works items,Ministry of Good
202,Office Stationery & Supplies,325391,2022-05-04,Supply and delivery of office stationery & supplies items,Ministry of Serve
203,Motor Vehicles & Spare Parts,6798541,2024-06-09,Supply and delivery of motor vehicles & spare parts items,Ministry of Card
204,Medical Supplies & Pharmaceuticals,3732632,2023-02-14,Supply and delivery of medical supplies & pharmaceuticals items,Ministry of Now
205,Office Stationery & Supplies,9862681,2021-09-14,Supply and delivery of office stationery & supplies items,Ministry of Better
206,Motor Vehicles & Spare Parts,2635394,2023-01-26,Supply and delivery of motor vehicles & spare parts items,Ministry of Forget
207,Consultancy Services,5696526,2023-02-16,Supply and delivery of consultancy services items,Ministry of Sometimes
208,Office Stationery & Supplies,3391070,2023-10-24,Supply and delivery of office stationery & supplies items,Ministry of Agency
209,Consultancy Services,901955,2020-03-02,Supply and delivery of consultancy services items,Ministry of Style
210,ICT Equipment & Software,36067580,2023-03-28,Supply and delivery of ict equipment & software items,Ministry of Evening
211,ICT Equipment & Software,47616098,2021-06-12,Supply and delivery of ict equipment & software items,Ministry of Staff
212,ICT Equipment & Software,4292824,2021-10-27,Supply and delivery of ict equipment & software items,Ministry of Knowledge
213,Construction & Civil Works,172909846,2025-12-02,Supply and delivery of construction & civil works items,Ministry of Bring
214,Consultancy Services,5350295,2024-05-22,Supply and delivery of consultancy services items,Ministry of Thought
215,Medical Supplies & Pharmaceuticals,5779980,2022-03-28,Supply and delivery of medical supplies & pharmaceuticals items,Ministry of Product
216,Consultancy Services,5249534,2023-01-16,Supply and delivery of consultancy services items,Ministry of Candidate
217,Cleaning & Sanitary Services,3414344,2020-04-14,Supply and delivery of cleaning & sanitary services items,Ministry of Rather
218,Construction & Civil Works,393398588,2025-08-24,Supply and delivery of construction & civil works items,Ministry of List
219,Construction & Civil Works,268414459,2021-10-14,Supply and delivery of construction & civil works items,Ministry of Since
220,Cleaning & Sanitary Services,2127320,2020-01-12,Supply and delivery of cleaning & sanitary services items,Ministry of Group
221,ICT Equipment & Software,32176806,2025-11-23,Supply and delivery of ict equipment & software items,Ministry of Support
222,Motor Vehicles & Spare Parts,9884404,2024-06-21,Supply and delivery of motor vehicles & spare parts items,Ministry of Party
223,Consultancy Services,6430034,2023-05-24,Supply and delivery of consultancy services items,Ministry of Wall
224,Cleaning & Sanitary Services,8697467,2025-08-16,Supply and delivery of cleaning & sanitary services items,Ministry of Reduce
225,Medical Supplies & Pharmaceuticals,7131845,2023-03-14,Supply and delivery of medical supplies & pharmaceuticals items,Ministry of Physical
226,Office Stationery & Supplies,145475,2021-05-27,Supply and delivery of office stationery & supplies items,Ministry of Firm
227,Motor Vehicles & Spare Parts,8180552,2021-09-15,Supply and delivery of motor vehicles & spare parts items,Ministry of Still
228,Consultancy Services,5496364,2024-11-20,Supply and delivery of consultancy services items,Ministry of Page
229,Motor Vehicles & Spare Parts,1199577,2024-01-13,Supply and delivery of motor vehicles & spare parts items,Ministry of Send
230,ICT Equipment & Software,23760701,2022-04-07,Supply and delivery of ict equipment & software items,Ministry of Sing
231,Cleaning & Sanitary Services,7059972,2021-06-26,Supply and delivery of cleaning & sanitary services items,Ministry of Generation
232,Construction & Civil Works,17084335,2023-02-05,Supply and delivery of construction & civil works items,Ministry of Data
233,Office Stationery & Supplies,8291922,2024-12-07,Supply and delivery of office stationery & supplies items,Ministry of Herself
234,Cleaning & Sanitary Services,1631064,2022-09-22,Supply and delivery of cleaning & sanitary services items,Ministry of Choice
235,Cleaning & Sanitary Services,4511887,2024-04-08,Supply and delivery of cleaning & sanitary services items,Ministry of Them
236,Office Stationery & Supplies,8715797,2022-06-21,Supply and delivery of office stationery & supplies items,Ministry of Best
237,Medical Supplies & Pharmaceuticals,2176198,2020-05-16,Supply and delivery of medical supplies & pharmaceuticals items,Ministry of View
238,Cleaning & Sanitary Services,3510580,2020-10-11,Supply and delivery of cleaning & sanitary services items,Ministry of Difficult
239,Construction & Civil Works,29437007,2022-09-04,Supply and delivery of construction & civil works items,Ministry of Hope
240,Office Stationery & Supplies,1848982,2024-01-22,Supply and delivery of office stationery & supplies items,Ministry of Interesting
241,Motor Vehicles & Spare Parts,9933673,2023-07-12,Supply and delivery of motor vehicles & spare parts items,Ministry of Natural
242,Office Stationery & Supplies,8566685,2024-09-02,Supply and delivery of office stationery & supplies items,Ministry of Try
243,Construction & Civil Works,85946128,2021-07-31,Supply and delivery of construction & civil works items,Ministry of Moment
244,Office Stationery & Supplies,6107509,2023-10-26,Supply and delivery of office stationery & supplies items,Ministry of Less
245,Construction & Civil Works,484791888,2024-02-18,Supply and delivery of construction & civil works items,Ministry of Yourself
246,Medical Supplies & Pharmaceuticals,4545818,2022-12-08,Supply and delivery of medical supplies & pharmaceuticals items,Ministry of Keep
247,Consultancy Services,6533636,2024-12-09,Supply and delivery of consultancy services items,Ministry of Charge
248,Cleaning & Sanitary Services,9272800,2023-01-13,Supply and delivery of cleaning & sanitary services items,Ministry of Memory
249,Motor Vehicles & Spare Parts,4730232,2024-04-07,Supply and delivery of motor vehicles & spare parts items,Ministry of Carry
250,Office Stationery & Supplies,9090499,2025-10-21,Supply and delivery of office stationery & supplies items,Ministry of Must
251,Construction & Civil Works,253785384,2025-03-06,Supply and delivery of construction & civil works items,Ministry of Buy
252,Motor Vehicles & Spare Parts,8247047,2024-03-01,Supply and delivery of motor vehicles & spare parts items,Ministry of Lose
253,Motor Vehicles & Spare Parts,2585670,2022-11-03,Supply and delivery of motor vehicles & spare parts items,Ministry of Skin
254,Office Stationery & Supplies,4123278,2020-12-09,Supply and delivery of office stationery & supplies items,Ministry of Operation
255,Motor Vehicles & Spare Parts,637977,2022-03-20,Supply and delivery of motor vehicles & spare parts items,Ministry of By
256,Motor Vehicles & Spare Parts,3768280,2023-08-11,Supply and delivery of motor vehicles & spare parts items,Ministry of Issue
257,Construction & Civil Works,137533665,2020-08-29,Supply and delivery of construction & civil works items,Ministry of Hope
258,Office Stationery & Supplies,4884808,2023-06-06,Supply and delivery of office stationery & supplies items,Ministry of Amount
259,Consultancy Services,6737640,2023-02-19,Supply and delivery of consultancy services items,Ministry of Buy
260,Consultancy Services,4754419,2022-03-24,Supply and delivery of consultancy services items,Ministry of House
261,Medical Supplies & Pharmaceuticals,4722580,2021-10-26,Supply and delivery of medical supplies & pharmaceuticals items,Ministry of Mention
262,Office Stationery & Supplies,7345136,2020-03-02,Supply and delivery of office stationery & supplies items,Ministry of Character
263,Motor Vehicles & Spare Parts,2222827,2020-11-07,Supply and delivery of motor vehicles & spare parts items,Ministry of Perform
264,Motor Vehicles & Spare Parts,7532300,2022-07-13,Supply and delivery of motor vehicles & spare parts items,Ministry of Write
265,Motor Vehicles & Spare Parts,808672,2025-05-13,Supply and delivery of motor vehicles & spare parts items,Ministry of Visit
266,Construction & Civil Works,28698370,2021-09-13,Supply and delivery of construction & civil works items,Ministry of Cover
267,ICT Equipment & Software,29642798,2024-11-29,Supply and delivery of ict equipment & software items,Ministry of Middle
268,Medical Supplies & Pharmaceuticals,4607167,2020-01-05,Supply and delivery of medical supplies & pharmaceuticals items,Ministry of Officer
269,Medical Supplies & Pharmaceuticals,6725169,2022-02-02,Supply and delivery of medical supplies & pharmaceuticals items,Ministry of Truth
270,Construction & Civil Works,113204882,2020-04-07,Supply and delivery of construction & civil works items,Ministry of Medical
271,Office Stationery & Supplies,2987757,2023-06-09,Supply and delivery of office stationery & supplies items,Ministry of Others
272,ICT Equipment & Software,28575808,2022-09-18,Supply and delivery of ict equipment & software items,Ministry of Green
273,Cleaning & Sanitary Services,792924,2024-09-07,Supply and delivery of cleaning & sanitary services items,Ministry of May
274,Motor Vehicles & Spare Parts,2670115,2025-01-02,Supply and delivery of motor vehicles & spare parts items,Ministry of These
275,Office Stationery & Supplies,4772412,2023-08-20,Supply and delivery of office stationery & supplies items,Ministry of Sound
276,Office Stationery & Supplies,9512528,2020-10-30,Supply and delivery of office stationery & supplies items,Ministry of Provide
277,Office Stationery & Supplies,3919712,2022-10-06,Supply and delivery of office stationery & supplies items,Ministry of Listen
278,Consultancy Services,7812079,2024-01-01,Supply and delivery of consultancy services items,Ministry of Church
279,Cleaning & Sanitary Services,5704327,2025-03-13,Supply and delivery of cleaning & sanitary services items,Ministry of Gas
280,Consultancy Services,2573199,2020-07-14,Supply and delivery of consultancy services items,Ministry of Probably
281,Cleaning & Sanitary Services,8371330,2023-12-26,Supply and delivery of cleaning & sanitary services items,Ministry of It
282,Office Stationery & Supplies,8786283,2022-04-28,Supply and delivery of office stationery & supplies items,Ministry of We
283,Office Stationery & Supplies,1967306,2022-05-16,Supply and delivery of office stationery & supplies items,Ministry of Now
284,ICT Equipment & Software,4894643,2020-04-10,Supply and delivery of ict equipment & software items,Ministry of Religious
285,Motor Vehicles & Spare Parts,5228643,2025-05-04,Supply and delivery of motor vehicles & spare parts items,Ministry of Simply
286,Medical Supplies & Pharmaceuticals,4322102,2021-08-30,Supply and delivery of medical supplies & pharmaceuticals items,Ministry of Behavior
287,ICT Equipment & Software,17296693,2025-03-12,Supply and delivery of ict equipment & software items,Ministry of Second
288,Office Stationery & Supplies,6608856,2020-02-24,Supply and delivery of office stationery & supplies items,Ministry of Professor
289,Consultancy Services,2587111,2024-10-10,Supply and delivery of consultancy services items,Ministry of Second
290,Motor Vehicles & Spare Parts,1659757,2021-11-07,Supply and delivery of motor vehicles & spare parts items,Ministry of Quite
291,Motor Vehicles & Spare Parts,6256738,2020-09-28,Supply and delivery of motor vehicles & spare parts items,Ministry of Operation
292,ICT Equipment & Software,20709423,2020-07-05,Supply and delivery of ict equipment & software items,Ministry of Present
293,Motor Vehicles & Spare Parts,1981297,2023-04-02,Supply and delivery of motor vehicles & spare parts items,Ministry of Sometimes
294,Medical Supplies & Pharmaceuticals,9312367,2020-04-25,Supply and delivery of medical supplies & pharmaceuticals items,Ministry of Over
295,Medical Supplies & Pharmaceuticals,8619792,2023-02-17,Supply and delivery of medical supplies & pharmaceuticals items,Ministry of Social
296,Medical Supplies & Pharmaceuticals,345300,2022-11-08,Supply and delivery of medical supplies & pharmaceuticals items,Ministry of Watch
297,Office Stationery & Supplies,192036,2020-02-10,Supply and delivery of office stationery & supplies items,Ministry of Reason
298,Office Stationery & Supplies,6539051,2025-08-13,Supply and delivery of office stationery & supplies items,Ministry of Couple
299,Construction & Civil Works,262674117,2025-10-09,Supply and delivery of construction & civil works items,Ministry of Face
300,Construction & Civil Works,243543364,2024-09-19,Supply and delivery of construction & civil works items,Ministry of Else
301,Construction & Civil Works,17818331,2024-12-22,Supply and delivery of construction & civil works items,Ministry of Those
302,Cleaning & Sanitary Services,254692,2025-04-28,Supply and delivery of cleaning & sanitary services items,Ministry of Life
303,Cleaning & Sanitary Services,4557335,2020-07-04,Supply and delivery of cleaning & sanitary services items,Ministry of None
304,Office Stationery & Supplies,1757888,2023-08-22,Supply and delivery of office stationery & supplies items,Ministry of Interest
305,Cleaning & Sanitary Services,8210129,2023-07-14,Supply and delivery of cleaning & sanitary services items,Ministry of Million
306,Construction & Civil Works,264604498,2025-03-03,Supply and delivery of construction & civil works items,Ministry of Agency
307,Cleaning & Sanitary Services,1924964,2022-01-14,Supply and delivery of cleaning & sanitary services items,Ministry of Couple
308,Office Stationery & Supplies,8252513,2022-06-28,Supply and delivery of office stationery & supplies items,Ministry of Trade
309,Cleaning & Sanitary Services,6889408,2023-03-02,Supply and delivery of cleaning & sanitary services items,Ministry of Idea
310,Consultancy Services,1668146,2021-07-17,Supply and delivery of consultancy services items,Ministry of Building
311,Cleaning & Sanitary Services,9035827,2025-11-16,Supply and delivery of cleaning & sanitary services items,Ministry of Number
312,Consultancy Services,4545975,2021-01-03,Supply and delivery of consultancy services items,Ministry of Charge
313,ICT Equipment & Software,16702558,2021-02-04,Supply and delivery of ict equipment & software items,Ministry of Special
314,ICT Equipment & Software,36926088,2020-07-15,Supply and delivery of ict equipment & software items,Ministry of Food
315,Construction & Civil Works,54309063,2025-09-17,Supply and delivery of construction & civil works items,Ministry of Resource
316,ICT Equipment & Software,13711292,2021-01-05,Supply and delivery of ict equipment & software items,Ministry of Possible
317,ICT Equipment & Software,32667952,2025-10-06,Supply and delivery of ict equipment & software items,Ministry of Course
318,ICT Equipment & Software,8774437,2020-02-29,Supply and delivery of ict equipment & software items,Ministry of Article
319,ICT Equipment & Software,17372772,2021-10-14,Supply and delivery of ict equipment & software items,Ministry of Bit
320,Medical Supplies & Pharmaceuticals,5499869,2021-12-02,Supply and delivery of medical supplies & pharmaceuticals items,Ministry of Itself
321,Construction & Civil Works,489837316,2025-05-10,Supply and delivery of construction & civil works items,Ministry of Evening
322,ICT Equipment & Software,6639353,2022-04-02,Supply and delivery of ict equipment & software items,Ministry of Their
323,Medical Supplies & Pharmaceuticals,3766344,2025-05-24,Supply and delivery of medical supplies & pharmaceuticals items,Ministry of Area
324,Construction & Civil Works,419568154,2021-03-19,Supply and delivery of construction & civil works items,Ministry of Soldier
325,Construction & Civil Works,102119435,2023-08-01,Supply and delivery of construction & civil works items,Ministry of Economic
326,Motor Vehicles & Spare Parts,159778,2022-12-16,Supply and delivery of motor vehicles & spare parts items,Ministry of Soldier
327,ICT Equipment & Software,5503361,2023-01-10,Supply and delivery of ict equipment & software items,Ministry of Building
328,Construction & Civil Works,499614306,2021-08-13,Supply and delivery of construction & civil works items,Ministry of Friend
329,ICT Equipment & Software,27178907,2022-10-15,Supply and delivery of ict equipment & software items,Ministry of Investment
330,ICT Equipment & Software,10287557,2020-05-23,Supply and delivery of ict equipment & software items,Ministry of Air
331,Cleaning & Sanitary Services,9010762,2022-06-11,Supply and delivery of cleaning & sanitary services items,Ministry of East
332,Motor Vehicles & Spare Parts,1111930,2025-06-24,Supply and delivery of motor vehicles & spare parts items,Ministry of After
333,Consultancy Services,9568133,2021-08-12,Supply and delivery of consultancy services items,Ministry of Peace
334,Medical Supplies & Pharmaceuticals,1885818,2024-01-19,Supply and delivery of medical supplies & pharmaceuticals items,Ministry of Employee
335,Construction & Civil Works,400424693,2024-07-29,Supply and delivery of construction & civil works items,Ministry of Reach
336,Medical Supplies & Pharmaceuticals,6062859,2024-09-16,Supply and delivery of medical supplies & pharmaceuticals items,Ministry of Fly
337,Office Stationery & Supplies,9770114,2023-05-30,Supply and delivery of office stationery & supplies items,Ministry of Like
338,Motor Vehicles & Spare Parts,7732285,2020-07-02,Supply and delivery of motor vehicles & spare parts items,Ministry of Provide
339,Consultancy Services,2966069,2023-01-01,Supply and delivery of consultancy services items,Ministry of Stay
340,Office Stationery & Supplies,9403173,2025-10-21,Supply and delivery of office stationery & supplies items,Ministry of Hour
341,Motor Vehicles & Spare Parts,5082042,2023-03-30,Supply and delivery of motor vehicles & spare parts items,Ministry of Concern
342,ICT Equipment & Software,15553280,2024-09-09,Supply and delivery of ict equipment & software items,Ministry of Note
343,Cleaning & Sanitary Services,1849736,2025-09-18,Supply and delivery of cleaning & sanitary services items,Ministry of Which
344,Office Stationery & Supplies,6821635,2023-05-01,Supply and delivery of office stationery & supplies items,Ministry of Analysis
345,Office Stationery & Supplies,151707,2020-01-03,Supply and delivery of office stationery & supplies items,Ministry of Majority
346,ICT Equipment & Software,29364924,2025-10-06,Supply and delivery of ict equipment & software items,Ministry of Pressure
347,Medical Supplies & Pharmaceuticals,6204128,2021-09-25,Supply and delivery of medical supplies & pharmaceuticals items,Ministry of Computer
348,Office Stationery & Supplies,1977145,2020-01-02,Supply and delivery of office stationery & supplies items,Ministry of Worker
349,Construction & Civil Works,133112905,2025-07-12,Supply and delivery of construction & civil works items,Ministry of Explain
350,Consultancy Services,9323482,2023-08-02,Supply and delivery of consultancy services items,Ministry of Those
351,Cleaning & Sanitary Services,6787666,2024-01-29,Supply and delivery of cleaning & sanitary services items,Ministry of Have
352,Consultancy Services,7179701,2025-01-19,Supply and delivery of consultancy services items,Ministry of Difference
353,Medical Supplies & Pharmaceuticals,8349953,2023-07-06,Supply and delivery of medical supplies & pharmaceuticals items,Ministry of Mrs
354,Cleaning & Sanitary Services,1922744,2021-09-08,Supply and delivery of cleaning & sanitary services items,Ministry of Color
355,Consultancy Services,8267707,2024-06-07,Supply and delivery of consultancy services items,Ministry of Order
356,Construction & Civil Works,71120560,2020-06-02,Supply and delivery of construction & civil works items,Ministry of Behind
357,Consultancy Services,3943139,2022-05-16,Supply and delivery of consultancy services items,Ministry of Can
358,Motor Vehicles & Spare Parts,4547395,2024-12-24,Supply and delivery of motor vehicles & spare parts items,Ministry of Share
359,Office Stationery & Supplies,2461216,2023-05-04,Supply and delivery of office stationery & supplies items,Ministry of Far
360,ICT Equipment & Software,36622019,2025-04-08,Supply and delivery of ict equipment & software items,Ministry of Develop
361,Construction & Civil Works,390694956,2023-08-30,Supply and delivery of construction & civil works items,Ministry of Suffer
362,Cleaning & Sanitary Services,4569353,2021-11-28,Supply and delivery of cleaning & sanitary services items,Ministry of Rest
363,Cleaning & Sanitary Services,2008911,2025-09-02,Supply and delivery of cleaning & sanitary services items,Ministry of Prove
364,Cleaning & Sanitary Services,1519920,2021-07-26,Supply and delivery of cleaning & sanitary services items,Ministry of Soldier
365,ICT Equipment & Software,36233873,2024-03-30,Supply and delivery of ict equipment & software items,Ministry of Explain
366,Office Stationery & Supplies,9938074,2021-06-22,Supply and delivery of office stationery & supplies items,Ministry of Fund
367,Consultancy Services,2188062,2022-01-18,Supply and delivery of consultancy services items,Ministry of Machine
368,Construction & Civil Works,258493147,2025-10-02,Supply and delivery of construction & civil works items,Ministry of Get
369,Motor Vehicles & Spare Parts,3961774,2020-02-04,Supply and delivery of motor vehicles & spare parts items,Ministry of Role
370,Medical Supplies & Pharmaceuticals,3577084,2020-10-19,Supply and delivery of medical supplies & pharmaceuticals items,Ministry of Win
371,Office Stationery & Supplies,3499752,2020-01-05,Supply and delivery of office stationery & supplies items,Ministry of Maybe
372,Office Stationery & Supplies,5432889,2020-01-10,Supply and delivery of office stationery & supplies items,Ministry of Act
373,Office Stationery & Supplies,144816,2024-01-13,Supply and delivery of office stationery & supplies items,Ministry of Job
374,Office Stationery & Supplies,4263960,2023-05-02,Supply and delivery of office stationery & supplies items,Ministry of Same
375,Construction & Civil Works,330849009,2024-03-20,Supply and delivery of construction & civil works items,Ministry of Sound
376,Medical Supplies & Pharmaceuticals,3964044,2022-05-10,Supply and delivery of medical supplies & pharmaceuticals items,Ministry of Beat
377,Motor Vehicles & Spare Parts,321552,2024-09-20,Supply and delivery of motor vehicles & spare parts items,Ministry of Range
378,Consultancy Services,1997951,2023-11-27,Supply and delivery of consultancy services items,Ministry of Nothing
379,Medical Supplies & Pharmaceuticals,8805070,2020-03-08,Supply and delivery of medical supplies & pharmaceuticals items,Ministry of There
380,Motor Vehicles & Spare Parts,2257280,2024-11-22,Supply and delivery of motor vehicles & spare parts items,Ministry of Light
381,Construction & Civil Works,72917165,2024-01-12,Supply and delivery of construction & civil works items,Ministry of Head
382,Consultancy Services,6396495,2025-10-30,Supply and delivery of consultancy services items,Ministry of However
383,ICT Equipment & Software,612935,2024-12-17,Supply and delivery of ict equipment & software items,Ministry of Help
384,Office Stationery & Supplies,8300252,2022-04-27,Supply and delivery of office stationery & supplies items,Ministry of Those
385,ICT Equipment & Software,14869952,2024-08-09,Supply and delivery of ict equipment & software items,Ministry of Same
386,Office Stationery & Supplies,4623535,2025-11-25,Supply and delivery of office stationery & supplies items,Ministry of Capital
387,ICT Equipment & Software,21587734,2022-10-10,Supply and delivery of ict equipment & software items,Ministry of Would
388,ICT Equipment & Software,43296369,2021-02-26,Supply and delivery of ict equipment & software items,Ministry of Act
389,Cleaning & Sanitary Services,2126110,2021-04-30,Supply and delivery of cleaning & sanitary services items,Ministry of Again
390,Office Stationery & Supplies,5741379,2024-07-19,Supply and delivery of office stationery & supplies items,Ministry of Response
391,Office Stationery & Supplies,8925150,2025-07-11,Supply and delivery of office stationery & supplies items,Ministry of Help
392,Consultancy Services,7028887,2021-02-23,Supply and delivery of consultancy services items,Ministry of Team
393,Cleaning & Sanitary Services,8227333,2023-09-06,Supply and delivery of cleaning & sanitary services items,Ministry of Floor
394,Construction & Civil Works,19418934,2024-11-06,Supply and delivery of construction & civil works items,Ministry of Do
395,Office Stationery & Supplies,8336781,2021-05-28,Supply and delivery of office stationery & supplies items,Ministry of Minute
396,Office Stationery & Supplies,5302413,2025-10-20,Supply and delivery of office stationery & supplies items,Ministry of Although
397,ICT Equipment & Software,24640496,2021-09-07,Supply and delivery of ict equipment & software items,Ministry of West
398,Construction & Civil Works,353826108,2024-03-22,Supply and delivery of construction & civil works items,Ministry of Police
399,Cleaning & Sanitary Services,6866886,2021-04-03,Supply and delivery of cleaning & sanitary services items,Ministry of Deal
400,Construction & Civil Works,499751675,2025-11-26,Supply and delivery of construction & civil works items,Ministry of Pull
401,Medical Supplies & Pharmaceuticals,5231104,2022-05-17,Supply and delivery of medical supplies & pharmaceuticals items,Ministry of True
402,Cleaning & Sanitary Services,2027716,2021-08-30,Supply and delivery of cleaning & sanitary services items,Ministry of Month
403,Construction & Civil Works,155357841,2022-12-18,Supply and delivery of construction & civil works items,Ministry of Old
404,Office Stationery & Supplies,5341684,2021-02-28,Supply and delivery of office stationery & supplies items,Ministry of Single
405,ICT Equipment & Software,23036636,2023-05-24,Supply and delivery of ict equipment & software items,Ministry of Rest
406,ICT Equipment & Software,10532315,2023-08-14,Supply and delivery of ict equipment & software items,Ministry of Continue
407,Cleaning & Sanitary Services,7917209,2020-05-23,Supply and delivery of cleaning & sanitary services items,Ministry of Career
408,Medical Supplies & Pharmaceuticals,3900315,2024-06-22,Supply and delivery of medical supplies & pharmaceuticals items,Ministry of Care
409,Office Stationery & Supplies,6569723,2021-07-22,Supply and delivery of office stationery & supplies items,Ministry of Over
410,ICT Equipment & Software,844126,2025-02-17,Supply and delivery of ict equipment & software items,Ministry of Upon
411,Cleaning & Sanitary Services,5207385,2023-02-20,Supply and delivery of cleaning & sanitary services items,Ministry of Stay
412,Construction & Civil Works,331841548,2021-08-24,Supply and delivery of construction & civil works items,Ministry of Thus
413,Medical Supplies & Pharmaceuticals,1770357,2024-01-25,Supply and delivery of medical supplies & pharmaceuticals items,Ministry of Room
414,Motor Vehicles & Spare Parts,6493404,2024-01-24,Supply and delivery of motor vehicles & spare parts items,Ministry of Possible
415,Office Stationery & Supplies,4255479,2021-07-08,Supply and delivery of office stationery & supplies items,Ministry of Opportunity
416,Medical Supplies & Pharmaceuticals,8786594,2025-04-18,Supply and delivery of medical supplies & pharmaceuticals items,Ministry of Able
417,Cleaning & Sanitary Services,9342213,2025-08-16,Supply and delivery of cleaning & sanitary services items,Ministry of Put
418,Cleaning & Sanitary Services,1415823,2024-01-14,Supply and delivery of cleaning & sanitary services items,Ministry of Rate
419,Consultancy Services,870692,2020-04-23,Supply and delivery of consultancy services items,Ministry of Wrong
420,Construction & Civil Works,265475593,2021-12-08,Supply and delivery of construction & civil works items,Ministry of Three
421,Medical Supplies & Pharmaceuticals,773812,2025-12-20,Supply and delivery of medical supplies & pharmaceuticals items,Ministry of Eye
422,ICT Equipment & Software,29235942,2020-09-23,Supply and delivery of ict equipment & software items,Ministry of National
423,Office Stationery & Supplies,7082252,2022-10-19,Supply and delivery of office stationery & supplies items,Ministry of High
424,Motor Vehicles & Spare Parts,6716659,2023-02-07,Supply and delivery of motor vehicles & spare parts items,Ministry of Animal
425,Office Stationery & Supplies,4639170,2025-04-20,Supply and delivery of office stationery & supplies items,Ministry of Door
426,Medical Supplies & Pharmaceuticals,636644,2020-04-12,Supply and delivery of medical supplies & pharmaceuticals items,Ministry of Why
427,Construction & Civil Works,261868547,2022-07-09,Supply and delivery of construction & civil works items,Ministry of List
428,Medical Supplies & Pharmaceuticals,8261562,2021-11-23,Supply and delivery of medical supplies & pharmaceuticals items,Ministry of Including
429,ICT Equipment & Software,18984758,2021-03-02,Supply and delivery of ict equipment & software items,Ministry of Beat
430,Construction & Civil Works,464071764,2025-04-12,Supply and delivery of construction & civil works items,Ministry of System
431,Consultancy Services,9663454,2020-02-25,Supply and delivery of consultancy services items,Ministry of Sing
432,ICT Equipment & Software,2349395,2021-05-09,Supply and delivery of ict equipment & software items,Ministry of Road
433,Construction & Civil Works,340509228,2022-07-17,Supply and delivery of construction & civil works items,Ministry of Bad
434,Motor Vehicles & Spare Parts,5324237,2025-07-02,Supply and delivery of motor vehicles & spare parts items,Ministry of Debate
435,Motor Vehicles & Spare Parts,5260324,2020-12-26,Supply and delivery of motor vehicles & spare parts items,Ministry of Foreign
436,Medical Supplies & Pharmaceuticals,7521289,2020-05-17,Supply and delivery of medical supplies & pharmaceuticals items,Ministry of Process
437,ICT Equipment & Software,16051270,2020-07-30,Supply and delivery of ict equipment & software items,Ministry of Media
438,Construction & Civil Works,299673264,2022-08-04,Supply and delivery of construction & civil works items,Ministry of Agent
439,Consultancy Services,5317084,2023-07-22,Supply and delivery of consultancy services items,Ministry of Produce
440,Construction & Civil Works,338464581,2025-08-10,Supply and delivery of construction & civil works items,Ministry of Though
441,Office Stationery & Supplies,3305228,2021-07-02,Supply and delivery of office stationery & supplies items,Ministry of Box
442,Office Stationery & Supplies,5399238,2022-11-03,Supply and delivery of office stationery & supplies items,Ministry of Grow
443,Cleaning & Sanitary Services,8982600,2024-12-29,Supply and delivery of cleaning & sanitary services items,Ministry of Term
444,Cleaning & Sanitary Services,6614948,2021-12-31,Supply and delivery of cleaning & sanitary services items,Ministry of Study
445,ICT Equipment & Software,40771958,2021-06-02,Supply and delivery of ict equipment & software items,Ministry of Baby
446,Construction & Civil Works,412083083,2024-08-26,Supply and delivery of construction & civil works items,Ministry of President
447,Motor Vehicles & Spare Parts,3991151,2022-08-18,Supply and delivery of motor vehicles & spare parts items,Ministry of Beyond
448,Office Stationery & Supplies,2048061,2023-10-02,Supply and delivery of office stationery & supplies items,Ministry of Particular
449,Construction & Civil Works,61912766,2020-09-30,Supply and delivery of construction & civil works items,Ministry of Ask
450,Cleaning & Sanitary Services,998332,2025-07-01,Supply and delivery of cleaning & sanitary services items,Ministry of Huge
451,Motor Vehicles & Spare Parts,7703876,2021-11-17,Supply and delivery of motor vehicles & spare parts items,Ministry of Thus
452,Motor Vehicles & Spare Parts,8651795,2024-02-28,Supply and delivery of motor vehicles & spare parts items,Ministry of Stay
453,Motor Vehicles & Spare Parts,4803855,2020-10-06,Supply and delivery of motor vehicles & spare parts items,Ministry of Wide
454,Motor Vehicles & Spare Parts,5348400,2024-10-24,Supply and delivery of motor vehicles & spare parts items,Ministry of Around
455,Motor Vehicles & Spare Parts,8656135,2021-10-22,Supply and delivery of motor vehicles & spare parts items,Ministry of Produce
456,Consultancy Services,2844804,2022-08-04,Supply and delivery of consultancy services items,Ministry of Blue
457,Cleaning & Sanitary Services,1687819,2024-01-24,Supply and delivery of cleaning & sanitary services items,Ministry of Operation
458,ICT Equipment & Software,22459317,2020-04-24,Supply and delivery of ict equipment & software items,Ministry of To
459,Cleaning & Sanitary Services,6641600,2022-04-15,Supply and delivery of cleaning & sanitary services items,Ministry of Big
460,Cleaning & Sanitary Services,694557,2023-09-14,Supply and delivery of cleaning & sanitary services items,Ministry of Item
461,Office Stationery & Supplies,8454207,2021-05-25,Supply and delivery of office stationery & supplies items,Ministry of Place
462,ICT Equipment & Software,29115154,2024-09-21,Supply and delivery of ict equipment & software items,Ministry of Price
463,Cleaning & Sanitary Services,1825049,2020-01-24,Supply and delivery of cleaning & sanitary services items,Ministry of If
464,ICT Equipment & Software,41900302,2022-10-14,Supply and delivery of ict equipment & software items,Ministry of Later
465,Medical Supplies & Pharmaceuticals,583442,2025-04-11,Supply and delivery of medical supplies & pharmaceuticals items,Ministry of President
466,Medical Supplies & Pharmaceuticals,5372225,2020-08-09,Supply and delivery of medical supplies & pharmaceuticals items,Ministry of Rather
467,Construction & Civil Works,378208297,2025-08-16,Supply and delivery of construction & civil works items,Ministry of Stay
468,Medical Supplies & Pharmaceuticals,6722766,2020-02-26,Supply and delivery of medical supplies & pharmaceuticals items,Ministry of Nation
469,Cleaning & Sanitary Services,8586014,2021-12-20,Supply and delivery of cleaning & sanitary services items,Ministry of Data
470,Office Stationery & Supplies,3552814,2020-08-24,Supply and delivery of office stationery & supplies items,Ministry of Actually
471,Cleaning & Sanitary Services,6970679,2023-07-28,Supply and delivery of cleaning & sanitary services items,Ministry of Author
472,Office Stationery & Supplies,9510044,2023-07-23,Supply and delivery of office stationery & supplies items,Ministry of Though
473,Construction & Civil Works,180127726,2021-02-28,Supply and delivery of construction & civil works items,Ministry of Page
474,Construction & Civil Works,236689149,2020-10-03,Supply and delivery of construction & civil works items,Ministry of Mr
475,Construction & Civil Works,180685650,2021-07-15,Supply and delivery of construction & civil works items,Ministry of Know
476,Office Stationery & Supplies,4898793,2022-11-20,Supply and delivery of office stationery & supplies items,Ministry of Pressure
477,Motor Vehicles & Spare Parts,2428476,2022-09-01,Supply and delivery of motor vehicles & spare parts items,Ministry of Eight
478,ICT Equipment & Software,25016082,2020-10-28,Supply and delivery of ict equipment & software items,Ministry of Another
479,Consultancy Services,5213728,2020-05-12,Supply and delivery of consultancy services items,Ministry of Forget
480,ICT Equipment & Software,28488060,2023-07-04,Supply and delivery of ict equipment & software items,Ministry of Must
481,Motor Vehicles & Spare Parts,9176940,2025-10-03,Supply and delivery of motor vehicles & spare parts items,Ministry of Somebody
482,Construction & Civil Works,254654588,2022-02-22,Supply and delivery of construction & civil works items,Ministry of Past
483,Consultancy Services,6952902,2025-04-23,Supply and delivery of consultancy services items,Ministry of Stand
484,ICT Equipment & Software,13930854,2020-11-15,Supply and delivery of ict equipment & software items,Ministry of Manager
485,Consultancy Services,5401572,2021-11-07,Supply and delivery of consultancy services items,Ministry of Gun
486,ICT Equipment & Software,22188624,2021-09-29,Supply and delivery of ict equipment & software items,Ministry of Across
487,Office Stationery & Supplies,5216934,2023-02-08,Supply and delivery of office stationery & supplies items,Ministry of Really
488,ICT Equipment & Software,34022480,2024-01-26,Supply and delivery of ict equipment & software items,Ministry of Art
489,Motor Vehicles & Spare Parts,5695956,2021-06-04,Supply and delivery of motor vehicles & spare parts items,Ministry of Tell
490,Construction & Civil Works,82842160,2025-01-03,Supply and delivery of construction & civil works items,Ministry of Town
491,Cleaning & Sanitary Services,8003402,2020-04-29,Supply and delivery of cleaning & sanitary services items,Ministry of Guy
492,Construction & Civil Works,212216890,2021-03-04,Supply and delivery of construction & civil works items,Ministry of Deep
493,Consultancy Services,8127522,2023-11-04,Supply and delivery of consultancy services items,Ministry of Defense
494,Motor Vehicles & Spare Parts,4960319,2024-09-16,Supply and delivery of motor vehicles & spare parts items,Ministry of Growth
495,ICT Equipment & Software,14554779,2021-02-18,Supply and delivery of ict equipment & software items,Ministry of Maybe
496,Construction & Civil Works,461625973,2024-03-02,Supply and delivery of construction & civil works items,Ministry of Manage
497,Medical Supplies & Pharmaceuticals,8530664,2023-08-07,Supply and delivery of medical supplies & pharmaceuticals items,Ministry of Glass
498,Construction & Civil Works,391784348,2025-02-09,Supply and delivery of construction & civil works items,Ministry of Others
499,Construction & Civil Works,405832847,2025-10-11,Supply and delivery of construction & civil works items,Ministry of Power
500,Construction & Civil Works,477852978,2021-10-18,Supply and delivery of construction & civil works items,Ministry of Get
501,Medical Supplies & Pharmaceuticals,6959698,2020-12-21,Supply and delivery of medical supplies & pharmaceuticals items,Ministry of Look
502,Cleaning & Sanitary Services,1506150,2025-04-03,Supply and delivery of cleaning & sanitary services items,Ministry of Whether
503,Cleaning & Sanitary Services,1329458,2020-04-02,Supply and delivery of cleaning & sanitary services items,Ministry of Discuss
504,ICT Equipment & Software,32969420,2025-07-08,Supply and delivery of ict equipment & software items,Ministry of Purpose
505,Motor Vehicles & Spare Parts,6396450,2021-05-03,Supply and delivery of motor vehicles & spare parts items,Ministry of Drug
506,Office Stationery & Supplies,6460756,2022-10-19,Supply and delivery of office stationery & supplies items,Ministry of Different
507,Cleaning & Sanitary Services,4855997,2021-06-07,Supply and delivery of cleaning & sanitary services items,Ministry of Simple
508,Construction & Civil Works,234942503,2024-08-10,Supply and delivery of construction & civil works items,Ministry of Teacher
509,ICT Equipment & Software,48384722,2021-12-27,Supply and delivery of ict equipment & software items,Ministry of Sister
510,ICT Equipment & Software,19714047,2022-04-03,Supply and delivery of ict equipment & software items,Ministry of Instead
511,Cleaning & Sanitary Services,8843662,2021-02-07,Supply and delivery of cleaning & sanitary services items,Ministry of According
512,Construction & Civil Works,404714595,2022-03-05,Supply and delivery of construction & civil works items,Ministry of Back
513,Motor Vehicles & Spare Parts,780667,2022-02-23,Supply and delivery of motor vehicles & spare parts items,Ministry of One
514,Medical Supplies & Pharmaceuticals,5419728,2020-09-09,Supply and delivery of medical supplies & pharmaceuticals items,Ministry of Fill
515,Consultancy Services,5510897,2022-08-22,Supply and delivery of consultancy services items,Ministry of Program
516,ICT Equipment & Software,30305100,2023-07-07,Supply and delivery of ict equipment & software items,Ministry of Southern
517,Cleaning & Sanitary Services,4737203,2022-02-27,Supply and delivery of cleaning & sanitary services items,Ministry of All
518,Consultancy Services,2099482,2021-03-12,Supply and delivery of consultancy services items,Ministry of Federal
519,ICT Equipment & Software,37703676,2021-01-16,Supply and delivery of ict equipment & software items,Ministry of Value
520,Office Stationery & Supplies,5946866,2021-07-28,Supply and delivery of office stationery & supplies items,Ministry of Contain
521,Office Stationery & Supplies,6282719,2022-01-14,Supply and delivery of office stationery & supplies items,Ministry of Once
522,Office Stationery & Supplies,9954523,2021-06-22,Supply and delivery of office stationery & supplies items,Ministry of Deal
523,Medical Supplies & Pharmaceuticals,2159385,2020-02-17,Supply and delivery of medical supplies & pharmaceuticals items,Ministry of Threat
524,Motor Vehicles & Spare Parts,7549194,2021-07-27,Supply and delivery of motor vehicles & spare parts items,Ministry of Blood
525,Office Stationery & Supplies,1475645,2020-02-15,Supply and delivery of office stationery & supplies items,Ministry of Research
526,Office Stationery & Supplies,6662877,2020-10-27,Supply and delivery of office stationery & supplies items,Ministry of Real
527,Construction & Civil Works,27821211,2024-09-21,Supply and delivery of construction & civil works items,Ministry of Bring
528,Motor Vehicles & Spare Parts,7064705,2022-01-11,Supply and delivery of motor vehicles & spare parts items,Ministry of Develop
529,Consultancy Services,9188503,2021-10-30,Supply and delivery of consultancy services items,Ministry of Education
530,Motor Vehicles & Spare Parts,7756495,2022-03-20,Supply and delivery of motor vehicles & spare parts items,Ministry of Hotel
531,Construction & Civil Works,352957155,2023-12-19,Supply and delivery of construction & civil works items,Ministry of Yeah
532,Construction & Civil Works,364547129,2023-02-28,Supply and delivery of construction & civil works items,Ministry of Successful
533,ICT Equipment & Software,3549316,2025-12-25,Supply and delivery of ict equipment & software items,Ministry of Upon
534,Consultancy Services,9638342,2022-08-08,Supply and delivery of consultancy services items,Ministry of Seek
535,ICT Equipment & Software,37015315,2020-05-23,Supply and delivery of ict equipment & software items,Ministry of Charge
536,Construction & Civil Works,67827874,2025-04-18,Supply and delivery of construction & civil works items,Ministry of Case
537,Consultancy Services,1006450,2024-10-07,Supply and delivery of consultancy services items,Ministry of Dark
538,Medical Supplies & Pharmaceuticals,382140,2023-03-12,Supply and delivery of medical supplies & pharmaceuticals items,Ministry of Run
539,Office Stationery & Supplies,8313062,2022-03-30,Supply and delivery of office stationery & supplies items,Ministry of Place
540,Medical Supplies & Pharmaceuticals,658981,2022-07-30,Supply and delivery of medical supplies & pharmaceuticals items,Ministry of Provide
541,Consultancy Services,8597552,2021-06-19,Supply and delivery of consultancy services items,Ministry of Any
542,Motor Vehicles & Spare Parts,7783647,2024-07-29,Supply and delivery of motor vehicles & spare parts items,Ministry of People
543,ICT Equipment & Software,38445833,2021-02-18,Supply and delivery of ict equipment & software items,Ministry of North
544,Consultancy Services,2053341,2021-10-06,Supply and delivery of consultancy services items,Ministry of Church
545,ICT Equipment & Software,43576427,2021-12-18,Supply and delivery of ict equipment & software items,Ministry of Argue
546,ICT Equipment & Software,37957340,2023-10-11,Supply and delivery of ict equipment & software items,Ministry of Far
547,Consultancy Services,8003498,2025-03-27,Supply and delivery of consultancy services items,Ministry of Today
548,Cleaning & Sanitary Services,5798618,2023-01-18,Supply and delivery of cleaning & sanitary services items,Ministry of Pattern
549,Construction & Civil Works,433514540,2025-04-24,Supply and delivery of construction & civil works items,Ministry of Determine
550,Office Stationery & Supplies,9285665,2024-05-12,Supply and delivery of office stationery & supplies items,Ministry of Still
551,Cleaning & Sanitary Services,6336893,2022-10-28,Supply and delivery of cleaning & sanitary services items,Ministry of Record
552,Medical Supplies & Pharmaceuticals,7350569,2023-09-09,Supply and delivery of medical supplies & pharmaceuticals items,Ministry of Computer
553,Medical Supplies & Pharmaceuticals,1905518,2023-01-19,Supply and delivery of medical supplies & pharmaceuticals items,Ministry of Society
554,Construction & Civil Works,368646681,2025-04-17,Supply and delivery of construction & civil works items,Ministry of Society
555,ICT Equipment & Software,37653969,2023-01-20,Supply and delivery of ict equipment & software items,Ministry of Moment
556,Medical Supplies & Pharmaceuticals,6621689,2023-02-10,Supply and delivery of medical supplies & pharmaceuticals items,Ministry of Country
557,Motor Vehicles & Spare Parts,6398941,2021-12-06,Supply and delivery of motor vehicles & spare parts items,Ministry of Hour
558,Construction & Civil Works,99257535,2023-02-25,Supply and delivery of construction & civil works items,Ministry of Meeting
559,Cleaning & Sanitary Services,4191685,2024-04-16,Supply and delivery of cleaning & sanitary services items,Ministry of Miss
560,Construction & Civil Works,65395758,2022-11-04,Supply and delivery of construction & civil works items,Ministry of Party
561,Office Stationery & Supplies,6836549,2022-05-28,Supply and delivery of office stationery & supplies items,Ministry of Will
562,Office Stationery & Supplies,1358624,2024-09-28,Supply and delivery of office stationery & supplies items,Ministry of Rate
563,Cleaning & Sanitary Services,7396991,2020-03-21,Supply and delivery of cleaning & sanitary services items,Ministry of Discuss
564,Medical Supplies & Pharmaceuticals,9451060,2025-05-14,Supply and delivery of medical supplies & pharmaceuticals items,Ministry of Live
565,ICT Equipment & Software,7171203,2025-03-06,Supply and delivery of ict equipment & software items,Ministry of Individual
566,Motor Vehicles & Spare Parts,2850025,2021-04-23,Supply and delivery of motor vehicles & spare parts items,Ministry of Large
567,Motor Vehicles & Spare Parts,5835630,2025-05-01,Supply and delivery of motor vehicles & spare parts items,Ministry of Owner
568,Medical Supplies & Pharmaceuticals,2614399,2020-12-10,Supply and delivery of medical supplies & pharmaceuticals items,Ministry of Thousand
569,Motor Vehicles & Spare Parts,1055205,2022-03-30,Supply and delivery of motor vehicles & spare parts items,Ministry of Oil
570,Medical Supplies & Pharmaceuticals,1066649,2020-07-04,Supply and delivery of medical supplies & pharmaceuticals items,Ministry of Society
571,Consultancy Services,7593971,2020-07-03,Supply and delivery of consultancy services items,Ministry of Light
572,Medical Supplies & Pharmaceuticals,9422656,2023-02-10,Supply and delivery of medical supplies & pharmaceuticals items,Ministry of Drug
573,Medical Supplies & Pharmaceuticals,7676126,2023-07-03,Supply and delivery of medical supplies & pharmaceuticals items,Ministry of Make
574,Cleaning & Sanitary Services,5161500,2023-01-27,Supply and delivery of cleaning & sanitary services items,Ministry of Great
575,Consultancy Services,7596287,2022-07-22,Supply and delivery of consultancy services items,Ministry of Manage
576,Office Stationery & Supplies,564462,2022-08-05,Supply and delivery of office stationery & supplies items,Ministry of Hold
577,Consultancy Services,4968923,2024-10-28,Supply and delivery of consultancy services items,Ministry of Free
578,Cleaning & Sanitary Services,8030221,2021-08-21,Supply and delivery of cleaning & sanitary services items,Ministry of Ago
579,Office Stationery & Supplies,4703623,2021-01-28,Supply and delivery of office stationery & supplies items,Ministry of East
580,Motor Vehicles & Spare Parts,374535,2021-08-04,Supply and delivery of motor vehicles & spare parts items,Ministry of Bag
581,Consultancy Services,5240709,2022-02-25,Supply and delivery of consultancy services items,Ministry of Beautiful
582,ICT Equipment & Software,5316129,2021-10-07,Supply and delivery of ict equipment & software items,Ministry of More
583,Office Stationery & Supplies,1017472,2023-01-28,Supply and delivery of office stationery & supplies items,Ministry of Quickly
584,Cleaning & Sanitary Services,3749279,2020-06-20,Supply and delivery of cleaning & sanitary services items,Ministry of Factor
585,Cleaning & Sanitary Services,5116239,2025-07-23,Supply and delivery of cleaning & sanitary services items,Ministry of Billion
586,Office Stationery & Supplies,3321131,2020-09-16,Supply and delivery of office stationery & supplies items,Ministry of Here
587,Office Stationery & Supplies,9077182,2020-03-24,Supply and delivery of office stationery & supplies items,Ministry of Deep
588,Office Stationery & Supplies,8593535,2022-01-01,Supply and delivery of office stationery & supplies items,Ministry of Republican
589,Consultancy Services,7883874,2021-12-22,Supply and delivery of consultancy services items,Ministry of Five
590,Consultancy Services,4317690,2024-06-20,Supply and delivery of consultancy services items,Ministry of Special
591,Office Stationery & Supplies,3749886,2024-02-06,Supply and delivery of office stationery & supplies items,Ministry of Face
592,Motor Vehicles & Spare Parts,4546460,2021-02-21,Supply and delivery of motor vehicles & spare parts items,Ministry of Pm
593,Consultancy Services,5144080,2025-12-26,Supply and delivery of consultancy services items,Ministry of Top
594,Office Stationery & Supplies,4763754,2024-07-06,Supply and delivery of office stationery & supplies items,Ministry of Sister
595,Office Stationery & Supplies,6640180,2023-04-04,Supply and delivery of office stationery & supplies items,Ministry of Every
596,Office Stationery & Supplies,8603197,2020-01-19,Supply and delivery of office stationery & supplies items,Ministry of Firm
597,Motor Vehicles & Spare Parts,9107611,2021-09-09,Supply and delivery of motor vehicles & spare parts items,Ministry of Half
598,Consultancy Services,6754754,2024-09-11,Supply and delivery of consultancy services items,Ministry of International
599,Cleaning & Sanitary Services,6648894,2025-09-03,Supply and delivery of cleaning & sanitary services items,Ministry of Term
600,Cleaning & Sanitary Services,2607743,2023-06-24,Supply and delivery of cleaning & sanitary services items,Ministry of Reality
601,Medical Supplies & Pharmaceuticals,5177198,2020-01-27,Supply and delivery of medical supplies & pharmaceuticals items,Ministry of Ready
602,Office Stationery & Supplies,6284377,2023-01-28,Supply and delivery of office stationery & supplies items,Ministry of Sort
603,Office Stationery & Supplies,4024482,2025-09-15,Supply and delivery of office stationery & supplies items,Ministry of Tree
604,Consultancy Services,5047796,2022-05-20,Supply and delivery of consultancy services items,Ministry of Dream
605,Consultancy Services,4390697,2024-05-03,Supply and delivery of consultancy services items,Ministry of Determine
606,Office Stationery & Supplies,6986940,2022-11-05,Supply and delivery of office stationery & supplies items,Ministry of Name
607,Motor Vehicles & Spare Parts,3912010,2023-07-10,Supply and delivery of motor vehicles & spare parts items,Ministry of Old
608,ICT Equipment & Software,18848105,2024-07-17,Supply and delivery of ict equipment & software items,Ministry of Seven
609,Consultancy Services,3171640,2024-11-19,Supply and delivery of consultancy services items,Ministry of Grow
610,Medical Supplies & Pharmaceuticals,5353974,2024-10-01,Supply and delivery of medical supplies & pharmaceuticals items,Ministry of Form
611,Office Stationery & Supplies,1784449,2025-01-27,Supply and delivery of office stationery & supplies items,Ministry of Laugh
612,Motor Vehicles & Spare Parts,5853371,2024-08-14,Supply and delivery of motor vehicles & spare parts items,Ministry of Save
613,Consultancy Services,1217374,2022-07-04,Supply and delivery of consultancy services items,Ministry of Leg
614,Office Stationery & Supplies,2398756,2022-09-12,Supply and delivery of office stationery & supplies items,Ministry of Open
615,Office Stationery & Supplies,7200052,2020-03-06,Supply and delivery of office stationery & supplies items,Ministry of Chair
616,Medical Supplies & Pharmaceuticals,8518865,2023-06-19,Supply and delivery of medical supplies & pharmaceuticals items,Ministry of Career
617,Medical Supplies & Pharmaceuticals,7273877,2021-10-31,Supply and delivery of medical supplies & pharmaceuticals items,Ministry of Sing
618,Construction & Civil Works,375084009,2020-01-22,Supply and delivery of construction & civil works items,Ministry of Take
619,Medical Supplies & Pharmaceuticals,518829,2023-12-14,Supply and delivery of medical supplies & pharmaceuticals items,Ministry of Hear
620,Office Stationery & Supplies,7140906,2022-01-14,Supply and delivery of office stationery & supplies items,Ministry of Kind
621,Consultancy Services,7617750,2022-07-21,Supply and delivery of consultancy services items,Ministry of Soldier
622,Cleaning & Sanitary Services,8813937,2022-06-02,Supply and delivery of cleaning & sanitary services items,Ministry of Start
623,Motor Vehicles & Spare Parts,1643812,2024-02-21,Supply and delivery of motor vehicles & spare parts items,Ministry of Firm
624,Motor Vehicles & Spare Parts,7931038,2021-12-15,Supply and delivery of motor vehicles & spare parts items,Ministry of Agency
625,Construction & Civil Works,106528552,2023-05-28,Supply and delivery of construction & civil works items,Ministry of Almost
626,Cleaning & Sanitary Services,8048745,2025-07-13,Supply and delivery of cleaning & sanitary services items,Ministry of Class
627,Cleaning & Sanitary Services,7404000,2025-11-11,Supply and delivery of cleaning & sanitary services items,Ministry of Give
628,Motor Vehicles & Spare Parts,7168931,2023-05-29,Supply and delivery of motor vehicles & spare parts items,Ministry of Successful
629,Construction & Civil Works,238457294,2023-08-14,Supply and delivery of construction & civil works items,Ministry of Political
630,Medical Supplies & Pharmaceuticals,8891765,2023-06-11,Supply and delivery of medical supplies & pharmaceuticals items,Ministry of Include
631,ICT Equipment & Software,49937614,2025-11-17,Supply and delivery of ict equipment & software items,Ministry of Democratic
632,Construction & Civil Works,380238748,2025-09-09,Supply and delivery of construction & civil works items,Ministry of Attack
633,Cleaning & Sanitary Services,7657773,2023-03-17,Supply and delivery of cleaning & sanitary services items,Ministry of Cup
634,ICT Equipment & Software,15617715,2022-11-06,Supply and delivery of ict equipment & software items,Ministry of Get
635,ICT Equipment & Software,40620224,2023-06-01,Supply and delivery of ict equipment & software items,Ministry of Live
636,Motor Vehicles & Spare Parts,1907402,2023-11-01,Supply and delivery of motor vehicles & spare parts items,Ministry of Fly
637,Motor Vehicles & Spare Parts,9623979,2020-07-23,Supply and delivery of motor vehicles & spare parts items,Ministry of Body
638,Cleaning & Sanitary Services,9148595,2024-01-18,Supply and delivery of cleaning & sanitary services items,Ministry of Cost
639,Cleaning & Sanitary Services,343877,2020-03-11,Supply and delivery of cleaning & sanitary services items,Ministry of Risk
640,Office Stationery & Supplies,1020759,2023-08-14,Supply and delivery of office stationery & supplies items,Ministry of Agreement
641,ICT Equipment & Software,48870781,2021-02-13,Supply and delivery of ict equipment & software items,Ministry of Available
642,Consultancy Services,5886572,2025-06-19,Supply and delivery of consultancy services items,Ministry of Imagine
643,ICT Equipment & Software,43910212,2021-09-13,Supply and delivery of ict equipment & software items,Ministry of Early
644,Construction & Civil Works,121017893,2021-09-29,Supply and delivery of construction & civil works items,Ministry of Need
645,ICT Equipment & Software,2358997,2020-06-02,Supply and delivery of ict equipment & software items,Ministry of Art
646,ICT Equipment & Software,27084650,2022-03-18,Supply and delivery of ict equipment & software items,Ministry of Activity
647,Medical Supplies & Pharmaceuticals,1529290,2021-01-11,Supply and delivery of medical supplies & pharmaceuticals items,Ministry of Trade
648,Cleaning & Sanitary Services,2220711,2025-06-16,Supply and delivery of cleaning & sanitary services items,Ministry of Include
649,Consultancy Services,6371271,2020-12-10,Supply and delivery of consultancy services items,Ministry of Bring
650,ICT Equipment & Software,28161213,2020-10-09,Supply and delivery of ict equipment & software items,Ministry of Kid
651,Construction & Civil Works,463904191,2022-11-13,Supply and delivery of construction & civil works items,Ministry of Authority
652,Medical Supplies & Pharmaceuticals,8976659,2022-05-02,Supply and delivery of medical supplies & pharmaceuticals items,Ministry of Well
653,Motor Vehicles & Spare Parts,539439,2025-03-11,Supply and delivery of motor vehicles & spare parts items,Ministry of Case
654,Cleaning & Sanitary Services,1364134,2025-03-22,Supply and delivery of cleaning & sanitary services items,Ministry of Force
655,Consultancy Services,5859919,2022-08-04,Supply and delivery of consultancy services items,Ministry of Security
656,Office Stationery & Supplies,5955319,2023-12-27,Supply and delivery of office stationery & supplies items,Ministry of Cold
657,Motor Vehicles & Spare Parts,1047272,2023-08-15,Supply and delivery of motor vehicles & spare parts items,Ministry of Wrong
658,Office Stationery & Supplies,5830482,2021-11-10,Supply and delivery of office stationery & supplies items,Ministry of Degree
659,Medical Supplies & Pharmaceuticals,6041028,2023-01-05,Supply and delivery of medical supplies & pharmaceuticals items,Ministry of Reveal
660,ICT Equipment & Software,16442096,2022-10-02,Supply and delivery of ict equipment & software items,Ministry of Defense
661,Motor Vehicles & Spare Parts,6443902,2020-01-17,Supply and delivery of motor vehicles & spare parts items,Ministry of Character
662,Motor Vehicles & Spare Parts,7848408,2022-09-03,Supply and delivery of motor vehicles & spare parts items,Ministry of Thank
663,Motor Vehicles & Spare Parts,2721158,2022-05-24,Supply and delivery of motor vehicles & spare parts items,Ministry of Surface
664,Consultancy Services,6243243,2021-06-24,Supply and delivery of consultancy services items,Ministry of Get
665,Construction & Civil Works,195304016,2025-06-17,Supply and delivery of construction & civil works items,Ministry of Until
666,ICT Equipment & Software,2498173,2022-12-11,Supply and delivery of ict equipment & software items,Ministry of Maintain
667,Consultancy Services,4806797,2023-06-16,Supply and delivery of consultancy services items,Ministry of Since
668,Office Stationery & Supplies,1590017,2020-07-18,Supply and delivery of office stationery & supplies items,Ministry of Race
669,ICT Equipment & Software,43312486,2025-04-14,Supply and delivery of ict equipment & software items,Ministry of Loss
670,Medical Supplies & Pharmaceuticals,741593,2022-01-29,Supply and delivery of medical supplies & pharmaceuticals items,Ministry of Thousand
671,ICT Equipment & Software,27132954,2024-04-08,Supply and delivery of ict equipment & software items,Ministry of Finish
672,Medical Supplies & Pharmaceuticals,2397905,2022-05-06,Supply and delivery of medical supplies & pharmaceuticals items,Ministry of Than
673,Cleaning & Sanitary Services,4297079,2024-11-09,Supply and delivery of cleaning & sanitary services items,Ministry of Continue
674,ICT Equipment & Software,48780115,2022-06-28,Supply and delivery of ict equipment & software items,Ministry of Country
675,Motor Vehicles & Spare Parts,1906210,2025-05-25,Supply and delivery of motor vehicles & spare parts items,Ministry of Significant
676,Consultancy Services,6456605,2022-08-04,Supply and delivery of consultancy services items,Ministry of If
677,Construction & Civil Works,403407463,2025-06-18,Supply and delivery of construction & civil works items,Ministry of Cover
678,Medical Supplies & Pharmaceuticals,4501207,2024-03-10,Supply and delivery of medical supplies & pharmaceuticals items,Ministry of Beyond
679,Motor Vehicles & Spare Parts,6191111,2022-05-12,Supply and delivery of motor vehicles & spare parts items,Ministry of Young
680,Office Stationery & Supplies,8840973,2020-04-05,Supply and delivery of office stationery & supplies items,Ministry of Value
681,Consultancy Services,8849917,2025-03-22,Supply and delivery of consultancy services items,Ministry of Eye
682,Medical Supplies & Pharmaceuticals,9266243,2025-04-17,Supply and delivery of medical supplies & pharmaceuticals items,Ministry of Note
683,Consultancy Services,7391916,2021-10-01,Supply and delivery of consultancy services items,Ministry of Whom
684,Medical Supplies & Pharmaceuticals,9319865,2020-05-26,Supply and delivery of medical supplies & pharmaceuticals items,Ministry of She
685,Cleaning & Sanitary Services,9811781,2024-05-01,Supply and delivery of cleaning & sanitary services items,Ministry of Director
686,Motor Vehicles & Spare Parts,7980055,2025-06-14,Supply and delivery of motor vehicles & spare parts items,Ministry of Its
687,Motor Vehicles & Spare Parts,4080053,2025-12-14,Supply and delivery of motor vehicles & spare parts items,Ministry of On
688,ICT Equipment & Software,5607742,2020-09-22,Supply and delivery of ict equipment & software items,Ministry of Home
689,Motor Vehicles & Spare Parts,4001403,2020-06-16,Supply and delivery of motor vehicles & spare parts items,Ministry of Book
690,Cleaning & Sanitary Services,1945700,2023-01-10,Supply and delivery of cleaning & sanitary services items,Ministry of State
691,Cleaning & Sanitary Services,6982727,2021-12-15,Supply and delivery of cleaning & sanitary services items,Ministry of Little
692,Cleaning & Sanitary Services,971535,2020-12-27,Supply and delivery of cleaning & sanitary services items,Ministry of Despite
693,Medical Supplies & Pharmaceuticals,1842166,2023-01-13,Supply and delivery of medical supplies & pharmaceuticals items,Ministry of Maintain
694,Construction & Civil Works,291673984,2020-02-28,Supply and delivery of construction & civil works items,Ministry of Purpose
695,Motor Vehicles & Spare Parts,7727742,2024-03-01,Supply and delivery of motor vehicles & spare parts items,Ministry of So
696,ICT Equipment & Software,42939480,2022-10-09,Supply and delivery of ict equipment & software items,Ministry of Gun
697,Motor Vehicles & Spare Parts,9940745,2024-06-22,Supply and delivery of motor vehicles & spare parts items,Ministry of Total
698,Consultancy Services,2842455,2021-03-01,Supply and delivery of consultancy services items,Ministry of Always
699,ICT Equipment & Software,23290920,2020-01-24,Supply and delivery of ict equipment & software items,Ministry of Building
700,Cleaning & Sanitary Services,395599,2024-04-02,Supply and delivery of cleaning & sanitary services items,Ministry of Century
701,ICT Equipment & Software,47582866,2021-12-17,Supply and delivery of ict equipment & software items,Ministry of Smile
702,Medical Supplies & Pharmaceuticals,697904,2022-10-14,Supply and delivery of medical supplies & pharmaceuticals items,Ministry of Main
703,Motor Vehicles & Spare Parts,216841,2020-05-29,Supply and delivery of motor vehicles & spare parts items,Ministry of Official
704,Motor Vehicles & Spare Parts,8658542,2023-12-10,Supply and delivery of motor vehicles & spare parts items,Ministry of Sell
705,Motor Vehicles & Spare Parts,5926038,2025-09-12,Supply and delivery of motor vehicles & spare parts items,Ministry of Challenge
706,Motor Vehicles & Spare Parts,337068,2022-10-28,Supply and delivery of motor vehicles & spare parts items,Ministry of Family
707,Construction & Civil Works,70113119,2025-01-17,Supply and delivery of construction & civil works items,Ministry of Conference
708,Construction & Civil Works,285973351,2025-01-11,Supply and delivery of construction & civil works items,Ministry of Policy
709,Medical Supplies & Pharmaceuticals,951161,2020-08-08,Supply and delivery of medical supplies & pharmaceuticals items,Ministry of Financial
710,Office Stationery & Supplies,4872945,2020-09-29,Supply and delivery of office stationery & supplies items,Ministry of Site
711,Consultancy Services,1738846,2022-05-06,Supply and delivery of consultancy services items,Ministry of Bank
712,Medical Supplies & Pharmaceuticals,9948018,2024-01-11,Supply and delivery of medical supplies & pharmaceuticals items,Ministry of Activity
713,Medical Supplies & Pharmaceuticals,8813542,2024-01-24,Supply and delivery of medical supplies & pharmaceuticals items,Ministry of Class
714,Construction & Civil Works,476564514,2022-08-23,Supply and delivery of construction & civil works items,Ministry of Could
715,ICT Equipment & Software,964310,2021-04-19,Supply and delivery of ict equipment & software items,Ministry of Already
716,Motor Vehicles & Spare Parts,3814755,2025-05-09,Supply and delivery of motor vehicles & spare parts items,Ministry of No
717,Office Stationery & Supplies,3227640,2021-04-18,Supply and delivery of office stationery & supplies items,Ministry of Same
718,Cleaning & Sanitary Services,4198535,2020-04-14,Supply and delivery of cleaning & sanitary services items,Ministry of Prove
719,Consultancy Services,9660912,2024-11-13,Supply and delivery of consultancy services items,Ministry of Put
720,Construction & Civil Works,221859876,2023-12-22,Supply and delivery of construction & civil works items,Ministry of Receive
721,Cleaning & Sanitary Services,5773938,2025-05-19,Supply and delivery of cleaning & sanitary services items,Ministry of In
722,Consultancy Services,5208728,2024-02-21,Supply and delivery of consultancy services items,Ministry of Life
723,Medical Supplies & Pharmaceuticals,5869049,2020-04-24,Supply and delivery of medical supplies & pharmaceuticals items,Ministry of Above
724,Cleaning & Sanitary Services,1019134,2020-04-16,Supply and delivery of cleaning & sanitary services items,Ministry of Huge
725,Cleaning & Sanitary Services,6479515,2024-08-07,Supply and delivery of cleaning & sanitary services items,Ministry of Woman
726,Motor Vehicles & Spare Parts,4736440,2021-07-01,Supply and delivery of motor vehicles & spare parts items,Ministry of When
727,Consultancy Services,6589759,2021-06-06,Supply and delivery of consultancy services items,Ministry of Benefit
728,Office Stationery & Supplies,2670725,2020-02-05,Supply and delivery of office stationery & supplies items,Ministry of Ahead
729,Motor Vehicles & Spare Parts,2526277,2025-12-07,Supply and delivery of motor vehicles & spare parts items,Ministry of Green
730,Medical Supplies & Pharmaceuticals,5424852,2024-12-02,Supply and delivery of medical supplies & pharmaceuticals items,Ministry of Response
731,Cleaning & Sanitary Services,1417621,2024-01-05,Supply and delivery of cleaning & sanitary services items,Ministry of Discussion
732,ICT Equipment & Software,19645109,2025-10-01,Supply and delivery of ict equipment & software items,Ministry of Big
733,Consultancy Services,5153127,2024-10-12,Supply and delivery of consultancy services items,Ministry of Then
734,Motor Vehicles & Spare Parts,4171495,2023-12-26,Supply and delivery of motor vehicles & spare parts items,Ministry of Shake
735,Cleaning & Sanitary Services,2191013,2021-01-01,Supply and delivery of cleaning & sanitary services items,Ministry of Just
736,Cleaning & Sanitary Services,3781890,2023-01-27,Supply and delivery of cleaning & sanitary services items,Ministry of Team
737,ICT Equipment & Software,34927266,2021-12-17,Supply and delivery of ict equipment & software items,Ministry of Or
738,Office Stationery & Supplies,6726379,2023-10-05,Supply and delivery of office stationery & supplies items,Ministry of Probably
739,Construction & Civil Works,453668474,2021-03-29,Supply and delivery of construction & civil works items,Ministry of Number
740,Motor Vehicles & Spare Parts,7452132,2022-05-15,Supply and delivery of motor vehicles & spare parts items,Ministry of Later
741,Cleaning & Sanitary Services,1132499,2020-09-21,Supply and delivery of cleaning & sanitary services items,Ministry of Different
742,Construction & Civil Works,113393598,2020-08-19,Supply and delivery of construction & civil works items,Ministry of Game
743,Construction & Civil Works,16364638,2021-01-15,Supply and delivery of construction & civil works items,Ministry of Interest
744,Cleaning & Sanitary Services,2431348,2023-12-03,Supply and delivery of cleaning & sanitary services items,Ministry of Actually
745,ICT Equipment & Software,27678579,2022-05-02,Supply and delivery of ict equipment & software items,Ministry of Low
746,Motor Vehicles & Spare Parts,6665269,2021-04-27,Supply and delivery of motor vehicles & spare parts items,Ministry of Really
747,Medical Supplies & Pharmaceuticals,2906284,2024-11-20,Supply and delivery of medical supplies & pharmaceuticals items,Ministry of Rate
748,Consultancy Services,6672531,2023-09-28,Supply and delivery of consultancy services items,Ministry of Animal
749,Consultancy Services,6916080,2020-05-27,Supply and delivery of consultancy services items,Ministry of Discover
750,Cleaning & Sanitary Services,5650560,2022-06-19,Supply and delivery of cleaning & sanitary services items,Ministry of Speak
751,Construction & Civil Works,439733966,2023-08-05,Supply and delivery of construction & civil works items,Ministry of Blue
752,Consultancy Services,213936,2024-04-10,Supply and delivery of consultancy services items,Ministry of Strong
753,ICT Equipment & Software,12138087,2025-12-10,Supply and delivery of ict equipment & software items,Ministry of To
754,ICT Equipment & Software,47757306,2023-06-01,Supply and delivery of ict equipment & software items,Ministry of Enter
755,Consultancy Services,2533351,2025-10-02,Supply and delivery of consultancy services items,Ministry of Plan
756,Office Stationery & Supplies,2919182,2021-12-11,Supply and delivery of office stationery & supplies items,Ministry of Program
757,Office Stationery & Supplies,547244,2024-03-05,Supply and delivery of office stationery & supplies items,Ministry of Resource
758,Motor Vehicles & Spare Parts,6352016,2025-07-18,Supply and delivery of motor vehicles & spare parts items,Ministry of Spend
759,Medical Supplies & Pharmaceuticals,9327535,2024-02-28,Supply and delivery of medical supplies & pharmaceuticals items,Ministry of Go
760,Motor Vehicles & Spare Parts,1378673,2021-01-19,Supply and delivery of motor vehicles & spare parts items,Ministry of Sort
761,Motor Vehicles & Spare Parts,4215741,2025-04-20,Supply and delivery of motor vehicles & spare parts items,Ministry of Friend
762,Motor Vehicles & Spare Parts,6878892,2025-11-12,Supply and delivery of motor vehicles & spare parts items,Ministry of Reflect
763,ICT Equipment & Software,31598588,2022-11-22,Supply and delivery of ict equipment & software items,Ministry of Government
764,Cleaning & Sanitary Services,5144829,2020-02-08,Supply and delivery of cleaning & sanitary services items,Ministry of Which
765,Consultancy Services,2538710,2023-07-05,Supply and delivery of consultancy services items,Ministry of Idea
766,Construction & Civil Works,50444007,2023-01-24,Supply and delivery of construction & civil works items,Ministry of Site
767,Office Stationery & Supplies,8036627,2021-05-24,Supply and delivery of office stationery & supplies items,Ministry of People
768,Motor Vehicles & Spare Parts,2030440,2024-03-23,Supply and delivery of motor vehicles & spare parts items,Ministry of Add
769,Medical Supplies & Pharmaceuticals,8868201,2021-05-24,Supply and delivery of medical supplies & pharmaceuticals items,Ministry of Practice
770,Medical Supplies & Pharmaceuticals,5578878,2024-07-20,Supply and delivery of medical supplies & pharmaceuticals items,Ministry of Capital
771,Consultancy Services,5779487,2021-11-07,Supply and delivery of consultancy services items,Ministry of Sing
772,Medical Supplies & Pharmaceuticals,4940349,2022-07-27,Supply and delivery of medical supplies & pharmaceuticals items,Ministry of Either
773,Construction & Civil Works,447304312,2023-09-19,Supply and delivery of construction & civil works items,Ministry of As
774,Medical Supplies & Pharmaceuticals,1408014,2020-10-28,Supply and delivery of medical supplies & pharmaceuticals items,Ministry of Moment
775,Construction & Civil Works,202600299,2021-10-11,Supply and delivery of construction & civil works items,Ministry of Civil
776,Office Stationery & Supplies,2921839,2022-04-03,Supply and delivery of office stationery & supplies items,Ministry of Quality
777,Construction & Civil Works,374397535,2020-03-24,Supply and delivery of construction & civil works items,Ministry of Wind
778,Motor Vehicles & Spare Parts,3702571,2024-05-08,Supply and delivery of motor vehicles & spare parts items,Ministry of Young
779,Construction & Civil Works,105420844,2022-08-30,Supply and delivery of construction & civil works items,Ministry of Understand
780,Cleaning & Sanitary Services,3979928,2021-12-21,Supply and delivery of cleaning & sanitary services items,Ministry of Fall
781,Construction & Civil Works,280475335,2021-11-26,Supply and delivery of construction & civil works items,Ministry of Stop
782,Office Stationery & Supplies,7062365,2024-07-24,Supply and delivery of office stationery & supplies items,Ministry of Near
783,Medical Supplies & Pharmaceuticals,3730400,2024-09-30,Supply and delivery of medical supplies & pharmaceuticals items,Ministry of Join
784,Office Stationery & Supplies,2954119,2023-11-20,Supply and delivery of office stationery & supplies items,Ministry of Fight
785,ICT Equipment & Software,6807517,2024-07-02,Supply and delivery of ict equipment & software items,Ministry of Drop
786,Office Stationery & Supplies,3405610,2025-01-29,Supply and delivery of office stationery & supplies items,Ministry of Glass
787,Motor Vehicles & Spare Parts,2188618,2022-01-20,Supply and delivery of motor vehicles & spare parts items,Ministry of Describe
788,Motor Vehicles & Spare Parts,7696537,2023-03-27,Supply and delivery of motor vehicles & spare parts items,Ministry of What
789,Consultancy Services,4500852,2025-07-03,Supply and delivery of consultancy services items,Ministry of Energy
790,Consultancy Services,6859991,2024-10-21,Supply and delivery of consultancy services items,Ministry of Safe
791,Cleaning & Sanitary Services,7158021,2024-04-25,Supply and delivery of cleaning & sanitary services items,Ministry of Political
792,Consultancy Services,6219922,2025-03-27,Supply and delivery of consultancy services items,Ministry of Near
793,Cleaning & Sanitary Services,7019879,2021-12-05,Supply and delivery of cleaning & sanitary services items,Ministry of Letter
794,Construction & Civil Works,145879792,2023-10-11,Supply and delivery of construction & civil works items,Ministry of Attention
795,Office Stationery & Supplies,2735122,2025-03-20,Supply and delivery of office stationery & supplies items,Ministry of Available
796,Office Stationery & Supplies,848692,2025-09-20,Supply and delivery of office stationery & supplies items,Ministry of Area
797,Office Stationery & Supplies,3566689,2023-10-21,Supply and delivery of office stationery & supplies items,Ministry of Chance
798,Motor Vehicles & Spare Parts,1714694,2025-08-17,Supply and delivery of motor vehicles & spare parts items,Ministry of Car
799,Medical Supplies & Pharmaceuticals,9070512,2020-07-20,Supply and delivery of medical supplies & pharmaceuticals items,Ministry of Person
800,Cleaning & Sanitary Services,3981143,2023-04-17,Supply and delivery of cleaning & sanitary services items,Ministry of Stuff
801,Cleaning & Sanitary Services,2045537,2025-08-03,Supply and delivery of cleaning & sanitary services items,Ministry of Eat
802,Cleaning & Sanitary Services,8041238,2023-01-16,Supply and delivery of cleaning & sanitary services items,Ministry of Last
803,Consultancy Services,8872978,2024-05-07,Supply and delivery of consultancy services items,Ministry of Foreign
804,Medical Supplies & Pharmaceuticals,3474659,2020-12-25,Supply and delivery of medical supplies & pharmaceuticals items,Ministry of Decade
805,Cleaning & Sanitary Services,619385,2021-06-20,Supply and delivery of cleaning & sanitary services items,Ministry of Control
806,Construction & Civil Works,140789866,2023-08-20,Supply and delivery of construction & civil works items,Ministry of Floor
807,Medical Supplies & Pharmaceuticals,5280703,2021-09-17,Supply and delivery of medical supplies & pharmaceuticals items,Ministry of List
808,Construction & Civil Works,353949608,2025-10-21,Supply and delivery of construction & civil works items,Ministry of Defense
809,Medical Supplies & Pharmaceuticals,6953878,2021-08-18,Supply and delivery of medical supplies & pharmaceuticals items,Ministry of Station
810,Medical Supplies & Pharmaceuticals,7949453,2022-11-20,Supply and delivery of medical supplies & pharmaceuticals items,Ministry of Here
811,Office Stationery & Supplies,3473307,2022-05-22,Supply and delivery of office stationery & supplies items,Ministry of Computer
812,Office Stationery & Supplies,7101837,2022-10-28,Supply and delivery of office stationery & supplies items,Ministry of Knowledge
813,Office Stationery & Supplies,8165819,2023-01-12,Supply and delivery of office stationery & supplies items,Ministry of Simple
814,Construction & Civil Works,387207913,2022-08-07,Supply and delivery of construction & civil works items,Ministry of Clearly
815,ICT Equipment & Software,31943759,2024-11-30,Supply and delivery of ict equipment & software items,Ministry of Student
816,Construction & Civil Works,264779006,2022-11-22,Supply and delivery of construction & civil works items,Ministry of Sound
817,Medical Supplies & Pharmaceuticals,9288295,2022-04-15,Supply and delivery of medical supplies & pharmaceuticals items,Ministry of Too
818,ICT Equipment & Software,29514915,2020-07-01,Supply and delivery of ict equipment & software items,Ministry of What
819,Cleaning & Sanitary Services,3631674,2025-07-12,Supply and delivery of cleaning & sanitary services items,Ministry of Physical
820,Construction & Civil Works,498875566,2023-03-23,Supply and delivery of construction & civil works items,Ministry of On
821,Medical Supplies & Pharmaceuticals,8839287,2024-05-11,Supply and delivery of medical supplies & pharmaceuticals items,Ministry of Even
822,Motor Vehicles & Spare Parts,6121656,2022-04-13,Supply and delivery of motor vehicles & spare parts items,Ministry of Follow
823,Motor Vehicles & Spare Parts,6619585,2022-09-20,Supply and delivery of motor vehicles & spare parts items,Ministry of How
824,Office Stationery & Supplies,2526105,2023-05-16,Supply and delivery of office stationery & supplies items,Ministry of Medical
825,Cleaning & Sanitary Services,6553877,2020-06-06,Supply and delivery of cleaning & sanitary services items,Ministry of Century
826,ICT Equipment & Software,5555769,2024-04-15,Supply and delivery of ict equipment & software items,Ministry of Deal
827,Medical Supplies & Pharmaceuticals,6161266,2020-12-05,Supply and delivery of medical supplies & pharmaceuticals items,Ministry of Customer
828,Office Stationery & Supplies,5674807,2020-01-10,Supply and delivery of office stationery & supplies items,Ministry of Training
829,Consultancy Services,6609762,2023-01-02,Supply and delivery of consultancy services items,Ministry of Share
830,ICT Equipment & Software,17821242,2022-03-30,Supply and delivery of ict equipment & software items,Ministry of Interview
831,Construction & Civil Works,34540622,2025-07-21,Supply and delivery of construction & civil works items,Ministry of Yard
832,Office Stationery & Supplies,6584427,2022-05-14,Supply and delivery of office stationery & supplies items,Ministry of Situation
833,Construction & Civil Works,170457588,2022-03-28,Supply and delivery of construction & civil works items,Ministry of Might
834,Medical Supplies & Pharmaceuticals,4572089,2021-11-05,Supply and delivery of medical supplies & pharmaceuticals items,Ministry of Per
835,Motor Vehicles & Spare Parts,368449,2020-06-05,Supply and delivery of motor vehicles & spare parts items,Ministry of Value
836,Motor Vehicles & Spare Parts,7720958,2020-03-26,Supply and delivery of motor vehicles & spare parts items,Ministry of Will
837,ICT Equipment & Software,21707891,2020-09-29,Supply and delivery of ict equipment & software items,Ministry of Work
838,Medical Supplies & Pharmaceuticals,9134883,2023-05-24,Supply and delivery of medical supplies & pharmaceuticals items,Ministry of Daughter
839,Motor Vehicles & Spare Parts,8613199,2024-07-29,Supply and delivery of motor vehicles & spare parts items,Ministry of Especially
840,Motor Vehicles & Spare Parts,6922255,2024-08-16,Supply and delivery of motor vehicles & spare parts items,Ministry of Society
841,Construction & Civil Works,284422197,2024-05-01,Supply and delivery of construction & civil works items,Ministry of Mr
842,Construction & Civil Works,454734209,2024-04-02,Supply and delivery of construction & civil works items,Ministry of Prove
843,Cleaning & Sanitary Services,9823257,2024-02-17,Supply and delivery of cleaning & sanitary services items,Ministry of Same
844,Consultancy Services,1260152,2020-05-06,Supply and delivery of consultancy services items,Ministry of Image
845,Medical Supplies & Pharmaceuticals,9472275,2025-07-23,Supply and delivery of medical supplies & pharmaceuticals items,Ministry of Simply
846,Cleaning & Sanitary Services,6405236,2021-06-24,Supply and delivery of cleaning & sanitary services items,Ministry of Mean
847,Cleaning & Sanitary Services,6295196,2020-03-16,Supply and delivery of cleaning & sanitary services items,Ministry of Tax
848,Construction & Civil Works,167973989,2022-03-02,Supply and delivery of construction & civil works items,Ministry of Seat
849,Consultancy Services,2814766,2024-01-22,Supply and delivery of consultancy services items,Ministry of Save
850,ICT Equipment & Software,13672985,2023-12-29,Supply and delivery of ict equipment & software items,Ministry of Choose
851,Cleaning & Sanitary Services,1174477,2021-07-26,Supply and delivery of cleaning & sanitary services items,Ministry of Lose
852,Construction & Civil Works,174245460,2025-08-30,Supply and delivery of construction & civil works items,Ministry of Choice
853,Construction & Civil Works,69940921,2021-07-11,Supply and delivery of construction & civil works items,Ministry of Play
854,Consultancy Services,397584,2023-06-21,Supply and delivery of consultancy services items,Ministry of Recognize
855,Office Stationery & Supplies,992015,2025-01-17,Supply and delivery of office stationery & supplies items,Ministry of Actually
856,Medical Supplies & Pharmaceuticals,8120497,2020-09-12,Supply and delivery of medical supplies & pharmaceuticals items,Ministry of Best
857,Consultancy Services,2971259,2023-11-12,Supply and delivery of consultancy services items,Ministry of Whom
858,Office Stationery & Supplies,954741,2022-04-22,Supply and delivery of office stationery & supplies items,Ministry of Seat
859,Motor Vehicles & Spare Parts,2123615,2023-07-08,Supply and delivery of motor vehicles & spare parts items,Ministry of Wear
860,Office Stationery & Supplies,3110087,2020-06-25,Supply and delivery of office stationery & supplies items,Ministry of Where
861,ICT Equipment & Software,22658515,2021-02-17,Supply and delivery of ict equipment & software items,Ministry of Land
862,Construction & Civil Works,360339975,2020-12-29,Supply and delivery of construction & civil works items,Ministry of Late
863,Motor Vehicles & Spare Parts,235370,2021-07-08,Supply and delivery of motor vehicles & spare parts items,Ministry of Five
864,Consultancy Services,4742681,2023-01-01,Supply and delivery of consultancy services items,Ministry of No
865,Consultancy Services,6294868,2023-12-13,Supply and delivery of consultancy services items,Ministry of Idea
866,Motor Vehicles & Spare Parts,9404612,2023-07-08,Supply and delivery of motor vehicles & spare parts items,Ministry of Similar
867,Office Stationery & Supplies,527244,2022-06-20,Supply and delivery of office stationery & supplies items,Ministry of Under
868,Cleaning & Sanitary Services,3655912,2025-07-18,Supply and delivery of cleaning & sanitary services items,Ministry of True
869,Office Stationery & Supplies,4813199,2020-07-13,Supply and delivery of office stationery & supplies items,Ministry of Provide
870,ICT Equipment & Software,19791584,2023-06-08,Supply and delivery of ict equipment & software items,Ministry of Subject
871,Medical Supplies & Pharmaceuticals,892330,2022-01-24,Supply and delivery of medical supplies & pharmaceuticals items,Ministry of Character
872,Medical Supplies & Pharmaceuticals,1842955,2021-08-12,Supply and delivery of medical supplies & pharmaceuticals items,Ministry of Determine
873,Medical Supplies & Pharmaceuticals,8754758,2025-07-30,Supply and delivery of medical supplies & pharmaceuticals items,Ministry of Information
874,ICT Equipment & Software,35900396,2024-03-11,Supply and delivery of ict equipment & software items,Ministry of According
875,Office Stationery & Supplies,8978023,2025-12-02,Supply and delivery of office stationery & supplies items,Ministry of Team
876,Motor Vehicles & Spare Parts,3603548,2022-12-13,Supply and delivery of motor vehicles & spare parts items,Ministry of Bill
877,Consultancy Services,7285115,2020-06-02,Supply and delivery of consultancy services items,Ministry of Same
878,ICT Equipment & Software,42035944,2022-07-04,Supply and delivery of ict equipment & software items,Ministry of Keep
879,Motor Vehicles & Spare Parts,4281726,2023-12-05,Supply and delivery of motor vehicles & spare parts items,Ministry of Significant
880,ICT Equipment & Software,40696052,2022-08-02,Supply and delivery of ict equipment & software items,Ministry of Control
881,Motor Vehicles & Spare Parts,8621267,2022-03-31,Supply and delivery of motor vehicles & spare parts items,Ministry of Score
882,Construction & Civil Works,292811147,2020-10-21,Supply and delivery of construction & civil works items,Ministry of Message
883,Construction & Civil Works,361177334,2021-02-02,Supply and delivery of construction & civil works items,Ministry of Break
884,Cleaning & Sanitary Services,5041412,2022-09-14,Supply and delivery of cleaning & sanitary services items,Ministry of Teach
885,Motor Vehicles & Spare Parts,1036320,2021-04-10,Supply and delivery of motor vehicles & spare parts items,Ministry of Deep
886,Construction & Civil Works,60341816,2020-05-09,Supply and delivery of construction & civil works items,Ministry of Cover
887,Motor Vehicles & Spare Parts,5522569,2024-11-07,Supply and delivery of motor vehicles & spare parts items,Ministry of Dark
888,Cleaning & Sanitary Services,1747824,2021-07-22,Supply and delivery of cleaning & sanitary services items,Ministry of Week
889,Cleaning & Sanitary Services,3483973,2025-03-24,Supply and delivery of cleaning & sanitary services items,Ministry of Let
890,Office Stationery & Supplies,4225903,2023-10-05,Supply and delivery of office stationery & supplies items,Ministry of Probably
891,Cleaning & Sanitary Services,4511054,2020-08-27,Supply and delivery of cleaning & sanitary services items,Ministry of Provide
892,Construction & Civil Works,340778320,2020-12-29,Supply and delivery of construction & civil works items,Ministry of Finally
893,Cleaning & Sanitary Services,8810745,2020-07-06,Supply and delivery of cleaning & sanitary services items,Ministry of Capital
894,Consultancy Services,8042992,2021-08-29,Supply and delivery of consultancy services items,Ministry of Guess
895,Cleaning & Sanitary Services,4673957,2020-03-05,Supply and delivery of cleaning & sanitary services items,Ministry of Easy
896,Office Stationery & Supplies,9055118,2022-11-13,Supply and delivery of office stationery & supplies items,Ministry of Remember
897,Consultancy Services,9779502,2024-07-24,Supply and delivery of consultancy services items,Ministry of Act
898,Cleaning & Sanitary Services,808092,2020-05-13,Supply and delivery of cleaning & sanitary services items,Ministry of Society
899,Office Stationery & Supplies,1197996,2025-09-23,Supply and delivery of office stationery & supplies items,Ministry of Reduce
900,Construction & Civil Works,115627230,2023-06-30,Supply and delivery of construction & civil works items,Ministry of Analysis
901,Consultancy Services,4917911,2020-07-31,Supply and delivery of consultancy services items,Ministry of Nearly
902,Office Stationery & Supplies,4958939,2024-09-30,Supply and delivery of office stationery & supplies items,Ministry of How
903,Cleaning & Sanitary Services,768629,2023-08-14,Supply and delivery of cleaning & sanitary services items,Ministry of Sort
904,ICT Equipment & Software,1883640,2021-08-05,Supply and delivery of ict equipment & software items,Ministry of Mention
905,ICT Equipment & Software,6551865,2022-11-02,Supply and delivery of ict equipment & software items,Ministry of Green
906,Motor Vehicles & Spare Parts,6534323,2023-08-17,Supply and delivery of motor vehicles & spare parts items,Ministry of Great
907,Cleaning & Sanitary Services,4663653,2022-03-23,Supply and delivery of cleaning & sanitary services items,Ministry of Voice
908,Office Stationery & Supplies,785503,2022-01-21,Supply and delivery of office stationery & supplies items,Ministry of Forward
909,ICT Equipment & Software,10811825,2024-11-24,Supply and delivery of ict equipment & software items,Ministry of Yeah
910,Medical Supplies & Pharmaceuticals,4877421,2022-03-02,Supply and delivery of medical supplies & pharmaceuticals items,Ministry of Inside
911,Consultancy Services,5796390,2022-04-09,Supply and delivery of consultancy services items,Ministry of Art
912,Medical Supplies & Pharmaceuticals,2597934,2025-11-06,Supply and delivery of medical supplies & pharmaceuticals items,Ministry of Tv
913,Office Stationery & Supplies,678110,2021-12-24,Supply and delivery of office stationery & supplies items,Ministry of Black
914,Office Stationery & Supplies,4702606,2020-01-07,Supply and delivery of office stationery & supplies items,Ministry of Truth
915,Medical Supplies & Pharmaceuticals,8384578,2024-03-09,Supply and delivery of medical supplies & pharmaceuticals items,Ministry of Share
916,Construction & Civil Works,104797410,2025-01-04,Supply and delivery of construction & civil works items,Ministry of Wish
917,Office Stationery & Supplies,4443699,2020-10-31,Supply and delivery of office stationery & supplies items,Ministry of Play
918,Medical Supplies & Pharmaceuticals,7253314,2020-09-26,Supply and delivery of medical supplies & pharmaceuticals items,Ministry of Nice
919,ICT Equipment & Software,24203983,2021-09-04,Supply and delivery of ict equipment & software items,Ministry of Scene
920,Medical Supplies & Pharmaceuticals,9424391,2024-07-04,Supply and delivery of medical supplies & pharmaceuticals items,Ministry of Energy
921,Consultancy Services,3006492,2022-03-18,Supply and delivery of consultancy services items,Ministry of Present
922,Construction & Civil Works,109197446,2024-02-12,Supply and delivery of construction & civil works items,Ministry of True
923,Office Stationery & Supplies,5786321,2022-11-07,Supply and delivery of office stationery & supplies items,Ministry of Job
924,Construction & Civil Works,301847714,2023-12-17,Supply and delivery of construction & civil works items,Ministry of About
925,Medical Supplies & Pharmaceuticals,1865317,2025-11-30,Supply and delivery of medical supplies & pharmaceuticals items,Ministry of Year
926,ICT Equipment & Software,28558751,2024-11-15,Supply and delivery of ict equipment & software items,Ministry of Adult
927,Cleaning & Sanitary Services,3345988,2023-10-20,Supply and delivery of cleaning & sanitary services items,Ministry of Tv
928,Motor Vehicles & Spare Parts,3227022,2020-04-10,Supply and delivery of motor vehicles & spare parts items,Ministry of Surface
929,Cleaning & Sanitary Services,9082339,2024-05-31,Supply and delivery of cleaning & sanitary services items,Ministry of Resource
930,Office Stationery & Supplies,7880047,2022-08-31,Supply and delivery of office stationery & supplies items,Ministry of Policy
931,Medical Supplies & Pharmaceuticals,4390447,2022-11-27,Supply and delivery of medical supplies & pharmaceuticals items,Ministry of Single
932,Cleaning & Sanitary Services,244771,2023-09-04,Supply and delivery of cleaning & sanitary services items,Ministry of Beat
933,Consultancy Services,5849593,2022-02-02,Supply and delivery of consultancy services items,Ministry of Wrong
934,Medical Supplies & Pharmaceuticals,1920908,2025-08-02,Supply and delivery of medical supplies & pharmaceuticals items,Ministry of Word
935,ICT Equipment & Software,44160574,2022-11-09,Supply and delivery of ict equipment & software items,Ministry of Reason
936,Office Stationery & Supplies,4016533,2025-02-20,Supply and delivery of office stationery & supplies items,Ministry of West
937,Motor Vehicles & Spare Parts,4470602,2020-08-08,Supply and delivery of motor vehicles & spare parts items,Ministry of Image
938,Motor Vehicles & Spare Parts,4767592,2021-10-05,Supply and delivery of motor vehicles & spare parts items,Ministry of Day
939,Motor Vehicles & Spare Parts,7384268,2024-04-08,Supply and delivery of motor vehicles & spare parts items,Ministry of True
940,ICT Equipment & Software,48525351,2023-02-13,Supply and delivery of ict equipment & software items,Ministry of Owner
941,Motor Vehicles & Spare Parts,3150999,2024-09-15,Supply and delivery of motor vehicles & spare parts items,Ministry of Sense
942,Medical Supplies & Pharmaceuticals,3151622,2023-01-10,Supply and delivery of medical supplies & pharmaceuticals items,Ministry of Care
943,ICT Equipment & Software,18052508,2022-12-26,Supply and delivery of ict equipment & software items,Ministry of Begin
944,Construction & Civil Works,158328591,2021-10-22,Supply and delivery of construction & civil works items,Ministry of Report
945,Office Stationery & Supplies,6672829,2025-12-22,Supply and delivery of office stationery & supplies items,Ministry of Two
946,ICT Equipment & Software,10489349,2022-10-19,Supply and delivery of ict equipment & software items,Ministry of War
947,ICT Equipment & Software,24393188,2022-09-04,Supply and delivery of ict equipment & software items,Ministry of Business
948,Consultancy Services,4514011,2022-11-22,Supply and delivery of consultancy services items,Ministry of Now
949,ICT Equipment & Software,13254301,2021-06-11,Supply and delivery of ict equipment & software items,Ministry of Development
950,Consultancy Services,7852342,2021-01-08,Supply and delivery of consultancy services items,Ministry of Yet
951,Consultancy Services,1159165,2023-12-16,Supply and delivery of consultancy services items,Ministry of Behind
952,Cleaning & Sanitary Services,7695959,2020-08-19,Supply and delivery of cleaning & sanitary services items,Ministry of Senior
953,ICT Equipment & Software,12394780,2020-03-05,Supply and delivery of ict equipment & software items,Ministry of Woman
954,Cleaning & Sanitary Services,9314571,2025-07-28,Supply and delivery of cleaning & sanitary services items,Ministry of Weight
955,Medical Supplies & Pharmaceuticals,4387382,2022-04-20,Supply and delivery of medical supplies & pharmaceuticals items,Ministry of Fast
956,Cleaning & Sanitary Services,5121983,2021-04-27,Supply and delivery of cleaning & sanitary services items,Ministry of Even
957,ICT Equipment & Software,2485681,2023-12-30,Supply and delivery of ict equipment & software items,Ministry of Water
958,Motor Vehicles & Spare Parts,2661913,2024-01-09,Supply and delivery of motor vehicles & spare parts items,Ministry of Reduce
959,Construction & Civil Works,256119332,2020-10-24,Supply and delivery of construction & civil works items,Ministry of Nor
960,ICT Equipment & Software,45778419,2023-10-20,Supply and delivery of ict equipment & software items,Ministry of Million
961,Cleaning & Sanitary Services,4362511,2020-07-17,Supply and delivery of cleaning & sanitary services items,Ministry of Role
962,Office Stationery & Supplies,3586142,2021-12-30,Supply and delivery of office stationery & supplies items,Ministry of Door
963,Office Stationery & Supplies,1659657,2025-08-03,Supply and delivery of office stationery & supplies items,Ministry of Space
964,Office Stationery & Supplies,8296906,2025-07-17,Supply and delivery of office stationery & supplies items,Ministry of Attention
965,Construction & Civil Works,312928159,2023-11-11,Supply and delivery of construction & civil works items,Ministry of Huge
966,Medical Supplies & Pharmaceuticals,645726,2025-06-17,Supply and delivery of medical supplies & pharmaceuticals items,Ministry of Situation
967,Medical Supplies & Pharmaceuticals,7866824,2024-05-31,Supply and delivery of medical supplies & pharmaceuticals items,Ministry of I
968,Office Stationery & Supplies,8930852,2023-12-03,Supply and delivery of office stationery & supplies items,Ministry of Still
969,Cleaning & Sanitary Services,590999,2023-05-16,Supply and delivery of cleaning & sanitary services items,Ministry of Total
970,Cleaning & Sanitary Services,6300853,2022-08-15,Supply and delivery of cleaning & sanitary services items,Ministry of Early
971,Construction & Civil Works,113285907,2021-05-04,Supply and delivery of construction & civil works items,Ministry of Business
972,Cleaning & Sanitary Services,8896015,2021-09-29,Supply and delivery of cleaning & sanitary services items,Ministry of Brother
973,Motor Vehicles & Spare Parts,1403306,2020-07-14,Supply and delivery of motor vehicles & spare parts items,Ministry of Sit
974,Consultancy Services,8909210,2023-07-21,Supply and delivery of consultancy services items,Ministry of Cup
975,ICT Equipment & Software,44070690,2024-06-19,Supply and delivery of ict equipment & software items,Ministry of Business
976,Construction & Civil Works,449652859,2023-06-09,Supply and delivery of construction & civil works items,Ministry of Care
977,Medical Supplies & Pharmaceuticals,2443136,2025-02-12,Supply and delivery of medical supplies & pharmaceuticals items,Ministry of Husband
978,ICT Equipment & Software,47798672,2023-06-18,Supply and delivery of ict equipment & software items,Ministry of Ability
979,Office Stationery & Supplies,4522888,2021-11-11,Supply and delivery of office stationery & supplies items,Ministry of Performance
980,Construction & Civil Works,246305366,2023-03-19,Supply and delivery of construction & civil works items,Ministry of Throw
981,ICT Equipment & Software,17362382,2022-04-30,Supply and delivery of ict equipment & software items,Ministry of Land
982,Consultancy Services,3543571,2021-12-01,Supply and delivery of consultancy services items,Ministry of His
983,Motor Vehicles & Spare Parts,397883,2024-10-13,Supply and delivery of motor vehicles & spare parts items,Ministry of World
984,ICT Equipment & Software,13041175,2024-10-11,Supply and delivery of ict equipment & software items,Ministry of Nature
985,Motor Vehicles & Spare Parts,1543401,2023-12-25,Supply and delivery of motor vehicles & spare parts items,Ministry of Performance
986,Cleaning & Sanitary Services,6870153,2021-05-01,Supply and delivery of cleaning & sanitary services items,Ministry of Indicate
987,Construction & Civil Works,285915437,2020-01-21,Supply and delivery of construction & civil works items,Ministry of Together
988,ICT Equipment & Software,28398230,2022-10-06,Supply and delivery of ict equipment & software items,Ministry of Check
989,Motor Vehicles & Spare Parts,4255304,2024-11-23,Supply and delivery of motor vehicles & spare parts items,Ministry of Fine
990,Construction & Civil Works,162705549,2025-01-08,Supply and delivery of construction & civil works items,Ministry of Money
991,Office Stationery & Supplies,3909395,2024-01-29,Supply and delivery of office stationery & supplies items,Ministry of Choice
992,ICT Equipment & Software,3159786,2023-08-10,Supply and delivery of ict equipment & software items,Ministry of Child
993,Office Stationery & Supplies,8801524,2024-06-24,Supply and delivery of office stationery & supplies items,Ministry of Time
994,Consultancy Services,8837452,2024-10-21,Supply and delivery of consultancy services items,Ministry of Scientist
995,Motor Vehicles & Spare Parts,4422751,2020-03-16,Supply and delivery of motor vehicles & spare parts items,Ministry of Front
996,Cleaning & Sanitary Services,5348575,2021-11-07,Supply and delivery of cleaning & sanitary services items,Ministry of Risk
997,ICT Equipment & Software,20208747,2020-09-27,Supply and delivery of ict equipment & software items,Ministry of Thus
998,Construction & Civil Works,196673129,2024-03-27,Supply and delivery of construction & civil works items,Ministry of Mean
999,ICT Equipment & Software,16595285,2023-10-14,Supply and delivery of ict equipment & software items,Ministry of Dinner
1000,Office Stationery & Supplies,1514474,2022-12-20,Supply and delivery of office stationery & supplies items,Ministry of Sea
1001,Construction & Civil Works,46604850,2025-10-18,Supply and delivery of construction & civil works items,Ministry of Artist
1002,ICT Equipment & Software,22521977,2025-11-19,Supply and delivery of ict equipment & software items,Ministry of Goal
1003,Cleaning & Sanitary Services,1669720,2020-11-30,Supply and delivery of cleaning & sanitary services items,Ministry of Sense
1004,Medical Supplies & Pharmaceuticals,5281930,2021-04-06,Supply and delivery of medical supplies & pharmaceuticals items,Ministry of Significant
1005,Motor Vehicles & Spare Parts,7743374,2025-08-09,Supply and delivery of motor vehicles & spare parts items,Ministry of Down
1006,ICT Equipment & Software,44425579,2024-03-14,Supply and delivery of ict equipment & software items,Ministry of Area
1007,Medical Supplies & Pharmaceuticals,5014150,2025-07-15,Supply and delivery of medical supplies & pharmaceuticals items,Ministry of Stand
1008,Cleaning & Sanitary Services,5382433,2021-01-27,Supply and delivery of cleaning & sanitary services items,Ministry of Method
1009,ICT Equipment & Software,41792602,2024-05-12,Supply and delivery of ict equipment & software items,Ministry of Firm
1010,Office Stationery & Supplies,8521374,2025-11-26,Supply and delivery of office stationery & supplies items,Ministry of Receive
1011,Motor Vehicles & Spare Parts,6389270,2025-06-22,Supply and delivery of motor vehicles & spare parts items,Ministry of Collection
1012,Cleaning & Sanitary Services,1560235,2025-12-11,Supply and delivery of cleaning & sanitary services items,Ministry of Official
1013,Consultancy Services,1527197,2022-05-09,Supply and delivery of consultancy services items,Ministry of Knowledge
1014,Office Stationery & Supplies,4228784,2024-01-25,Supply and delivery of office stationery & supplies items,Ministry of Happen
1015,Motor Vehicles & Spare Parts,7239580,2024-07-18,Supply and delivery of motor vehicles & spare parts items,Ministry of Include
1016,Construction & Civil Works,439131319,2020-06-06,Supply and delivery of construction & civil works items,Ministry of Short
1017,Medical Supplies & Pharmaceuticals,3961460,2021-09-12,Supply and delivery of medical supplies & pharmaceuticals items,Ministry of Same
1018,Consultancy Services,411385,2025-07-15,Supply and delivery of consultancy services items,Ministry of School
1019,Medical Supplies & Pharmaceuticals,3707323,2025-02-19,Supply and delivery of medical supplies & pharmaceuticals items,Ministry of Indeed
1020,Cleaning & Sanitary Services,6614524,2020-08-01,Supply and delivery of cleaning & sanitary services items,Ministry of Game
1021,Motor Vehicles & Spare Parts,9422084,2024-07-06,Supply and delivery of motor vehicles & spare parts items,Ministry of Partner
1022,Cleaning & Sanitary Services,909359,2025-03-12,Supply and delivery of cleaning & sanitary services items,Ministry of Arm
1023,Cleaning & Sanitary Services,2301580,2025-02-04,Supply and delivery of cleaning & sanitary services items,Ministry of Security
1024,Medical Supplies & Pharmaceuticals,1594139,2021-10-28,Supply and delivery of medical supplies & pharmaceuticals items,Ministry of Real
1025,Consultancy Services,3109828,2020-12-24,Supply and delivery of consultancy services items,Ministry of Certain
1026,Consultancy Services,169518,2022-08-26,Supply and delivery of consultancy services items,Ministry of Meeting
1027,Medical Supplies & Pharmaceuticals,8608851,2021-09-29,Supply and delivery of medical supplies & pharmaceuticals items,Ministry of Check
1028,Office Stationery & Supplies,6142060,2021-04-04,Supply and delivery of office stationery & supplies items,Ministry of Summer
1029,ICT Equipment & Software,23964980,2024-06-27,Supply and delivery of ict equipment & software items,Ministry of Simple
1030,Consultancy Services,2876374,2023-11-27,Supply and delivery of consultancy services items,Ministry of High
1031,Medical Supplies & Pharmaceuticals,2418620,2024-05-09,Supply and delivery of medical supplies & pharmaceuticals items,Ministry of Parent
1032,Medical Supplies & Pharmaceuticals,7400259,2020-08-11,Supply and delivery of medical supplies & pharmaceuticals items,Ministry of Stock
1033,ICT Equipment & Software,9972917,2025-12-05,Supply and delivery of ict equipment & software items,Ministry of Choose
1034,ICT Equipment & Software,42613988,2022-04-05,Supply and delivery of ict equipment & software items,Ministry of Late
1035,Cleaning & Sanitary Services,5621452,2024-01-28,Supply and delivery of cleaning & sanitary services items,Ministry of Concern
1036,Office Stationery & Supplies,8050806,2025-07-21,Supply and delivery of office stationery & supplies items,Ministry of Big
1037,ICT Equipment & Software,25992108,2022-02-18,Supply and delivery of ict equipment & software items,Ministry of Matter
1038,Office Stationery & Supplies,3877341,2021-01-28,Supply and delivery of office stationery & supplies items,Ministry of Area
1039,Cleaning & Sanitary Services,8757116,2020-09-14,Supply and delivery of cleaning & sanitary services items,Ministry of Myself
1040,Medical Supplies & Pharmaceuticals,5998931,2023-11-25,Supply and delivery of medical supplies & pharmaceuticals items,Ministry of Personal
1041,Medical Supplies & Pharmaceuticals,1870403,2022-08-08,Supply and delivery of medical supplies & pharmaceuticals items,Ministry of Church
1042,Construction & Civil Works,455944742,2023-10-05,Supply and delivery of construction & civil works items,Ministry of International
1043,Office Stationery & Supplies,5029426,2021-06-20,Supply and delivery of office stationery & supplies items,Ministry of By
1044,Cleaning & Sanitary Services,9765093,2021-06-11,Supply and delivery of cleaning & sanitary services items,Ministry of Middle
1045,Medical Supplies & Pharmaceuticals,2285454,2021-10-25,Supply and delivery of medical supplies & pharmaceuticals items,Ministry of Pick
1046,Motor Vehicles & Spare Parts,8028248,2025-09-22,Supply and delivery of motor vehicles & spare parts items,Ministry of Read
1047,Medical Supplies & Pharmaceuticals,5327528,2024-06-20,Supply and delivery of medical supplies & pharmaceuticals items,Ministry of Stand
1048,Medical Supplies & Pharmaceuticals,627409,2024-02-24,Supply and delivery of medical supplies & pharmaceuticals items,Ministry of Stuff
1049,ICT Equipment & Software,787635,2024-01-09,Supply and delivery of ict equipment & software items,Ministry of Behind
1050,Motor Vehicles & Spare Parts,4822340,2024-08-31,Supply and delivery of motor vehicles & spare parts items,Ministry of Treatment
1051,Cleaning & Sanitary Services,4878972,2024-11-27,Supply and delivery of cleaning & sanitary services items,Ministry of Idea
1052,Medical Supplies & Pharmaceuticals,1793481,2021-08-25,Supply and delivery of medical supplies & pharmaceuticals items,Ministry of Read
1053,Construction & Civil Works,139009449,2022-09-02,Supply and delivery of construction & civil works items,Ministry of Activity
1054,Motor Vehicles & Spare Parts,700198,2020-09-19,Supply and delivery of motor vehicles & spare parts items,Ministry of Beautiful
1055,Medical Supplies & Pharmaceuticals,3181362,2020-09-24,Supply and delivery of medical supplies & pharmaceuticals items,Ministry of Put
1056,ICT Equipment & Software,35095998,2024-01-05,Supply and delivery of ict equipment & software items,Ministry of Mr
1057,Office Stationery & Supplies,5181502,2021-05-07,Supply and delivery of office stationery & supplies items,Ministry of Peace
1058,Office Stationery & Supplies,3534078,2023-06-09,Supply and delivery of office stationery & supplies items,Ministry of Page
1059,Consultancy Services,9559521,2022-11-16,Supply and delivery of consultancy services items,Ministry of Rule
1060,Office Stationery & Supplies,4541971,2024-06-21,Supply and delivery of office stationery & supplies items,Ministry of Study
1061,ICT Equipment & Software,24600993,2023-07-22,Supply and delivery of ict equipment & software items,Ministry of If
1062,ICT Equipment & Software,9775707,2022-11-26,Supply and delivery of ict equipment & software items,Ministry of Quite
1063,Construction & Civil Works,8053407,2024-03-19,Supply and delivery of construction & civil works items,Ministry of Fire
1064,Cleaning & Sanitary Services,507974,2023-06-05,Supply and delivery of cleaning & sanitary services items,Ministry of Bit
1065,Consultancy Services,6918922,2021-12-13,Supply and delivery of consultancy services items,Ministry of Sell
1066,Construction & Civil Works,22929098,2025-06-14,Supply and delivery of construction & civil works items,Ministry of Stuff
1067,Motor Vehicles & Spare Parts,8218612,2023-03-23,Supply and delivery of motor vehicles & spare parts items,Ministry of Into
1068,Medical Supplies & Pharmaceuticals,7099366,2024-11-15,Supply and delivery of medical supplies & pharmaceuticals items,Ministry of Again
1069,ICT Equipment & Software,34754702,2022-05-12,Supply and delivery of ict equipment & software items,Ministry of Television
1070,ICT Equipment & Software,15893675,2023-03-21,Supply and delivery of ict equipment & software items,Ministry of Task
1071,Motor Vehicles & Spare Parts,9549168,2023-03-07,Supply and delivery of motor vehicles & spare parts items,Ministry of Attack
1072,Construction & Civil Works,305686303,2023-02-10,Supply and delivery of construction & civil works items,Ministry of Pattern
1073,Construction & Civil Works,121363822,2023-03-26,Supply and delivery of construction & civil works items,Ministry of Tell
1074,Medical Supplies & Pharmaceuticals,3996937,2024-09-27,Supply and delivery of medical supplies & pharmaceuticals items,Ministry of Capital
1075,Medical Supplies & Pharmaceuticals,5597963,2024-07-08,Supply and delivery of medical supplies & pharmaceuticals items,Ministry of Despite
1076,Office Stationery & Supplies,4202553,2025-10-16,Supply and delivery of office stationery & supplies items,Ministry of Water
1077,Office Stationery & Supplies,8534858,2020-09-14,Supply and delivery of office stationery & supplies items,Ministry of Training
1078,Office Stationery & Supplies,9839458,2023-08-05,Supply and delivery of office stationery & supplies items,Ministry of Couple
1079,Medical Supplies & Pharmaceuticals,3117193,2020-01-12,Supply and delivery of medical supplies & pharmaceuticals items,Ministry of Likely
1080,Office Stationery & Supplies,2212368,2024-10-19,Supply and delivery of office stationery & supplies items,Ministry of Can
1081,Cleaning & Sanitary Services,6918753,2020-03-26,Supply and delivery of cleaning & sanitary services items,Ministry of Paper
1082,Construction & Civil Works,252100047,2021-03-27,Supply and delivery of construction & civil works items,Ministry of Color
1083,ICT Equipment & Software,6282197,2020-07-11,Supply and delivery of ict equipment & software items,Ministry of Establish
1084,Cleaning & Sanitary Services,4171867,2025-02-08,Supply and delivery of cleaning & sanitary services items,Ministry of Already
1085,ICT Equipment & Software,49117184,2020-07-04,Supply and delivery of ict equipment & software items,Ministry of Capital
1086,Consultancy Services,4328087,2023-01-13,Supply and delivery of consultancy services items,Ministry of Himself
1087,Construction & Civil Works,121974965,2025-10-18,Supply and delivery of construction & civil works items,Ministry of Congress
1088,ICT Equipment & Software,5139022,2022-07-15,Supply and delivery of ict equipment & software items,Ministry of You
1089,Consultancy Services,8637333,2023-12-13,Supply and delivery of consultancy services items,Ministry of Energy
1090,Consultancy Services,2368693,2021-10-20,Supply and delivery of consultancy services items,Ministry of Young
1091,Construction & Civil Works,432119059,2025-09-03,Supply and delivery of construction & civil works items,Ministry of West
1092,ICT Equipment & Software,17962554,2024-09-11,Supply and delivery of ict equipment & software items,Ministry of Reason
1093,Construction & Civil Works,397210593,2023-03-16,Supply and delivery of construction & civil works items,Ministry of Challenge
1094,ICT Equipment & Software,2183032,2023-06-18,Supply and delivery of ict equipment & software items,Ministry of Run
1095,ICT Equipment & Software,22509867,2021-11-16,Supply and delivery of ict equipment & software items,Ministry of Whether
1096,Construction & Civil Works,392994187,2025-11-30,Supply and delivery of construction & civil works items,Ministry of He
1097,ICT Equipment & Software,15419519,2023-08-21,Supply and delivery of ict equipment & software items,Ministry of Mrs
1098,Construction & Civil Works,41900577,2021-04-04,Supply and delivery of construction & civil works items,Ministry of Bit
1099,Medical Supplies & Pharmaceuticals,9740998,2023-12-22,Supply and delivery of medical supplies & pharmaceuticals items,Ministry of Another
1100,Medical Supplies & Pharmaceuticals,579809,2021-06-03,Supply and delivery of medical supplies & pharmaceuticals items,Ministry of Cup
1101,Construction & Civil Works,210501874,2020-11-06,Supply and delivery of construction & civil works items,Ministry of Total
1102,Medical Supplies & Pharmaceuticals,6964547,2024-12-29,Supply and delivery of medical supplies & pharmaceuticals items,Ministry of Center
1103,Cleaning & Sanitary Services,2673697,2023-08-12,Supply and delivery of cleaning & sanitary services items,Ministry of Direction
1104,Motor Vehicles & Spare Parts,3700952,2023-07-20,Supply and delivery of motor vehicles & spare parts items,Ministry of Fall
1105,Cleaning & Sanitary Services,5646510,2020-10-08,Supply and delivery of cleaning & sanitary services items,Ministry of Prevent
1106,Medical Supplies & Pharmaceuticals,9433348,2022-07-13,Supply and delivery of medical supplies & pharmaceuticals items,Ministry of Oil
1107,Medical Supplies & Pharmaceuticals,7996403,2021-07-12,Supply and delivery of medical supplies & pharmaceuticals items,Ministry of I
1108,Consultancy Services,5454342,2023-11-24,Supply and delivery of consultancy services items,Ministry of Common
1109,Consultancy Services,242157,2022-05-26,Supply and delivery of consultancy services items,Ministry of Because
1110,Consultancy Services,4888109,2025-08-31,Supply and delivery of consultancy services items,Ministry of Require
1111,ICT Equipment & Software,47822239,2022-07-20,Supply and delivery of ict equipment & software items,Ministry of Run
1112,ICT Equipment & Software,1962603,2020-11-09,Supply and delivery of ict equipment & software items,Ministry of Democrat
1113,Cleaning & Sanitary Services,236645,2020-06-03,Supply and delivery of cleaning & sanitary services items,Ministry of Significant
1114,Medical Supplies & Pharmaceuticals,1752131,2021-08-13,Supply and delivery of medical supplies & pharmaceuticals items,Ministry of Property
1115,Cleaning & Sanitary Services,8830829,2024-03-06,Supply and delivery of cleaning & sanitary services items,Ministry of Data
1116,Motor Vehicles & Spare Parts,9668188,2024-04-14,Supply and delivery of motor vehicles & spare parts items,Ministry of Organization
1117,Medical Supplies & Pharmaceuticals,153687,2023-12-11,Supply and delivery of medical supplies & pharmaceuticals items,Ministry of Tend
1118,Construction & Civil Works,253620127,2023-01-25,Supply and delivery of construction & civil works items,Ministry of Common
1119,Construction & Civil Works,380942060,2022-07-08,Supply and delivery of construction & civil works items,Ministry of Class
1120,Medical Supplies & Pharmaceuticals,5273395,2021-11-24,Supply and delivery of medical supplies & pharmaceuticals items,Ministry of Store
1121,ICT Equipment & Software,13687365,2022-08-08,Supply and delivery of ict equipment & software items,Ministry of Agree
1122,Office Stationery & Supplies,4876415,2025-10-13,Supply and delivery of office stationery & supplies items,Ministry of End
1123,Consultancy Services,7308387,2020-06-18,Supply and delivery of consultancy services items,Ministry of Capital
1124,Consultancy Services,3961607,2023-03-10,Supply and delivery of consultancy services items,Ministry of Return
1125,Office Stationery & Supplies,4224390,2023-04-16,Supply and delivery of office stationery & supplies items,Ministry of Attorney
1126,Motor Vehicles & Spare Parts,9615717,2021-12-22,Supply and delivery of motor vehicles & spare parts items,Ministry of Behind
1127,Medical Supplies & Pharmaceuticals,1653744,2022-03-05,Supply and delivery of medical supplies & pharmaceuticals items,Ministry of Goal
1128,Consultancy Services,5793014,2024-08-31,Supply and delivery of consultancy services items,Ministry of Child
1129,Cleaning & Sanitary Services,5559501,2025-03-18,Supply and delivery of cleaning & sanitary services items,Ministry of Draw
1130,Motor Vehicles & Spare Parts,2972875,2021-08-22,Supply and delivery of motor vehicles & spare parts items,Ministry of Billion
1131,Construction & Civil Works,355118568,2022-04-06,Supply and delivery of construction & civil works items,Ministry of Doctor
1132,Cleaning & Sanitary Services,1941646,2022-04-09,Supply and delivery of cleaning & sanitary services items,Ministry of Book
1133,Medical Supplies & Pharmaceuticals,5900545,2024-09-10,Supply and delivery of medical supplies & pharmaceuticals items,Ministry of Candidate
1134,Consultancy Services,8138508,2021-01-20,Supply and delivery of consultancy services items,Ministry of Should
1135,Office Stationery & Supplies,1696246,2025-04-02,Supply and delivery of office stationery & supplies items,Ministry of Per
1136,Office Stationery & Supplies,8294253,2024-12-04,Supply and delivery of office stationery & supplies items,Ministry of Might
1137,Motor Vehicles & Spare Parts,2569930,2020-07-28,Supply and delivery of motor vehicles & spare parts items,Ministry of Happy
1138,Construction & Civil Works,63557684,2024-03-14,Supply and delivery of construction & civil works items,Ministry of Tree
1139,Motor Vehicles & Spare Parts,4942256,2021-09-09,Supply and delivery of motor vehicles & spare parts items,Ministry of Experience
1140,Medical Supplies & Pharmaceuticals,2569970,2023-08-23,Supply and delivery of medical supplies & pharmaceuticals items,Ministry of Watch
1141,Cleaning & Sanitary Services,5162581,2020-04-15,Supply and delivery of cleaning & sanitary services items,Ministry of Friend
1142,Cleaning & Sanitary Services,5412470,2025-09-04,Supply and delivery of cleaning & sanitary services items,Ministry of Improve
1143,Consultancy Services,2678682,2021-01-30,Supply and delivery of consultancy services items,Ministry of Sure
1144,Medical Supplies & Pharmaceuticals,1604900,2024-06-12,Supply and delivery of medical supplies & pharmaceuticals items,Ministry of Story
1145,Construction & Civil Works,233114204,2023-03-10,Supply and delivery of construction & civil works items,Ministry of Phone
1146,Cleaning & Sanitary Services,8680504,2025-04-16,Supply and delivery of cleaning & sanitary services items,Ministry of Interesting
1147,Motor Vehicles & Spare Parts,4707765,2022-11-10,Supply and delivery of motor vehicles & spare parts items,Ministry of Care
1148,ICT Equipment & Software,19657828,2021-07-21,Supply and delivery of ict equipment & software items,Ministry of Right
1149,Medical Supplies & Pharmaceuticals,8766712,2023-01-30,Supply and delivery of medical supplies & pharmaceuticals items,Ministry of Clearly
1150,Motor Vehicles & Spare Parts,5669451,2023-12-11,Supply and delivery of motor vehicles & spare parts items,Ministry of Character
1151,Motor Vehicles & Spare Parts,4891882,2022-04-09,Supply and delivery of motor vehicles & spare parts items,Ministry of Simply
1152,Motor Vehicles & Spare Parts,1095893,2021-08-08,Supply and delivery of motor vehicles & spare parts items,Ministry of Why
1153,Office Stationery & Supplies,2770492,2024-05-08,Supply and delivery of office stationery & supplies items,Ministry of Hospital
1154,Cleaning & Sanitary Services,3077299,2024-03-30,Supply and delivery of cleaning & sanitary services items,Ministry of Enjoy
1155,Cleaning & Sanitary Services,4637454,2024-01-25,Supply and delivery of cleaning & sanitary services items,Ministry of Kid
1156,Construction & Civil Works,123986576,2024-03-28,Supply and delivery of construction & civil works items,Ministry of Cover
1157,ICT Equipment & Software,3215548,2022-08-19,Supply and delivery of ict equipment & software items,Ministry of Health
1158,Medical Supplies & Pharmaceuticals,1806930,2024-10-15,Supply and delivery of medical supplies & pharmaceuticals items,Ministry of Morning
1159,Construction & Civil Works,36766658,2021-09-20,Supply and delivery of construction & civil works items,Ministry of Later
1160,Medical Supplies & Pharmaceuticals,1678458,2023-02-14,Supply and delivery of medical supplies & pharmaceuticals items,Ministry of Serious
1161,Medical Supplies & Pharmaceuticals,8758123,2025-04-15,Supply and delivery of medical supplies & pharmaceuticals items,Ministry of Teach
1162,Medical Supplies & Pharmaceuticals,6081804,2021-05-16,Supply and delivery of medical supplies & pharmaceuticals items,Ministry of Prove
1163,Medical Supplies & Pharmaceuticals,7683491,2025-02-22,Supply and delivery of medical supplies & pharmaceuticals items,Ministry of Yourself
1164,Office Stationery & Supplies,8626508,2021-10-31,Supply and delivery of office stationery & supplies items,Ministry of Spend
1165,Office Stationery & Supplies,7945772,2021-11-16,Supply and delivery of office stationery & supplies items,Ministry of Believe
1166,Medical Supplies & Pharmaceuticals,8148056,2023-10-22,Supply and delivery of medical supplies & pharmaceuticals items,Ministry of Ball
1167,Cleaning & Sanitary Services,7089875,2024-05-18,Supply and delivery of cleaning & sanitary services items,Ministry of You
1168,Motor Vehicles & Spare Parts,9991669,2020-07-24,Supply and delivery of motor vehicles & spare parts items,Ministry of Parent
1169,Office Stationery & Supplies,4108146,2020-05-05,Supply and delivery of office stationery & supplies items,Ministry of Six
1170,Medical Supplies & Pharmaceuticals,1258343,2021-09-18,Supply and delivery of medical supplies & pharmaceuticals items,Ministry of Woman
1171,ICT Equipment & Software,34595961,2022-12-15,Supply and delivery of ict equipment & software items,Ministry of Two
1172,Office Stationery & Supplies,8383161,2020-01-24,Supply and delivery of office stationery & supplies items,Ministry of Language
1173,Motor Vehicles & Spare Parts,2253548,2024-01-23,Supply and delivery of motor vehicles & spare parts items,Ministry of Work
1174,Medical Supplies & Pharmaceuticals,8607528,2024-05-20,Supply and delivery of medical supplies & pharmaceuticals items,Ministry of Media
1175,Medical Supplies & Pharmaceuticals,1757583,2022-12-26,Supply and delivery of medical supplies & pharmaceuticals items,Ministry of Reveal
1176,Motor Vehicles & Spare Parts,6577006,2025-12-26,Supply and delivery of motor vehicles & spare parts items,Ministry of View
1177,Motor Vehicles & Spare Parts,1335382,2023-03-12,Supply and delivery of motor vehicles & spare parts items,Ministry of Capital
1178,Cleaning & Sanitary Services,5328298,2022-06-07,Supply and delivery of cleaning & sanitary services items,Ministry of Practice
1179,ICT Equipment & Software,33002170,2021-02-20,Supply and delivery of ict equipment & software items,Ministry of Theory
1180,Office Stationery & Supplies,8845386,2024-06-22,Supply and delivery of office stationery & supplies items,Ministry of Send
1181,Office Stationery & Supplies,7875679,2022-07-20,Supply and delivery of office stationery & supplies items,Ministry of Nor
1182,Cleaning & Sanitary Services,4132371,2024-06-30,Supply and delivery of cleaning & sanitary services items,Ministry of Election
1183,Cleaning & Sanitary Services,2702352,2025-12-18,Supply and delivery of cleaning & sanitary services items,Ministry of Recently
1184,ICT Equipment & Software,31897440,2025-09-14,Supply and delivery of ict equipment & software items,Ministry of Than
1185,Office Stationery & Supplies,5815175,2025-12-29,Supply and delivery of office stationery & supplies items,Ministry of You
1186,Office Stationery & Supplies,6719511,2023-03-03,Supply and delivery of office stationery & supplies items,Ministry of Politics
1187,Motor Vehicles & Spare Parts,1562538,2020-04-02,Supply and delivery of motor vehicles & spare parts items,Ministry of List
1188,Motor Vehicles & Spare Parts,5845980,2025-10-14,Supply and delivery of motor vehicles & spare parts items,Ministry of Represent
1189,Medical Supplies & Pharmaceuticals,5309995,2025-07-31,Supply and delivery of medical supplies & pharmaceuticals items,Ministry of South
1190,ICT Equipment & Software,21211269,2023-02-21,Supply and delivery of ict equipment & software items,Ministry of Down
1191,Cleaning & Sanitary Services,5964075,2021-01-18,Supply and delivery of cleaning & sanitary services items,Ministry of Hit
1192,Office Stationery & Supplies,832722,2025-01-13,Supply and delivery of office stationery & supplies items,Ministry of My
1193,Consultancy Services,6125261,2022-02-13,Supply and delivery of consultancy services items,Ministry of Approach
1194,Consultancy Services,9689455,2022-07-15,Supply and delivery of consultancy services items,Ministry of Hundred
1195,Construction & Civil Works,435269708,2021-01-08,Supply and delivery of construction & civil works items,Ministry of Budget
1196,Construction & Civil Works,362359996,2022-01-10,Supply and delivery of construction & civil works items,Ministry of Respond
1197,Cleaning & Sanitary Services,9704661,2021-07-01,Supply and delivery of cleaning & sanitary services items,Ministry of Notice
1198,Construction & Civil Works,398193587,2025-02-07,Supply and delivery of construction & civil works items,Ministry of Toward
1199,Cleaning & Sanitary Services,6138602,2020-09-15,Supply and delivery of cleaning & sanitary services items,Ministry of Firm
1200,Construction & Civil Works,224494406,2022-11-24,Supply and delivery of construction & civil works items,Ministry of Evidence
1201,Cleaning & Sanitary Services,9220266,2021-04-11,Supply and delivery of cleaning & sanitary services items,Ministry of Sing
1202,Medical Supplies & Pharmaceuticals,4979797,2023-10-14,Supply and delivery of medical supplies & pharmaceuticals items,Ministry of Indeed
1203,Construction & Civil Works,8775702,2021-04-21,Supply and delivery of construction & civil works items,Ministry of Focus
1204,Consultancy Services,6870161,2025-07-28,Supply and delivery of consultancy services items,Ministry of Question
1205,Medical Supplies & Pharmaceuticals,6998410,2023-02-03,Supply and delivery of medical supplies & pharmaceuticals items,Ministry of Walk
1206,Motor Vehicles & Spare Parts,8153048,2020-03-18,Supply and delivery of motor vehicles & spare parts items,Ministry of Major
1207,ICT Equipment & Software,14542008,2025-05-09,Supply and delivery of ict equipment & software items,Ministry of Thus
1208,Cleaning & Sanitary Services,8193212,2022-12-05,Supply and delivery of cleaning & sanitary services items,Ministry of Heart
1209,Office Stationery & Supplies,8799043,2020-01-13,Supply and delivery of office stationery & supplies items,Ministry of Magazine
1210,Cleaning & Sanitary Services,7688173,2021-12-20,Supply and delivery of cleaning & sanitary services items,Ministry of Health
1211,Office Stationery & Supplies,8055229,2020-08-22,Supply and delivery of office stationery & supplies items,Ministry of Hard
1212,Medical Supplies & Pharmaceuticals,7210928,2025-05-04,Supply and delivery of medical supplies & pharmaceuticals items,Ministry of Cultural
1213,Office Stationery & Supplies,3788173,2022-05-30,Supply and delivery of office stationery & supplies items,Ministry of Act
1214,Cleaning & Sanitary Services,9835260,2020-08-10,Supply and delivery of cleaning & sanitary services items,Ministry of Million
1215,Consultancy Services,8109806,2021-03-08,Supply and delivery of consultancy services items,Ministry of Newspaper
1216,Cleaning & Sanitary Services,2080407,2023-01-31,Supply and delivery of cleaning & sanitary services items,Ministry of Class
1217,Construction & Civil Works,176049906,2022-06-18,Supply and delivery of construction & civil works items,Ministry of White
1218,Cleaning & Sanitary Services,2486537,2022-12-03,Supply and delivery of cleaning & sanitary services items,Ministry of Clearly
1219,Office Stationery & Supplies,2793695,2024-08-12,Supply and delivery of office stationery & supplies items,Ministry of Enough
1220,Cleaning & Sanitary Services,9798623,2021-05-10,Supply and delivery of cleaning & sanitary services items,Ministry of Indicate
1221,Motor Vehicles & Spare Parts,3956600,2022-03-31,Supply and delivery of motor vehicles & spare parts items,Ministry of His
1222,ICT Equipment & Software,35462709,2022-07-27,Supply and delivery of ict equipment & software items,Ministry of Court
1223,Construction & Civil Works,346733073,2023-03-21,Supply and delivery of construction & civil works items,Ministry of Exist
1224,Construction & Civil Works,118525928,2020-08-26,Supply and delivery of construction & civil works items,Ministry of Leg
1225,ICT Equipment & Software,37721001,2023-12-08,Supply and delivery of ict equipment & software items,Ministry of Leg
1226,Construction & Civil Works,442256582,2020-12-20,Supply and delivery of construction & civil works items,Ministry of Health
1227,Consultancy Services,7975889,2024-06-24,Supply and delivery of consultancy services items,Ministry of Accept
1228,Cleaning & Sanitary Services,4316794,2022-02-26,Supply and delivery of cleaning & sanitary services items,Ministry of Truth
1229,Medical Supplies & Pharmaceuticals,2189632,2024-04-02,Supply and delivery of medical supplies & pharmaceuticals items,Ministry of Bring
1230,Construction & Civil Works,166224427,2021-02-19,Supply and delivery of construction & civil works items,Ministry of Amount
1231,Consultancy Services,7829578,2020-10-19,Supply and delivery of consultancy services items,Ministry of Know
1232,Cleaning & Sanitary Services,412579,2024-06-17,Supply and delivery of cleaning & sanitary services items,Ministry of Wear
1233,Construction & Civil Works,185234310,2020-03-10,Supply and delivery of construction & civil works items,Ministry of Reflect
1234,Cleaning & Sanitary Services,1663825,2021-03-11,Supply and delivery of cleaning & sanitary services items,Ministry of Measure
1235,Construction & Civil Works,428459004,2025-10-03,Supply and delivery of construction & civil works items,Ministry of Exactly
1236,Office Stationery & Supplies,7533980,2020-09-17,Supply and delivery of office stationery & supplies items,Ministry of Middle
1237,Office Stationery & Supplies,5324369,2023-04-20,Supply and delivery of office stationery & supplies items,Ministry of Such
1238,Medical Supplies & Pharmaceuticals,5061914,2024-02-02,Supply and delivery of medical supplies & pharmaceuticals items,Ministry of Care
1239,Office Stationery & Supplies,7695853,2021-12-12,Supply and delivery of office stationery & supplies items,Ministry of South
1240,Construction & Civil Works,96537041,2024-09-05,Supply and delivery of construction & civil works items,Ministry of Instead
1241,Medical Supplies & Pharmaceuticals,2044606,2023-01-04,Supply and delivery of medical supplies & pharmaceuticals items,Ministry of Wind
1242,Medical Supplies & Pharmaceuticals,4905028,2024-06-13,Supply and delivery of medical supplies & pharmaceuticals items,Ministry of That
1243,Construction & Civil Works,106633574,2022-05-01,Supply and delivery of construction & civil works items,Ministry of Break
1244,Cleaning & Sanitary Services,5371513,2025-09-29,Supply and delivery of cleaning & sanitary services items,Ministry of Structure
1245,Motor Vehicles & Spare Parts,1447203,2020-02-16,Supply and delivery of motor vehicles & spare parts items,Ministry of Clearly
1246,Cleaning & Sanitary Services,8955197,2022-01-23,Supply and delivery of cleaning & sanitary services items,Ministry of Add
1247,Cleaning & Sanitary Services,1287018,2024-08-08,Supply and delivery of cleaning & sanitary services items,Ministry of Economic
1248,ICT Equipment & Software,22374795,2020-04-24,Supply and delivery of ict equipment & software items,Ministry of Themselves
1249,Medical Supplies & Pharmaceuticals,2367357,2022-01-19,Supply and delivery of medical supplies & pharmaceuticals items,Ministry of Picture
1250,Medical Supplies & Pharmaceuticals,9632945,2024-06-03,Supply and delivery of medical supplies & pharmaceuticals items,Ministry of Leader
1251,ICT Equipment & Software,49652692,2022-11-18,Supply and delivery of ict equipment & software items,Ministry of Father
1252,Motor Vehicles & Spare Parts,673881,2022-11-30,Supply and delivery of motor vehicles & spare parts items,Ministry of Sort
1253,ICT Equipment & Software,9907062,2022-07-28,Supply and delivery of ict equipment & software items,Ministry of Prepare
1254,ICT Equipment & Software,23171084,2020-11-30,Supply and delivery of ict equipment & software items,Ministry of Much
1255,Cleaning & Sanitary Services,7709387,2021-02-13,Supply and delivery of cleaning & sanitary services items,Ministry of Fast
1256,Cleaning & Sanitary Services,3401394,2024-08-06,Supply and delivery of cleaning & sanitary services items,Ministry of Treat
1257,Consultancy Services,3454513,2021-07-31,Supply and delivery of consultancy services items,Ministry of School
1258,Motor Vehicles & Spare Parts,1713560,2021-06-25,Supply and delivery of motor vehicles & spare parts items,Ministry of Tend
1259,ICT Equipment & Software,37075177,2022-07-29,Supply and delivery of ict equipment & software items,Ministry of Matter
1260,Consultancy Services,3402923,2024-03-27,Supply and delivery of consultancy services items,Ministry of Take
1261,Cleaning & Sanitary Services,3295741,2020-08-13,Supply and delivery of cleaning & sanitary services items,Ministry of Show
1262,Office Stationery & Supplies,8705094,2023-01-05,Supply and delivery of office stationery & supplies items,Ministry of Course
1263,Construction & Civil Works,374934740,2021-02-17,Supply and delivery of construction & civil works items,Ministry of Top
1264,Medical Supplies & Pharmaceuticals,8203670,2023-07-19,Supply and delivery of medical supplies & pharmaceuticals items,Ministry of Protect
1265,Consultancy Services,2189706,2020-11-21,Supply and delivery of consultancy services items,Ministry of Camera
1266,Cleaning & Sanitary Services,4405665,2020-10-16,Supply and delivery of cleaning & sanitary services items,Ministry of American
1267,Medical Supplies & Pharmaceuticals,2989190,2021-08-23,Supply and delivery of medical supplies & pharmaceuticals items,Ministry of Dark
1268,Consultancy Services,9103281,2025-07-28,Supply and delivery of consultancy services items,Ministry of Last
1269,Office Stationery & Supplies,7760678,2020-02-08,Supply and delivery of office stationery & supplies items,Ministry of Decision
1270,Office Stationery & Supplies,9979249,2020-07-18,Supply and delivery of office stationery & supplies items,Ministry of Approach
1271,Medical Supplies & Pharmaceuticals,9242693,2022-04-13,Supply and delivery of medical supplies & pharmaceuticals items,Ministry of Network
1272,Consultancy Services,5129792,2021-11-02,Supply and delivery of consultancy services items,Ministry of Property
1273,Medical Supplies & Pharmaceuticals,6489690,2025-11-17,Supply and delivery of medical supplies & pharmaceuticals items,Ministry of Doctor
1274,Motor Vehicles & Spare Parts,851993,2022-01-06,Supply and delivery of motor vehicles & spare parts items,Ministry of Measure
1275,Office Stationery & Supplies,9214179,2020-05-14,Supply and delivery of office stationery & supplies items,Ministry of Late
1276,Office Stationery & Supplies,8960369,2023-11-11,Supply and delivery of office stationery & supplies items,Ministry of Fly
1277,Medical Supplies & Pharmaceuticals,6715920,2020-08-29,Supply and delivery of medical supplies & pharmaceuticals items,Ministry of Himself
1278,ICT Equipment & Software,12991356,2021-09-06,Supply and delivery of ict equipment & software items,Ministry of Have
1279,Cleaning & Sanitary Services,7459659,2024-04-08,Supply and delivery of cleaning & sanitary services items,Ministry of Employee
1280,Motor Vehicles & Spare Parts,5565513,2021-12-01,Supply and delivery of motor vehicles & spare parts items,Ministry of Anyone
1281,Construction & Civil Works,307307830,2021-02-02,Supply and delivery of construction & civil works items,Ministry of A
1282,Construction & Civil Works,67565460,2020-04-24,Supply and delivery of construction & civil works items,Ministry of Size
1283,Motor Vehicles & Spare Parts,5709210,2021-12-05,Supply and delivery of motor vehicles & spare parts items,Ministry of Feeling
1284,Motor Vehicles & Spare Parts,8910381,2022-10-31,Supply and delivery of motor vehicles & spare parts items,Ministry of When
1285,Motor Vehicles & Spare Parts,4663167,2023-08-21,Supply and delivery of motor vehicles & spare parts items,Ministry of Lawyer
1286,Medical Supplies & Pharmaceuticals,2895126,2021-02-08,Supply and delivery of medical supplies & pharmaceuticals items,Ministry of Million
1287,Construction & Civil Works,312552520,2022-03-07,Supply and delivery of construction & civil works items,Ministry of Fly
1288,ICT Equipment & Software,31035317,2020-09-01,Supply and delivery of ict equipment & software items,Ministry of Relationship
1289,Consultancy Services,8576201,2020-01-30,Supply and delivery of consultancy services items,Ministry of Old
1290,Consultancy Services,5682266,2024-08-15,Supply and delivery of consultancy services items,Ministry of Case
1291,ICT Equipment & Software,44617798,2021-12-26,Supply and delivery of ict equipment & software items,Ministry of Site
1292,ICT Equipment & Software,9007150,2024-11-09,Supply and delivery of ict equipment & software items,Ministry of Situation
1293,Motor Vehicles & Spare Parts,1935932,2024-09-02,Supply and delivery of motor vehicles & spare parts items,Ministry of Newspaper
1294,Office Stationery & Supplies,3816434,2023-08-17,Supply and delivery of office stationery & supplies items,Ministry of Economy
1295,ICT Equipment & Software,42533180,2023-11-25,Supply and delivery of ict equipment & software items,Ministry of Develop
1296,Motor Vehicles & Spare Parts,1615554,2023-07-04,Supply and delivery of motor vehicles & spare parts items,Ministry of Begin
1297,Cleaning & Sanitary Services,9935915,2025-04-27,Supply and delivery of cleaning & sanitary services items,Ministry of Case
1298,Motor Vehicles & Spare Parts,3330786,2023-10-11,Supply and delivery of motor vehicles & spare parts items,Ministry of Play
1299,Motor Vehicles & Spare Parts,3516403,2020-09-20,Supply and delivery of motor vehicles & spare parts items,Ministry of Peace
1300,Motor Vehicles & Spare Parts,7790115,2025-10-22,Supply and delivery of motor vehicles & spare parts items,Ministry of Usually
1301,Office Stationery & Supplies,3721420,2023-12-04,Supply and delivery of office stationery & supplies items,Ministry of Cut
1302,Motor Vehicles & Spare Parts,4043439,2021-02-26,Supply and delivery of motor vehicles & spare parts items,Ministry of Like
1303,Consultancy Services,1351661,2025-07-20,Supply and delivery of consultancy services items,Ministry of Bad
1304,Consultancy Services,1214100,2025-08-25,Supply and delivery of consultancy services items,Ministry of Present
1305,Construction & Civil Works,187720838,2022-01-21,Supply and delivery of construction & civil works items,Ministry of Share
1306,Motor Vehicles & Spare Parts,2107878,2022-11-04,Supply and delivery of motor vehicles & spare parts items,Ministry of Sort
1307,Cleaning & Sanitary Services,8804225,2021-03-18,Supply and delivery of cleaning & sanitary services items,Ministry of Set
1308,Construction & Civil Works,124244565,2020-12-02,Supply and delivery of construction & civil works items,Ministry of Care
1309,Construction & Civil Works,93356836,2021-02-24,Supply and delivery of construction & civil works items,Ministry of Oil
1310,Medical Supplies & Pharmaceuticals,9834409,2024-04-08,Supply and delivery of medical supplies & pharmaceuticals items,Ministry of Vote
1311,Office Stationery & Supplies,5053799,2025-04-05,Supply and delivery of office stationery & supplies items,Ministry of Tonight
1312,Construction & Civil Works,336517912,2025-01-27,Supply and delivery of construction & civil works items,Ministry of Opportunity
1313,ICT Equipment & Software,8851184,2025-11-06,Supply and delivery of ict equipment & software items,Ministry of Want
1314,Medical Supplies & Pharmaceuticals,9506105,2022-03-12,Supply and delivery of medical supplies & pharmaceuticals items,Ministry of Professional
1315,Cleaning & Sanitary Services,3839469,2024-04-20,Supply and delivery of cleaning & sanitary services items,Ministry of Whether
1316,Construction & Civil Works,181415139,2022-08-13,Supply and delivery of construction & civil works items,Ministry of Meeting
1317,Construction & Civil Works,258857558,2022-07-07,Supply and delivery of construction & civil works items,Ministry of Word
1318,Office Stationery & Supplies,3194510,2025-09-17,Supply and delivery of office stationery & supplies items,Ministry of Street
1319,Consultancy Services,520888,2020-02-17,Supply and delivery of consultancy services items,Ministry of Place
1320,ICT Equipment & Software,27028957,2021-08-23,Supply and delivery of ict equipment & software items,Ministry of Carry
1321,Consultancy Services,5670090,2021-09-26,Supply and delivery of consultancy services items,Ministry of Others
1322,Cleaning & Sanitary Services,3296699,2020-05-13,Supply and delivery of cleaning & sanitary services items,Ministry of Rule
1323,ICT Equipment & Software,2711130,2021-02-20,Supply and delivery of ict equipment & software items,Ministry of Teacher
1324,Medical Supplies & Pharmaceuticals,8276958,2022-05-20,Supply and delivery of medical supplies & pharmaceuticals items,Ministry of Reveal
1325,Construction & Civil Works,243009435,2023-03-12,Supply and delivery of construction & civil works items,Ministry of Must
1326,Office Stationery & Supplies,2816826,2025-10-29,Supply and delivery of office stationery & supplies items,Ministry of Company
1327,Motor Vehicles & Spare Parts,6029191,2022-08-17,Supply and delivery of motor vehicles & spare parts items,Ministry of Mr
1328,Medical Supplies & Pharmaceuticals,6517115,2022-04-21,Supply and delivery of medical supplies & pharmaceuticals items,Ministry of State
1329,Construction & Civil Works,100427651,2022-05-05,Supply and delivery of construction & civil works items,Ministry of Policy
1330,Cleaning & Sanitary Services,1211288,2021-08-17,Supply and delivery of cleaning & sanitary services items,Ministry of Create
1331,ICT Equipment & Software,44214543,2020-01-08,Supply and delivery of ict equipment & software items,Ministry of Owner
1332,Office Stationery & Supplies,7416359,2021-04-22,Supply and delivery of office stationery & supplies items,Ministry of Same
1333,Cleaning & Sanitary Services,9092719,2020-01-20,Supply and delivery of cleaning & sanitary services items,Ministry of Without
1334,Motor Vehicles & Spare Parts,9236556,2024-09-28,Supply and delivery of motor vehicles & spare parts items,Ministry of Lose
1335,Consultancy Services,6694244,2023-01-08,Supply and delivery of consultancy services items,Ministry of Service
1336,Construction & Civil Works,223935443,2023-02-24,Supply and delivery of construction & civil works items,Ministry of Floor
1337,Cleaning & Sanitary Services,1567217,2025-02-10,Supply and delivery of cleaning & sanitary services items,Ministry of Fine
1338,Motor Vehicles & Spare Parts,3330545,2024-03-31,Supply and delivery of motor vehicles & spare parts items,Ministry of Old
1339,ICT Equipment & Software,41611497,2020-09-17,Supply and delivery of ict equipment & software items,Ministry of Door
1340,Motor Vehicles & Spare Parts,2502110,2020-04-09,Supply and delivery of motor vehicles & spare parts items,Ministry of Economy
1341,Medical Supplies & Pharmaceuticals,9899416,2021-10-01,Supply and delivery of medical supplies & pharmaceuticals items,Ministry of Purpose
1342,Motor Vehicles & Spare Parts,5150058,2020-11-20,Supply and delivery of motor vehicles & spare parts items,Ministry of Use
1343,Office Stationery & Supplies,1504962,2021-08-31,Supply and delivery of office stationery & supplies items,Ministry of Cell
1344,Motor Vehicles & Spare Parts,3013293,2021-08-15,Supply and delivery of motor vehicles & spare parts items,Ministry of Street
1345,Cleaning & Sanitary Services,8694859,2020-04-22,Supply and delivery of cleaning & sanitary services items,Ministry of Energy
1346,Construction & Civil Works,29556224,2025-12-08,Supply and delivery of construction & civil works items,Ministry of Develop
1347,Office Stationery & Supplies,6120010,2023-03-17,Supply and delivery of office stationery & supplies items,Ministry of Ability
1348,Motor Vehicles & Spare Parts,5272886,2023-11-22,Supply and delivery of motor vehicles & spare parts items,Ministry of Project
1349,Cleaning & Sanitary Services,9383409,2023-08-18,Supply and delivery of cleaning & sanitary services items,Ministry of Home
1350,Medical Supplies & Pharmaceuticals,1824854,2021-12-12,Supply and delivery of medical supplies & pharmaceuticals items,Ministry of Your
1351,Medical Supplies & Pharmaceuticals,8871419,2024-03-25,Supply and delivery of medical supplies & pharmaceuticals items,Ministry of Often
1352,Medical Supplies & Pharmaceuticals,1108314,2021-08-01,Supply and delivery of medical supplies & pharmaceuticals items,Ministry of Cell
1353,Construction & Civil Works,359814866,2022-06-13,Supply and delivery of construction & civil works items,Ministry of Population
1354,Medical Supplies & Pharmaceuticals,6830419,2021-10-08,Supply and delivery of medical supplies & pharmaceuticals items,Ministry of Art
1355,Consultancy Services,6705949,2023-10-03,Supply and delivery of consultancy services items,Ministry of Action
1356,Construction & Civil Works,358033252,2024-12-10,Supply and delivery of construction & civil works items,Ministry of Discuss
1357,ICT Equipment & Software,41596674,2024-05-19,Supply and delivery of ict equipment & software items,Ministry of Far
1358,Cleaning & Sanitary Services,1799660,2021-01-22,Supply and delivery of cleaning & sanitary services items,Ministry of Admit
1359,Cleaning & Sanitary Services,445430,2023-03-23,Supply and delivery of cleaning & sanitary services items,Ministry of Trip
1360,Medical Supplies & Pharmaceuticals,1957845,2024-09-01,Supply and delivery of medical supplies & pharmaceuticals items,Ministry of Statement
1361,Cleaning & Sanitary Services,6412379,2023-07-01,Supply and delivery of cleaning & sanitary services items,Ministry of Seven
1362,Consultancy Services,947405,2024-06-21,Supply and delivery of consultancy services items,Ministry of Idea
1363,Medical Supplies & Pharmaceuticals,333462,2025-09-02,Supply and delivery of medical supplies & pharmaceuticals items,Ministry of Even
1364,Cleaning & Sanitary Services,3086068,2025-03-21,Supply and delivery of cleaning & sanitary services items,Ministry of Protect
1365,ICT Equipment & Software,3901447,2023-08-17,Supply and delivery of ict equipment & software items,Ministry of Design
1366,Consultancy Services,5615328,2024-11-24,Supply and delivery of consultancy services items,Ministry of Discussion
1367,Cleaning & Sanitary Services,8898834,2021-12-11,Supply and delivery of cleaning & sanitary services items,Ministry of Democrat
1368,Motor Vehicles & Spare Parts,6571530,2023-06-28,Supply and delivery of motor vehicles & spare parts items,Ministry of System
1369,Motor Vehicles & Spare Parts,5102828,2025-02-23,Supply and delivery of motor vehicles & spare parts items,Ministry of Indicate
1370,Office Stationery & Supplies,9540913,2020-12-07,Supply and delivery of office stationery & supplies items,Ministry of Each
1371,Motor Vehicles & Spare Parts,7033966,2024-05-18,Supply and delivery of motor vehicles & spare parts items,Ministry of Leader
1372,Construction & Civil Works,137728724,2022-03-18,Supply and delivery of construction & civil works items,Ministry of Week
1373,Construction & Civil Works,322028966,2022-11-15,Supply and delivery of construction & civil works items,Ministry of Mission
1374,Motor Vehicles & Spare Parts,8458827,2021-02-01,Supply and delivery of motor vehicles & spare parts items,Ministry of Crime
1375,ICT Equipment & Software,29076855,2024-11-21,Supply and delivery of ict equipment & software items,Ministry of Control
1376,Office Stationery & Supplies,7665991,2021-02-17,Supply and delivery of office stationery & supplies items,Ministry of Military
1377,Office Stationery & Supplies,1694502,2025-08-28,Supply and delivery of office stationery & supplies items,Ministry of Couple
1378,ICT Equipment & Software,6482547,2023-11-19,Supply and delivery of ict equipment & software items,Ministry of Against
1379,Office Stationery & Supplies,4329228,2021-11-10,Supply and delivery of office stationery & supplies items,Ministry of Value
1380,Construction & Civil Works,203614814,2021-01-24,Supply and delivery of construction & civil works items,Ministry of Indeed
1381,Consultancy Services,2892537,2024-02-15,Supply and delivery of consultancy services items,Ministry of Cup
1382,Consultancy Services,1687542,2020-06-01,Supply and delivery of consultancy services items,Ministry of Away
1383,Medical Supplies & Pharmaceuticals,7845269,2022-07-23,Supply and delivery of medical supplies & pharmaceuticals items,Ministry of Look
1384,Consultancy Services,7156784,2025-06-14,Supply and delivery of consultancy services items,Ministry of Interesting
1385,Medical Supplies & Pharmaceuticals,8643144,2020-08-07,Supply and delivery of medical supplies & pharmaceuticals items,Ministry of New
1386,ICT Equipment & Software,30283576,2020-10-27,Supply and delivery of ict equipment & software items,Ministry of Social
1387,ICT Equipment & Software,28264209,2024-11-05,Supply and delivery of ict equipment & software items,Ministry of Player
1388,Construction & Civil Works,146798730,2020-08-06,Supply and delivery of construction & civil works items,Ministry of If
1389,Construction & Civil Works,475764069,2020-02-15,Supply and delivery of construction & civil works items,Ministry of The
1390,Cleaning & Sanitary Services,2285132,2020-01-30,Supply and delivery of cleaning & sanitary services items,Ministry of Then
1391,Office Stationery & Supplies,392007,2023-11-13,Supply and delivery of office stationery & supplies items,Ministry of Animal
1392,Office Stationery & Supplies,6878519,2020-10-16,Supply and delivery of office stationery & supplies items,Ministry of Speech
1393,Office Stationery & Supplies,3028785,2020-07-02,Supply and delivery of office stationery & supplies items,Ministry of Character
1394,Construction & Civil Works,484520627,2025-08-18,Supply and delivery of construction & civil works items,Ministry of Plan
1395,Consultancy Services,1712119,2020-01-30,Supply and delivery of consultancy services items,Ministry of Act
1396,Consultancy Services,8876381,2025-09-29,Supply and delivery of consultancy services items,Ministry of Born
1397,Construction & Civil Works,311206691,2023-04-03,Supply and delivery of construction & civil works items,Ministry of Television
1398,Construction & Civil Works,101913836,2022-01-11,Supply and delivery of construction & civil works items,Ministry of Second
1399,Construction & Civil Works,484597051,2020-07-05,Supply and delivery of construction & civil works items,Ministry of Chair
1400,Cleaning & Sanitary Services,9360513,2022-11-18,Supply and delivery of cleaning & sanitary services items,Ministry of Order
1401,Construction & Civil Works,288801487,2025-05-09,Supply and delivery of construction & civil works items,Ministry of Team
1402,ICT Equipment & Software,8954364,2020-12-23,Supply and delivery of ict equipment & software items,Ministry of Glass
1403,Office Stationery & Supplies,9855672,2022-11-15,Supply and delivery of office stationery & supplies items,Ministry of Either
1404,Cleaning & Sanitary Services,7991784,2020-05-02,Supply and delivery of cleaning & sanitary services items,Ministry of Role
1405,Construction & Civil Works,337520489,2021-08-08,Supply and delivery of construction & civil works items,Ministry of Of
1406,Office Stationery & Supplies,2496640,2020-09-26,Supply and delivery of office stationery & supplies items,Ministry of Thank
1407,ICT Equipment & Software,40429679,2020-04-07,Supply and delivery of ict equipment & software items,Ministry of Off
1408,Medical Supplies & Pharmaceuticals,7094791,2021-10-12,Supply and delivery of medical supplies & pharmaceuticals items,Ministry of Much
1409,Motor Vehicles & Spare Parts,8346673,2025-04-26,Supply and delivery of motor vehicles & spare parts items,Ministry of Just
1410,ICT Equipment & Software,35971228,2020-11-06,Supply and delivery of ict equipment & software items,Ministry of While
1411,Consultancy Services,8922405,2021-05-06,Supply and delivery of consultancy services items,Ministry of Dream
1412,Consultancy Services,3185945,2022-07-24,Supply and delivery of consultancy services items,Ministry of Choice
1413,Cleaning & Sanitary Services,9289215,2022-02-13,Supply and delivery of cleaning & sanitary services items,Ministry of Few
1414,Construction & Civil Works,355361647,2021-05-09,Supply and delivery of construction & civil works items,Ministry of Until
1415,Office Stationery & Supplies,8048838,2024-02-08,Supply and delivery of office stationery & supplies items,Ministry of Right
1416,Motor Vehicles & Spare Parts,339608,2025-04-21,Supply and delivery of motor vehicles & spare parts items,Ministry of Test
1417,Medical Supplies & Pharmaceuticals,3762097,2025-05-29,Supply and delivery of medical supplies & pharmaceuticals items,Ministry of Million
1418,Medical Supplies & Pharmaceuticals,8154515,2021-01-06,Supply and delivery of medical supplies & pharmaceuticals items,Ministry of Break
1419,Consultancy Services,9305774,2021-05-06,Supply and delivery of consultancy services items,Ministry of Father
1420,Medical Supplies & Pharmaceuticals,4142942,2022-02-21,Supply and delivery of medical supplies & pharmaceuticals items,Ministry of Power
1421,Construction & Civil Works,257553836,2022-01-01,Supply and delivery of construction & civil works items,Ministry of Herself
1422,Construction & Civil Works,191980505,2025-07-15,Supply and delivery of construction & civil works items,Ministry of Wide
1423,Medical Supplies & Pharmaceuticals,1700720,2020-07-04,Supply and delivery of medical supplies & pharmaceuticals items,Ministry of Animal
1424,Motor Vehicles & Spare Parts,6284546,2023-08-17,Supply and delivery of motor vehicles & spare parts items,Ministry of Could
1425,Construction & Civil Works,52980339,2022-07-28,Supply and delivery of construction & civil works items,Ministry of Good
1426,Consultancy Services,6487958,2023-08-06,Supply and delivery of consultancy services items,Ministry of Respond
1427,Consultancy Services,9079219,2022-07-20,Supply and delivery of consultancy services items,Ministry of Walk
1428,Motor Vehicles & Spare Parts,8917164,2024-01-01,Supply and delivery of motor vehicles & spare parts items,Ministry of Fish
1429,Medical Supplies & Pharmaceuticals,3775049,2023-09-30,Supply and delivery of medical supplies & pharmaceuticals items,Ministry of Few
1430,Consultancy Services,6145001,2022-02-02,Supply and delivery of consultancy services items,Ministry of Body
1431,Consultancy Services,8968958,2021-08-16,Supply and delivery of consultancy services items,Ministry of Money
1432,Construction & Civil Works,25411399,2023-12-20,Supply and delivery of construction & civil works items,Ministry of Worker
1433,Office Stationery & Supplies,2728973,2021-08-04,Supply and delivery of office stationery & supplies items,Ministry of What
1434,Construction & Civil Works,59244317,2024-04-07,Supply and delivery of construction & civil works items,Ministry of Ball
1435,Consultancy Services,4091818,2024-09-24,Supply and delivery of consultancy services items,Ministry of Training
1436,Office Stationery & Supplies,3879044,2025-08-06,Supply and delivery of office stationery & supplies items,Ministry of Church
1437,Consultancy Services,5170121,2024-08-31,Supply and delivery of consultancy services items,Ministry of Choice
1438,Consultancy Services,350231,2021-12-02,Supply and delivery of consultancy services items,Ministry of In
1439,Consultancy Services,4835524,2022-09-05,Supply and delivery of consultancy services items,Ministry of Style
1440,ICT Equipment & Software,24018715,2024-09-17,Supply and delivery of ict equipment & software items,Ministry of Mean
1441,Construction & Civil Works,47973491,2024-11-19,Supply and delivery of construction & civil works items,Ministry of Budget
1442,Motor Vehicles & Spare Parts,520993,2023-06-20,Supply and delivery of motor vehicles & spare parts items,Ministry of Short
1443,Cleaning & Sanitary Services,2360791,2021-09-02,Supply and delivery of cleaning & sanitary services items,Ministry of Believe
1444,Medical Supplies & Pharmaceuticals,4701318,2021-12-08,Supply and delivery of medical supplies & pharmaceuticals items,Ministry of Care
1445,Consultancy Services,4180790,2021-02-02,Supply and delivery of consultancy services items,Ministry of Image
1446,Consultancy Services,2852690,2022-02-11,Supply and delivery of consultancy services items,Ministry of Miss
1447,Consultancy Services,1103510,2022-07-17,Supply and delivery of consultancy services items,Ministry of Rule
1448,Motor Vehicles & Spare Parts,1171192,2025-11-01,Supply and delivery of motor vehicles & spare parts items,Ministry of Play
1449,Motor Vehicles & Spare Parts,3515473,2024-10-04,Supply and delivery of motor vehicles & spare parts items,Ministry of Goal
1450,Medical Supplies & Pharmaceuticals,7878512,2020-10-29,Supply and delivery of medical supplies & pharmaceuticals items,Ministry of Yet
1451,Consultancy Services,1671480,2023-12-03,Supply and delivery of consultancy services items,Ministry of Else
1452,Consultancy Services,3715590,2022-04-19,Supply and delivery of consultancy services items,Ministry of Often
1453,Medical Supplies & Pharmaceuticals,2460901,2022-12-25,Supply and delivery of medical supplies & pharmaceuticals items,Ministry of None
1454,Office Stationery & Supplies,7338225,2022-12-15,Supply and delivery of office stationery & supplies items,Ministry of Not
1455,Office Stationery & Supplies,3052053,2024-12-04,Supply and delivery of office stationery & supplies items,Ministry of If
1456,Medical Supplies & Pharmaceuticals,7641714,2020-07-02,Supply and delivery of medical supplies & pharmaceuticals items,Ministry of Senior
1457,Cleaning & Sanitary Services,9279279,2022-07-13,Supply and delivery of cleaning & sanitary services items,Ministry of Participant
1458,Construction & Civil Works,198522702,2024-08-28,Supply and delivery of construction & civil works items,Ministry of Talk
1459,Construction & Civil Works,321671467,2024-06-27,Supply and delivery of construction & civil works items,Ministry of Scientist
1460,Motor Vehicles & Spare Parts,6397042,2020-07-10,Supply and delivery of motor vehicles & spare parts items,Ministry of High
1461,Cleaning & Sanitary Services,4152579,2020-01-07,Supply and delivery of cleaning & sanitary services items,Ministry of Today
1462,Motor Vehicles & Spare Parts,9258173,2020-02-07,Supply and delivery of motor vehicles & spare parts items,Ministry of Open
1463,Office Stationery & Supplies,3984175,2022-11-04,Supply and delivery of office stationery & supplies items,Ministry of Cell
1464,Motor Vehicles & Spare Parts,7789205,2025-07-10,Supply and delivery of motor vehicles & spare parts items,Ministry of As
1465,Office Stationery & Supplies,1709425,2025-06-19,Supply and delivery of office stationery & supplies items,Ministry of Herself
1466,Medical Supplies & Pharmaceuticals,1098899,2025-02-02,Supply and delivery of medical supplies & pharmaceuticals items,Ministry of Trial
1467,Office Stationery & Supplies,2198729,2024-09-02,Supply and delivery of office stationery & supplies items,Ministry of Chair
1468,Construction & Civil Works,230341118,2021-10-07,Supply and delivery of construction & civil works items,Ministry of Charge
1469,Consultancy Services,1051302,2025-01-04,Supply and delivery of consultancy services items,Ministry of Ok
1470,Office Stationery & Supplies,1220803,2025-10-30,Supply and delivery of office stationery & supplies items,Ministry of While
1471,Construction & Civil Works,163134789,2022-07-11,Supply and delivery of construction & civil works items,Ministry of Develop
1472,ICT Equipment & Software,32815606,2024-12-18,Supply and delivery of ict equipment & software items,Ministry of Arrive
1473,Cleaning & Sanitary Services,250653,2024-06-24,Supply and delivery of cleaning & sanitary services items,Ministry of Buy
1474,Construction & Civil Works,235950326,2025-10-08,Supply and delivery of construction & civil works items,Ministry of Score
1475,Construction & Civil Works,195511789,2020-11-09,Supply and delivery of construction & civil works items,Ministry of Significant
1476,Office Stationery & Supplies,6042654,2020-02-27,Supply and delivery of office stationery & supplies items,Ministry of Language
1477,Office Stationery & Supplies,5939741,2022-03-25,Supply and delivery of office stationery & supplies items,Ministry of Science
1478,ICT Equipment & Software,5588539,2020-08-20,Supply and delivery of ict equipment & software items,Ministry of Party
1479,Office Stationery & Supplies,5880554,2020-06-10,Supply and delivery of office stationery & supplies items,Ministry of Third
1480,Cleaning & Sanitary Services,5397340,2023-07-25,Supply and delivery of cleaning & sanitary services items,Ministry of Coach
1481,Cleaning & Sanitary Services,516690,2020-03-07,Supply and delivery of cleaning & sanitary services items,Ministry of History
1482,ICT Equipment & Software,26829775,2020-11-05,Supply and delivery of ict equipment & software items,Ministry of Election
1483,Consultancy Services,9366359,2020-06-17,Supply and delivery of consultancy services items,Ministry of Outside
1484,Motor Vehicles & Spare Parts,7938941,2024-12-25,Supply and delivery of motor vehicles & spare parts items,Ministry of Keep
1485,Office Stationery & Supplies,778066,2020-11-24,Supply and delivery of office stationery & supplies items,Ministry of Court
1486,Medical Supplies & Pharmaceuticals,1725199,2022-10-26,Supply and delivery of medical supplies & pharmaceuticals items,Ministry of Challenge
1487,Cleaning & Sanitary Services,9497868,2024-06-27,Supply and delivery of cleaning & sanitary services items,Ministry of Say
1488,Construction & Civil Works,425219548,2025-09-09,Supply and delivery of construction & civil works items,Ministry of Many
1489,Motor Vehicles & Spare Parts,8440791,2022-06-20,Supply and delivery of motor vehicles & spare parts items,Ministry of Green
1490,Cleaning & Sanitary Services,8472602,2022-08-30,Supply and delivery of cleaning & sanitary services items,Ministry of Quite
1491,Office Stationery & Supplies,3921301,2024-03-03,Supply and delivery of office stationery & supplies items,Ministry of Few
1492,Consultancy Services,1408166,2020-08-31,Supply and delivery of consultancy services items,Ministry of As
1493,Office Stationery & Supplies,6292357,2025-04-14,Supply and delivery of office stationery & supplies items,Ministry of Almost
1494,Motor Vehicles & Spare Parts,2611019,2023-08-16,Supply and delivery of motor vehicles & spare parts items,Ministry of Consumer
1495,Motor Vehicles & Spare Parts,1430728,2023-01-07,Supply and delivery of motor vehicles & spare parts items,Ministry of Activity
1496,Office Stationery & Supplies,2267626,2022-05-18,Supply and delivery of office stationery & supplies items,Ministry of Land
1497,ICT Equipment & Software,9238676,2024-01-29,Supply and delivery of ict equipment & software items,Ministry of Type
1498,Construction & Civil Works,280718833,2022-09-22,Supply and delivery of construction & civil works items,Ministry of Seek
1499,Motor Vehicles & Spare Parts,7117955,2024-12-22,Supply and delivery of motor vehicles & spare parts items,Ministry of Wide
1500,Consultancy Services,2838384,2023-06-07,Supply and delivery of consultancy services items,Ministry of Follow
1501,Office Stationery & Supplies,504911,2024-04-03,Supply and delivery of office stationery & supplies items,Ministry of Land
1502,Consultancy Services,3419343,2025-08-02,Supply and delivery of consultancy services items,Ministry of Expert
1503,Office Stationery & Supplies,1269070,2025-11-02,Supply and delivery of office stationery & supplies items,Ministry of Nearly
1504,Cleaning & Sanitary Services,271277,2022-04-07,Supply and delivery of cleaning & sanitary services items,Ministry of Car
1505,Motor Vehicles & Spare Parts,7451548,2024-06-16,Supply and delivery of motor vehicles & spare parts items,Ministry of Institution
1506,Consultancy Services,5980926,2023-09-18,Supply and delivery of consultancy services items,Ministry of Discuss
1507,Construction & Civil Works,237967035,2022-05-09,Supply and delivery of construction & civil works items,Ministry of Test
1508,Medical Supplies & Pharmaceuticals,6662865,2024-06-22,Supply and delivery of medical supplies & pharmaceuticals items,Ministry of Operation
1509,Cleaning & Sanitary Services,8213649,2023-08-18,Supply and delivery of cleaning & sanitary services items,Ministry of Bank
1510,Motor Vehicles & Spare Parts,2691822,2024-11-24,Supply and delivery of motor vehicles & spare parts items,Ministry of Management
1511,Cleaning & Sanitary Services,9290426,2022-11-12,Supply and delivery of cleaning & sanitary services items,Ministry of Read
1512,Motor Vehicles & Spare Parts,4515239,2023-11-07,Supply and delivery of motor vehicles & spare parts items,Ministry of Their
1513,Motor Vehicles & Spare Parts,3201373,2022-04-13,Supply and delivery of motor vehicles & spare parts items,Ministry of Arm
1514,Motor Vehicles & Spare Parts,973420,2024-10-26,Supply and delivery of motor vehicles & spare parts items,Ministry of Radio
1515,Construction & Civil Works,36301473,2022-07-18,Supply and delivery of construction & civil works items,Ministry of Expect
1516,Consultancy Services,5934611,2020-08-25,Supply and delivery of consultancy services items,Ministry of Bank
1517,Construction & Civil Works,419538508,2022-03-05,Supply and delivery of construction & civil works items,Ministry of Start
1518,Construction & Civil Works,246213985,2025-01-28,Supply and delivery of construction & civil works items,Ministry of Ahead
1519,Cleaning & Sanitary Services,7542510,2021-06-08,Supply and delivery of cleaning & sanitary services items,Ministry of Commercial
1520,Medical Supplies & Pharmaceuticals,1044461,2023-04-01,Supply and delivery of medical supplies & pharmaceuticals items,Ministry of Attention
1521,Construction & Civil Works,205129884,2021-04-09,Supply and delivery of construction & civil works items,Ministry of Activity
1522,ICT Equipment & Software,48645489,2024-07-15,Supply and delivery of ict equipment & software items,Ministry of For
1523,Cleaning & Sanitary Services,7212646,2021-02-15,Supply and delivery of cleaning & sanitary services items,Ministry of Defense
1524,Consultancy Services,8767126,2023-10-30,Supply and delivery of consultancy services items,Ministry of Alone
1525,Motor Vehicles & Spare Parts,3511647,2021-06-10,Supply and delivery of motor vehicles & spare parts items,Ministry of Bed
1526,Consultancy Services,7825976,2025-11-09,Supply and delivery of consultancy services items,Ministry of Other
1527,Cleaning & Sanitary Services,2805421,2020-04-08,Supply and delivery of cleaning & sanitary services items,Ministry of Street
1528,Office Stationery & Supplies,5898273,2022-11-26,Supply and delivery of office stationery & supplies items,Ministry of Anything
1529,Construction & Civil Works,332562596,2021-11-20,Supply and delivery of construction & civil works items,Ministry of Yet
1530,Cleaning & Sanitary Services,8635640,2021-11-07,Supply and delivery of cleaning & sanitary services items,Ministry of Heavy
1531,Cleaning & Sanitary Services,4752124,2024-07-04,Supply and delivery of cleaning & sanitary services items,Ministry of Information
1532,Medical Supplies & Pharmaceuticals,1462516,2022-12-31,Supply and delivery of medical supplies & pharmaceuticals items,Ministry of Forward
1533,Consultancy Services,5327541,2024-07-05,Supply and delivery of consultancy services items,Ministry of She
1534,Office Stationery & Supplies,2356356,2022-02-18,Supply and delivery of office stationery & supplies items,Ministry of Carry
1535,ICT Equipment & Software,35384217,2024-03-19,Supply and delivery of ict equipment & software items,Ministry of Bill
1536,Construction & Civil Works,58093290,2021-12-26,Supply and delivery of construction & civil works items,Ministry of Watch
1537,Construction & Civil Works,120405647,2024-06-12,Supply and delivery of construction & civil works items,Ministry of Blood
1538,ICT Equipment & Software,9580961,2023-01-05,Supply and delivery of ict equipment & software items,Ministry of Stage
1539,Medical Supplies & Pharmaceuticals,5064948,2020-11-25,Supply and delivery of medical supplies & pharmaceuticals items,Ministry of People
1540,Motor Vehicles & Spare Parts,2428033,2024-10-10,Supply and delivery of motor vehicles & spare parts items,Ministry of Me
1541,Cleaning & Sanitary Services,9978917,2023-07-08,Supply and delivery of cleaning & sanitary services items,Ministry of Together
1542,Construction & Civil Works,415828760,2020-03-22,Supply and delivery of construction & civil works items,Ministry of Color
1543,Consultancy Services,7791332,2020-11-28,Supply and delivery of consultancy services items,Ministry of Major
1544,Medical Supplies & Pharmaceuticals,7159903,2020-06-21,Supply and delivery of medical supplies & pharmaceuticals items,Ministry of Process
1545,Office Stationery & Supplies,294152,2020-07-23,Supply and delivery of office stationery & supplies items,Ministry of Serious
1546,Consultancy Services,4897927,2021-05-22,Supply and delivery of consultancy services items,Ministry of Dinner
1547,Construction & Civil Works,192669188,2024-11-04,Supply and delivery of construction & civil works items,Ministry of Ready
1548,ICT Equipment & Software,4300760,2020-11-04,Supply and delivery of ict equipment & software items,Ministry of Serious
1549,ICT Equipment & Software,1475112,2020-12-18,Supply and delivery of ict equipment & software items,Ministry of More
1550,Office Stationery & Supplies,4133123,2023-02-05,Supply and delivery of office stationery & supplies items,Ministry of Shoulder
1551,Cleaning & Sanitary Services,655839,2023-08-26,Supply and delivery of cleaning & sanitary services items,Ministry of Necessary
1552,Cleaning & Sanitary Services,549813,2025-07-31,Supply and delivery of cleaning & sanitary services items,Ministry of Growth
1553,ICT Equipment & Software,12734908,2022-09-07,Supply and delivery of ict equipment & software items,Ministry of Catch
1554,Cleaning & Sanitary Services,5247501,2022-01-12,Supply and delivery of cleaning & sanitary services items,Ministry of Here
1555,Construction & Civil Works,430327121,2023-09-28,Supply and delivery of construction & civil works items,Ministry of Yard
1556,Motor Vehicles & Spare Parts,5995038,2022-08-02,Supply and delivery of motor vehicles & spare parts items,Ministry of Vote
1557,Construction & Civil Works,351014208,2024-04-10,Supply and delivery of construction & civil works items,Ministry of Result
1558,Medical Supplies & Pharmaceuticals,2995107,2022-04-29,Supply and delivery of medical supplies & pharmaceuticals items,Ministry of Detail
1559,Consultancy Services,5149425,2025-12-24,Supply and delivery of consultancy services items,Ministry of Policy
1560,Office Stationery & Supplies,8007386,2020-06-13,Supply and delivery of office stationery & supplies items,Ministry of Claim
1561,Construction & Civil Works,407516251,2023-05-27,Supply and delivery of construction & civil works items,Ministry of Modern
1562,ICT Equipment & Software,5776776,2020-08-01,Supply and delivery of ict equipment & software items,Ministry of Administration
1563,Motor Vehicles & Spare Parts,1963907,2020-11-08,Supply and delivery of motor vehicles & spare parts items,Ministry of Truth
1564,Medical Supplies & Pharmaceuticals,9303269,2021-11-09,Supply and delivery of medical supplies & pharmaceuticals items,Ministry of Trip
1565,Cleaning & Sanitary Services,9804911,2025-10-23,Supply and delivery of cleaning & sanitary services items,Ministry of Station
1566,ICT Equipment & Software,30373750,2025-05-15,Supply and delivery of ict equipment & software items,Ministry of Moment
1567,ICT Equipment & Software,10701961,2020-07-25,Supply and delivery of ict equipment & software items,Ministry of Former
1568,Construction & Civil Works,77202252,2021-01-06,Supply and delivery of construction & civil works items,Ministry of Find
1569,ICT Equipment & Software,20756880,2020-12-19,Supply and delivery of ict equipment & software items,Ministry of Far
1570,Consultancy Services,4745289,2023-06-17,Supply and delivery of consultancy services items,Ministry of Head
1571,Construction & Civil Works,483655566,2020-07-14,Supply and delivery of construction & civil works items,Ministry of Country
1572,ICT Equipment & Software,29107382,2024-04-06,Supply and delivery of ict equipment & software items,Ministry of Magazine
1573,Cleaning & Sanitary Services,9111698,2021-07-19,Supply and delivery of cleaning & sanitary services items,Ministry of Material
1574,Cleaning & Sanitary Services,3117465,2025-11-13,Supply and delivery of cleaning & sanitary services items,Ministry of Source
1575,ICT Equipment & Software,33178713,2025-04-04,Supply and delivery of ict equipment & software items,Ministry of Rate
1576,Medical Supplies & Pharmaceuticals,2502114,2025-07-17,Supply and delivery of medical supplies & pharmaceuticals items,Ministry of Yard
1577,Motor Vehicles & Spare Parts,1869617,2020-09-28,Supply and delivery of motor vehicles & spare parts items,Ministry of Outside
1578,ICT Equipment & Software,20125255,2022-12-05,Supply and delivery of ict equipment & software items,Ministry of Himself
1579,Cleaning & Sanitary Services,5469337,2025-02-25,Supply and delivery of cleaning & sanitary services items,Ministry of Institution
1580,Construction & Civil Works,54402947,2022-06-15,Supply and delivery of construction & civil works items,Ministry of President
1581,Cleaning & Sanitary Services,980432,2025-07-02,Supply and delivery of cleaning & sanitary services items,Ministry of Carry
1582,Medical Supplies & Pharmaceuticals,6327740,2022-08-23,Supply and delivery of medical supplies & pharmaceuticals items,Ministry of Music
1583,Consultancy Services,7957997,2025-01-25,Supply and delivery of consultancy services items,Ministry of Former
1584,Construction & Civil Works,34988602,2022-03-29,Supply and delivery of construction & civil works items,Ministry of Rest
1585,Motor Vehicles & Spare Parts,4984299,2022-06-24,Supply and delivery of motor vehicles & spare parts items,Ministry of Listen
1586,ICT Equipment & Software,2129618,2021-07-29,Supply and delivery of ict equipment & software items,Ministry of Type
1587,Office Stationery & Supplies,6083359,2025-12-11,Supply and delivery of office stationery & supplies items,Ministry of And
1588,Medical Supplies & Pharmaceuticals,9731130,2023-09-21,Supply and delivery of medical supplies & pharmaceuticals items,Ministry of Quickly
1589,Cleaning & Sanitary Services,9454933,2020-05-05,Supply and delivery of cleaning & sanitary services items,Ministry of Street
1590,Construction & Civil Works,56629424,2021-06-20,Supply and delivery of construction & civil works items,Ministry of Tend
1591,Motor Vehicles & Spare Parts,5797478,2023-05-13,Supply and delivery of motor vehicles & spare parts items,Ministry of Clear
1592,Office Stationery & Supplies,3802590,2025-02-12,Supply and delivery of office stationery & supplies items,Ministry of Fill
1593,Construction & Civil Works,182644470,2022-04-03,Supply and delivery of construction & civil works items,Ministry of Over
1594,Medical Supplies & Pharmaceuticals,8118205,2022-05-24,Supply and delivery of medical supplies & pharmaceuticals items,Ministry of Baby
1595,Consultancy Services,3986613,2021-05-03,Supply and delivery of consultancy services items,Ministry of Two
1596,Office Stationery & Supplies,3404860,2022-10-09,Supply and delivery of office stationery & supplies items,Ministry of Better
1597,Office Stationery & Supplies,8822856,2022-02-03,Supply and delivery of office stationery & supplies items,Ministry of Management
1598,ICT Equipment & Software,1693502,2023-11-08,Supply and delivery of ict equipment & software items,Ministry of We
1599,Cleaning & Sanitary Services,7114511,2024-11-27,Supply and delivery of cleaning & sanitary services items,Ministry of Boy
1600,ICT Equipment & Software,3829782,2020-07-07,Supply and delivery of ict equipment & software items,Ministry of Sign
1601,ICT Equipment & Software,5616176,2020-08-25,Supply and delivery of ict equipment & software items,Ministry of Win
1602,Cleaning & Sanitary Services,481325,2022-05-19,Supply and delivery of cleaning & sanitary services items,Ministry of Lead
1603,Motor Vehicles & Spare Parts,1063544,2021-03-13,Supply and delivery of motor vehicles & spare parts items,Ministry of Get
1604,Motor Vehicles & Spare Parts,8309517,2020-05-21,Supply and delivery of motor vehicles & spare parts items,Ministry of Guess
1605,Cleaning & Sanitary Services,9094359,2025-12-23,Supply and delivery of cleaning & sanitary services items,Ministry of Mention
1606,Motor Vehicles & Spare Parts,8962264,2021-04-10,Supply and delivery of motor vehicles & spare parts items,Ministry of Site
1607,Medical Supplies & Pharmaceuticals,5368961,2022-11-09,Supply and delivery of medical supplies & pharmaceuticals items,Ministry of Family
1608,Office Stationery & Supplies,4127187,2022-09-22,Supply and delivery of office stationery & supplies items,Ministry of Offer
1609,Consultancy Services,7238780,2020-12-07,Supply and delivery of consultancy services items,Ministry of Many
1610,Cleaning & Sanitary Services,106464,2020-11-14,Supply and delivery of cleaning & sanitary services items,Ministry of Different
1611,Office Stationery & Supplies,3825530,2021-12-02,Supply and delivery of office stationery & supplies items,Ministry of Almost
1612,Consultancy Services,1261140,2025-12-04,Supply and delivery of consultancy services items,Ministry of Staff
1613,Medical Supplies & Pharmaceuticals,6585671,2022-04-13,Supply and delivery of medical supplies & pharmaceuticals items,Ministry of Would
1614,ICT Equipment & Software,27057403,2024-11-06,Supply and delivery of ict equipment & software items,Ministry of Strategy
1615,Construction & Civil Works,376175011,2022-07-31,Supply and delivery of construction & civil works items,Ministry of Material
1616,ICT Equipment & Software,11089887,2021-04-12,Supply and delivery of ict equipment & software items,Ministry of Development
1617,Office Stationery & Supplies,9549146,2025-03-16,Supply and delivery of office stationery & supplies items,Ministry of Son
1618,Motor Vehicles & Spare Parts,1496102,2024-02-06,Supply and delivery of motor vehicles & spare parts items,Ministry of Expect
1619,Medical Supplies & Pharmaceuticals,2064724,2021-07-06,Supply and delivery of medical supplies & pharmaceuticals items,Ministry of Control
1620,Motor Vehicles & Spare Parts,8921549,2020-07-02,Supply and delivery of motor vehicles & spare parts items,Ministry of Authority
1621,Consultancy Services,2808685,2021-08-23,Supply and delivery of consultancy services items,Ministry of Beat
1622,Cleaning & Sanitary Services,703151,2021-10-15,Supply and delivery of cleaning & sanitary services items,Ministry of Seem
1623,Motor Vehicles & Spare Parts,7472801,2022-09-16,Supply and delivery of motor vehicles & spare parts items,Ministry of Kind
1624,ICT Equipment & Software,29592273,2023-02-23,Supply and delivery of ict equipment & software items,Ministry of Relationship
1625,Consultancy Services,8211184,2025-05-10,Supply and delivery of consultancy services items,Ministry of Create
1626,Consultancy Services,7385387,2024-12-24,Supply and delivery of consultancy services items,Ministry of Best
1627,Cleaning & Sanitary Services,5202367,2025-05-14,Supply and delivery of cleaning & sanitary services items,Ministry of Later
1628,Construction & Civil Works,93194387,2022-01-19,Supply and delivery of construction & civil works items,Ministry of Some
1629,Construction & Civil Works,137170165,2021-10-12,Supply and delivery of construction & civil works items,Ministry of Decide
1630,Motor Vehicles & Spare Parts,831636,2022-02-04,Supply and delivery of motor vehicles & spare parts items,Ministry of Kind
1631,ICT Equipment & Software,40535525,2022-11-21,Supply and delivery of ict equipment & software items,Ministry of North
1632,Office Stationery & Supplies,7653925,2024-02-18,Supply and delivery of office stationery & supplies items,Ministry of College
1633,Consultancy Services,3316662,2025-10-16,Supply and delivery of consultancy services items,Ministry of Leave
1634,Motor Vehicles & Spare Parts,2464825,2022-02-16,Supply and delivery of motor vehicles & spare parts items,Ministry of Room
1635,Consultancy Services,2280139,2023-06-03,Supply and delivery of consultancy services items,Ministry of Test
1636,Office Stationery & Supplies,3383737,2020-01-22,Supply and delivery of office stationery & supplies items,Ministry of Stay
1637,Construction & Civil Works,190113550,2025-05-12,Supply and delivery of construction & civil works items,Ministry of Decide
1638,Medical Supplies & Pharmaceuticals,5957846,2020-06-19,Supply and delivery of medical supplies & pharmaceuticals items,Ministry of Region
1639,Office Stationery & Supplies,2565596,2023-06-21,Supply and delivery of office stationery & supplies items,Ministry of Check
1640,ICT Equipment & Software,4905113,2021-12-10,Supply and delivery of ict equipment & software items,Ministry of Than
1641,Construction & Civil Works,39968399,2025-08-19,Supply and delivery of construction & civil works items,Ministry of Situation
1642,Motor Vehicles & Spare Parts,5166447,2024-12-13,Supply and delivery of motor vehicles & spare parts items,Ministry of Significant
1643,Cleaning & Sanitary Services,6956604,2021-11-24,Supply and delivery of cleaning & sanitary services items,Ministry of City
1644,ICT Equipment & Software,10571586,2025-05-18,Supply and delivery of ict equipment & software items,Ministry of World
1645,Motor Vehicles & Spare Parts,2719222,2020-11-19,Supply and delivery of motor vehicles & spare parts items,Ministry of Treatment
1646,Consultancy Services,6498497,2021-11-24,Supply and delivery of consultancy services items,Ministry of Structure
1647,Construction & Civil Works,275858408,2025-10-26,Supply and delivery of construction & civil works items,Ministry of Investment
1648,Construction & Civil Works,188168662,2021-07-29,Supply and delivery of construction & civil works items,Ministry of Seven
1649,Motor Vehicles & Spare Parts,3322018,2020-01-09,Supply and delivery of motor vehicles & spare parts items,Ministry of Little
1650,ICT Equipment & Software,2361663,2025-08-28,Supply and delivery of ict equipment & software items,Ministry of Tough
1651,Motor Vehicles & Spare Parts,9540298,2020-10-02,Supply and delivery of motor vehicles & spare parts items,Ministry of Listen
1652,Motor Vehicles & Spare Parts,149768,2023-10-31,Supply and delivery of motor vehicles & spare parts items,Ministry of Particular
1653,Construction & Civil Works,270702972,2020-08-01,Supply and delivery of construction & civil works items,Ministry of Discover
1654,Cleaning & Sanitary Services,2363557,2024-06-21,Supply and delivery of cleaning & sanitary services items,Ministry of Cup
1655,Motor Vehicles & Spare Parts,8606377,2022-07-09,Supply and delivery of motor vehicles & spare parts items,Ministry of Office
1656,Motor Vehicles & Spare Parts,2626297,2024-08-23,Supply and delivery of motor vehicles & spare parts items,Ministry of Plant
1657,ICT Equipment & Software,6128573,2022-04-07,Supply and delivery of ict equipment & software items,Ministry of Happen
1658,Medical Supplies & Pharmaceuticals,5061172,2021-04-04,Supply and delivery of medical supplies & pharmaceuticals items,Ministry of Cut
1659,Cleaning & Sanitary Services,1028864,2025-10-30,Supply and delivery of cleaning & sanitary services items,Ministry of Part
1660,ICT Equipment & Software,13850078,2025-09-23,Supply and delivery of ict equipment & software items,Ministry of Hospital
1661,Motor Vehicles & Spare Parts,8240594,2024-11-17,Supply and delivery of motor vehicles & spare parts items,Ministry of Admit
1662,Medical Supplies & Pharmaceuticals,2566511,2021-10-23,Supply and delivery of medical supplies & pharmaceuticals items,Ministry of Food
1663,Construction & Civil Works,117023583,2023-01-05,Supply and delivery of construction & civil works items,Ministry of Trip
1664,Motor Vehicles & Spare Parts,6535389,2020-09-30,Supply and delivery of motor vehicles & spare parts items,Ministry of Money
1665,Office Stationery & Supplies,7522235,2023-11-22,Supply and delivery of office stationery & supplies items,Ministry of Lose
1666,Construction & Civil Works,297745023,2022-06-26,Supply and delivery of construction & civil works items,Ministry of He
1667,Cleaning & Sanitary Services,776337,2022-02-10,Supply and delivery of cleaning & sanitary services items,Ministry of Occur
1668,ICT Equipment & Software,36077985,2022-07-22,Supply and delivery of ict equipment & software items,Ministry of Southern
1669,Motor Vehicles & Spare Parts,2196419,2022-01-05,Supply and delivery of motor vehicles & spare parts items,Ministry of With
1670,ICT Equipment & Software,37797350,2021-01-20,Supply and delivery of ict equipment & software items,Ministry of Later
1671,Consultancy Services,644344,2022-03-28,Supply and delivery of consultancy services items,Ministry of On
1672,Motor Vehicles & Spare Parts,9592923,2023-07-27,Supply and delivery of motor vehicles & spare parts items,Ministry of Occur
1673,Cleaning & Sanitary Services,8537247,2022-08-13,Supply and delivery of cleaning & sanitary services items,Ministry of Feel
1674,Motor Vehicles & Spare Parts,6830713,2025-01-25,Supply and delivery of motor vehicles & spare parts items,Ministry of Risk
1675,Construction & Civil Works,450192906,2024-01-30,Supply and delivery of construction & civil works items,Ministry of Protect
1676,ICT Equipment & Software,28576568,2021-09-12,Supply and delivery of ict equipment & software items,Ministry of Pressure
1677,Consultancy Services,4476751,2025-08-16,Supply and delivery of consultancy services items,Ministry of Western
1678,Office Stationery & Supplies,4969236,2025-02-20,Supply and delivery of office stationery & supplies items,Ministry of Begin
1679,Cleaning & Sanitary Services,210957,2024-10-31,Supply and delivery of cleaning & sanitary services items,Ministry of Body
1680,Construction & Civil Works,390514128,2020-07-15,Supply and delivery of construction & civil works items,Ministry of Admit
1681,Consultancy Services,5544408,2023-09-12,Supply and delivery of consultancy services items,Ministry of Its
1682,ICT Equipment & Software,29046399,2020-08-15,Supply and delivery of ict equipment & software items,Ministry of So
1683,Construction & Civil Works,272688919,2024-07-05,Supply and delivery of construction & civil works items,Ministry of Within
1684,Construction & Civil Works,403740291,2023-04-08,Supply and delivery of construction & civil works items,Ministry of Property
1685,Construction & Civil Works,483835984,2022-08-31,Supply and delivery of construction & civil works items,Ministry of Party
1686,Consultancy Services,516561,2024-10-31,Supply and delivery of consultancy services items,Ministry of Region
1687,Cleaning & Sanitary Services,8424436,2021-09-27,Supply and delivery of cleaning & sanitary services items,Ministry of Kitchen
1688,Consultancy Services,7256406,2021-04-09,Supply and delivery of consultancy services items,Ministry of Standard
1689,Consultancy Services,7031344,2022-09-23,Supply and delivery of consultancy services items,Ministry of I
1690,ICT Equipment & Software,43964233,2020-09-07,Supply and delivery of ict equipment & software items,Ministry of Total
1691,Medical Supplies & Pharmaceuticals,7473356,2022-10-25,Supply and delivery of medical supplies & pharmaceuticals items,Ministry of Capital
1692,ICT Equipment & Software,42692304,2022-02-07,Supply and delivery of ict equipment & software items,Ministry of Student
1693,Consultancy Services,8725146,2025-06-25,Supply and delivery of consultancy services items,Ministry of Itself
1694,Medical Supplies & Pharmaceuticals,4809751,2025-06-12,Supply and delivery of medical supplies & pharmaceuticals items,Ministry of Quite
1695,Motor Vehicles & Spare Parts,8642314,2024-03-22,Supply and delivery of motor vehicles & spare parts items,Ministry of Sit
1696,Medical Supplies & Pharmaceuticals,6730604,2022-05-17,Supply and delivery of medical supplies & pharmaceuticals items,Ministry of Yard
1697,Motor Vehicles & Spare Parts,927150,2022-03-31,Supply and delivery of motor vehicles & spare parts items,Ministry of Door
1698,Medical Supplies & Pharmaceuticals,1886852,2023-01-17,Supply and delivery of medical supplies & pharmaceuticals items,Ministry of Executive
1699,Motor Vehicles & Spare Parts,7477426,2025-04-11,Supply and delivery of motor vehicles & spare parts items,Ministry of Everything
1700,ICT Equipment & Software,13425465,2021-11-04,Supply and delivery of ict equipment & software items,Ministry of Weight
1701,Construction & Civil Works,290254809,2024-10-08,Supply and delivery of construction & civil works items,Ministry of Join
1702,ICT Equipment & Software,36688251,2024-01-15,Supply and delivery of ict equipment & software items,Ministry of Above
1703,Construction & Civil Works,305013905,2025-05-26,Supply and delivery of construction & civil works items,Ministry of Join
1704,Consultancy Services,475233,2020-03-12,Supply and delivery of consultancy services items,Ministry of Agree
1705,Construction & Civil Works,153384553,2020-12-02,Supply and delivery of construction & civil works items,Ministry of House
1706,Office Stationery & Supplies,2057792,2025-01-16,Supply and delivery of office stationery & supplies items,Ministry of Natural
1707,Medical Supplies & Pharmaceuticals,8712670,2024-12-01,Supply and delivery of medical supplies & pharmaceuticals items,Ministry of Plan
1708,Office Stationery & Supplies,531978,2021-11-26,Supply and delivery of office stationery & supplies items,Ministry of Conference
1709,Construction & Civil Works,427933046,2025-10-02,Supply and delivery of construction & civil works items,Ministry of Law
1710,ICT Equipment & Software,17165954,2021-06-13,Supply and delivery of ict equipment & software items,Ministry of Include
1711,Medical Supplies & Pharmaceuticals,9642499,2021-02-26,Supply and delivery of medical supplies & pharmaceuticals items,Ministry of Quickly
1712,Consultancy Services,9190822,2022-05-11,Supply and delivery of consultancy services items,Ministry of Approach
1713,Cleaning & Sanitary Services,7086595,2024-10-21,Supply and delivery of cleaning & sanitary services items,Ministry of Participant
1714,Consultancy Services,2342365,2022-07-29,Supply and delivery of consultancy services items,Ministry of Wrong
1715,Construction & Civil Works,225174896,2023-10-26,Supply and delivery of construction & civil works items,Ministry of Should
1716,Construction & Civil Works,120432713,2021-01-15,Supply and delivery of construction & civil works items,Ministry of Well
1717,Cleaning & Sanitary Services,8179823,2021-11-28,Supply and delivery of cleaning & sanitary services items,Ministry of Cold
1718,ICT Equipment & Software,23248359,2022-08-16,Supply and delivery of ict equipment & software items,Ministry of Bit
1719,Consultancy Services,6601211,2024-04-04,Supply and delivery of consultancy services items,Ministry of Card
1720,Cleaning & Sanitary Services,8396335,2023-01-09,Supply and delivery of cleaning & sanitary services items,Ministry of Program
1721,Medical Supplies & Pharmaceuticals,6746854,2023-06-18,Supply and delivery of medical supplies & pharmaceuticals items,Ministry of Including
1722,Construction & Civil Works,409268365,2025-01-21,Supply and delivery of construction & civil works items,Ministry of Product
1723,Office Stationery & Supplies,4134649,2025-07-01,Supply and delivery of office stationery & supplies items,Ministry of Third
1724,Cleaning & Sanitary Services,1450816,2023-04-26,Supply and delivery of cleaning & sanitary services items,Ministry of Future
1725,ICT Equipment & Software,48786840,2021-03-22,Supply and delivery of ict equipment & software items,Ministry of Better
1726,Consultancy Services,6867315,2020-02-26,Supply and delivery of consultancy services items,Ministry of Activity
1727,Motor Vehicles & Spare Parts,2921058,2023-10-09,Supply and delivery of motor vehicles & spare parts items,Ministry of Personal
1728,Medical Supplies & Pharmaceuticals,558819,2020-12-01,Supply and delivery of medical supplies & pharmaceuticals items,Ministry of Prepare
1729,Consultancy Services,5453369,2024-03-30,Supply and delivery of consultancy services items,Ministry of Wife
1730,Office Stationery & Supplies,5785645,2025-10-31,Supply and delivery of office stationery & supplies items,Ministry of Owner
1731,Medical Supplies & Pharmaceuticals,5101945,2022-04-17,Supply and delivery of medical supplies & pharmaceuticals items,Ministry of Situation
1732,Medical Supplies & Pharmaceuticals,2154048,2024-05-27,Supply and delivery of medical supplies & pharmaceuticals items,Ministry of Long
1733,Consultancy Services,4838637,2023-10-22,Supply and delivery of consultancy services items,Ministry of Star
1734,Cleaning & Sanitary Services,6172929,2022-02-23,Supply and delivery of cleaning & sanitary services items,Ministry of Education
1735,Medical Supplies & Pharmaceuticals,4151939,2023-11-30,Supply and delivery of medical supplies & pharmaceuticals items,Ministry of Doctor
1736,ICT Equipment & Software,28249097,2021-10-12,Supply and delivery of ict equipment & software items,Ministry of North
1737,Construction & Civil Works,468689814,2025-01-15,Supply and delivery of construction & civil works items,Ministry of She
1738,Motor Vehicles & Spare Parts,7099244,2024-09-05,Supply and delivery of motor vehicles & spare parts items,Ministry of Stock
1739,Motor Vehicles & Spare Parts,4293616,2022-04-08,Supply and delivery of motor vehicles & spare parts items,Ministry of Ever
1740,Cleaning & Sanitary Services,7184335,2023-12-15,Supply and delivery of cleaning & sanitary services items,Ministry of Face
1741,Medical Supplies & Pharmaceuticals,3539187,2020-06-30,Supply and delivery of medical supplies & pharmaceuticals items,Ministry of Charge
1742,Medical Supplies & Pharmaceuticals,6774106,2023-10-06,Supply and delivery of medical supplies & pharmaceuticals items,Ministry of Pull
1743,Cleaning & Sanitary Services,850774,2025-11-27,Supply and delivery of cleaning & sanitary services items,Ministry of Trial
1744,Medical Supplies & Pharmaceuticals,7173575,2020-08-14,Supply and delivery of medical supplies & pharmaceuticals items,Ministry of Machine
1745,ICT Equipment & Software,29106051,2025-07-24,Supply and delivery of ict equipment & software items,Ministry of Can
1746,Cleaning & Sanitary Services,3617778,2020-08-22,Supply and delivery of cleaning & sanitary services items,Ministry of Fear
1747,ICT Equipment & Software,34170652,2021-07-28,Supply and delivery of ict equipment & software items,Ministry of Couple
1748,Cleaning & Sanitary Services,8837925,2020-07-22,Supply and delivery of cleaning & sanitary services items,Ministry of Miss
1749,Consultancy Services,9521077,2025-01-24,Supply and delivery of consultancy services items,Ministry of While
1750,ICT Equipment & Software,14438810,2025-01-10,Supply and delivery of ict equipment & software items,Ministry of Include
1751,Cleaning & Sanitary Services,6997012,2020-08-08,Supply and delivery of cleaning & sanitary services items,Ministry of Stuff
1752,Office Stationery & Supplies,1517191,2020-02-18,Supply and delivery of office stationery & supplies items,Ministry of Back
1753,Motor Vehicles & Spare Parts,3577983,2022-12-01,Supply and delivery of motor vehicles & spare parts items,Ministry of Process
1754,Office Stationery & Supplies,789925,2020-06-16,Supply and delivery of office stationery & supplies items,Ministry of Right
1755,Medical Supplies & Pharmaceuticals,9535754,2022-07-09,Supply and delivery of medical supplies & pharmaceuticals items,Ministry of Voice
1756,Consultancy Services,2781478,2021-11-18,Supply and delivery of consultancy services items,Ministry of When
1757,Office Stationery & Supplies,3093220,2022-09-14,Supply and delivery of office stationery & supplies items,Ministry of College
1758,Office Stationery & Supplies,3032878,2021-01-28,Supply and delivery of office stationery & supplies items,Ministry of Action
1759,Office Stationery & Supplies,6273049,2025-06-02,Supply and delivery of office stationery & supplies items,Ministry of Receive
1760,Consultancy Services,922564,2023-05-27,Supply and delivery of consultancy services items,Ministry of Policy
1761,Construction & Civil Works,49338446,2025-02-15,Supply and delivery of construction & civil works items,Ministry of Buy
1762,Office Stationery & Supplies,5144316,2025-11-08,Supply and delivery of office stationery & supplies items,Ministry of Hand
1763,Cleaning & Sanitary Services,3571888,2022-11-26,Supply and delivery of cleaning & sanitary services items,Ministry of Positive
1764,ICT Equipment & Software,44511924,2023-08-07,Supply and delivery of ict equipment & software items,Ministry of Accept
1765,Consultancy Services,2648600,2020-12-13,Supply and delivery of consultancy services items,Ministry of Site
1766,Office Stationery & Supplies,5298245,2021-07-11,Supply and delivery of office stationery & supplies items,Ministry of Campaign
1767,ICT Equipment & Software,46359287,2021-02-26,Supply and delivery of ict equipment & software items,Ministry of All
1768,Consultancy Services,7841986,2023-03-20,Supply and delivery of consultancy services items,Ministry of National
1769,Motor Vehicles & Spare Parts,2226861,2023-01-26,Supply and delivery of motor vehicles & spare parts items,Ministry of Claim
1770,ICT Equipment & Software,36106155,2021-04-18,Supply and delivery of ict equipment & software items,Ministry of His
1771,Cleaning & Sanitary Services,1148939,2020-09-08,Supply and delivery of cleaning & sanitary services items,Ministry of Director
1772,Motor Vehicles & Spare Parts,4789133,2020-03-05,Supply and delivery of motor vehicles & spare parts items,Ministry of Certainly
1773,ICT Equipment & Software,26062280,2021-04-26,Supply and delivery of ict equipment & software items,Ministry of Should
1774,ICT Equipment & Software,32002969,2024-02-24,Supply and delivery of ict equipment & software items,Ministry of Card
1775,Construction & Civil Works,184921858,2021-08-09,Supply and delivery of construction & civil works items,Ministry of Meet
1776,Cleaning & Sanitary Services,5343762,2021-03-12,Supply and delivery of cleaning & sanitary services items,Ministry of Best
1777,Construction & Civil Works,281667147,2022-02-02,Supply and delivery of construction & civil works items,Ministry of Ok
1778,Motor Vehicles & Spare Parts,9518124,2023-11-29,Supply and delivery of motor vehicles & spare parts items,Ministry of Manage
1779,ICT Equipment & Software,20846985,2024-06-20,Supply and delivery of ict equipment & software items,Ministry of Mission
1780,Consultancy Services,128885,2022-08-13,Supply and delivery of consultancy services items,Ministry of Your
1781,Construction & Civil Works,412243907,2022-05-26,Supply and delivery of construction & civil works items,Ministry of Data
1782,ICT Equipment & Software,38644196,2021-07-01,Supply and delivery of ict equipment & software items,Ministry of Decade
1783,Office Stationery & Supplies,3229985,2024-02-14,Supply and delivery of office stationery & supplies items,Ministry of Very
1784,Medical Supplies & Pharmaceuticals,2218736,2024-04-20,Supply and delivery of medical supplies & pharmaceuticals items,Ministry of Increase
1785,ICT Equipment & Software,19927719,2020-08-13,Supply and delivery of ict equipment & software items,Ministry of Student
1786,Consultancy Services,9917534,2024-08-06,Supply and delivery of consultancy services items,Ministry of Forget
1787,Construction & Civil Works,445101758,2020-12-28,Supply and delivery of construction & civil works items,Ministry of Describe
1788,Medical Supplies & Pharmaceuticals,6562280,2025-09-20,Supply and delivery of medical supplies & pharmaceuticals items,Ministry of Method
1789,ICT Equipment & Software,27633578,2022-08-07,Supply and delivery of ict equipment & software items,Ministry of Like
1790,Medical Supplies & Pharmaceuticals,6326659,2022-07-17,Supply and delivery of medical supplies & pharmaceuticals items,Ministry of Small
1791,ICT Equipment & Software,3281652,2021-08-18,Supply and delivery of ict equipment & software items,Ministry of From
1792,Medical Supplies & Pharmaceuticals,9476775,2023-09-26,Supply and delivery of medical supplies & pharmaceuticals items,Ministry of Policy
1793,Medical Supplies & Pharmaceuticals,8936621,2022-04-19,Supply and delivery of medical supplies & pharmaceuticals items,Ministry of Decision
1794,Cleaning & Sanitary Services,1944053,2023-05-27,Supply and delivery of cleaning & sanitary services items,Ministry of Hour
1795,Consultancy Services,642955,2025-05-21,Supply and delivery of consultancy services items,Ministry of Ten
1796,ICT Equipment & Software,31507197,2020-05-20,Supply and delivery of ict equipment & software items,Ministry of Computer
1797,Motor Vehicles & Spare Parts,3407735,2025-05-02,Supply and delivery of motor vehicles & spare parts items,Ministry of Much
1798,Motor Vehicles & Spare Parts,8861753,2021-07-08,Supply and delivery of motor vehicles & spare parts items,Ministry of It
1799,Cleaning & Sanitary Services,2153413,2021-10-05,Supply and delivery of cleaning & sanitary services items,Ministry of The
1800,Cleaning & Sanitary Services,9174219,2025-04-06,Supply and delivery of cleaning & sanitary services items,Ministry of Nice
1801,Cleaning & Sanitary Services,1757387,2022-02-10,Supply and delivery of cleaning & sanitary services items,Ministry of All
1802,ICT Equipment & Software,42092253,2020-09-08,Supply and delivery of ict equipment & software items,Ministry of Table
1803,ICT Equipment & Software,12467877,2021-12-07,Supply and delivery of ict equipment & software items,Ministry of Street
1804,Construction & Civil Works,276039781,2021-02-11,Supply and delivery of construction & civil works items,Ministry of Else
1805,Office Stationery & Supplies,3883799,2020-06-08,Supply and delivery of office stationery & supplies items,Ministry of Realize
1806,Consultancy Services,3986932,2022-03-25,Supply and delivery of consultancy services items,Ministry of Check
1807,Construction & Civil Works,484360381,2024-09-03,Supply and delivery of construction & civil works items,Ministry of Can
1808,Motor Vehicles & Spare Parts,7617201,2020-01-22,Supply and delivery of motor vehicles & spare parts items,Ministry of Rise
1809,Medical Supplies & Pharmaceuticals,3070424,2020-01-24,Supply and delivery of medical supplies & pharmaceuticals items,Ministry of Get
1810,Medical Supplies & Pharmaceuticals,6692863,2021-04-13,Supply and delivery of medical supplies & pharmaceuticals items,Ministry of Out
1811,Medical Supplies & Pharmaceuticals,6708687,2024-10-08,Supply and delivery of medical supplies & pharmaceuticals items,Ministry of Way
1812,ICT Equipment & Software,32533050,2021-05-24,Supply and delivery of ict equipment & software items,Ministry of Attorney
1813,ICT Equipment & Software,21594509,2022-04-24,Supply and delivery of ict equipment & software items,Ministry of Play
1814,Construction & Civil Works,85518323,2021-04-09,Supply and delivery of construction & civil works items,Ministry of Director
1815,ICT Equipment & Software,42742890,2020-08-13,Supply and delivery of ict equipment & software items,Ministry of Fall
1816,Motor Vehicles & Spare Parts,5704065,2024-04-18,Supply and delivery of motor vehicles & spare parts items,Ministry of Young
1817,Construction & Civil Works,231533555,2025-04-19,Supply and delivery of construction & civil works items,Ministry of Trade
1818,Cleaning & Sanitary Services,403446,2024-01-10,Supply and delivery of cleaning & sanitary services items,Ministry of Painting
1819,Consultancy Services,1498558,2025-05-09,Supply and delivery of consultancy services items,Ministry of Know
1820,Motor Vehicles & Spare Parts,1817479,2024-02-03,Supply and delivery of motor vehicles & spare parts items,Ministry of Learn
1821,Construction & Civil Works,408698900,2021-11-27,Supply and delivery of construction & civil works items,Ministry of Front
1822,ICT Equipment & Software,29760462,2021-03-10,Supply and delivery of ict equipment & software items,Ministry of Appear
1823,Construction & Civil Works,83432484,2024-10-24,Supply and delivery of construction & civil works items,Ministry of Moment
1824,ICT Equipment & Software,32015219,2020-04-12,Supply and delivery of ict equipment & software items,Ministry of Face
1825,Office Stationery & Supplies,6215762,2022-07-11,Supply and delivery of office stationery & supplies items,Ministry of Capital
1826,ICT Equipment & Software,11009308,2022-09-19,Supply and delivery of ict equipment & software items,Ministry of Plant
1827,Cleaning & Sanitary Services,6297649,2021-12-17,Supply and delivery of cleaning & sanitary services items,Ministry of Identify
1828,Cleaning & Sanitary Services,237799,2021-06-02,Supply and delivery of cleaning & sanitary services items,Ministry of Against
1829,Consultancy Services,8670397,2021-09-16,Supply and delivery of consultancy services items,Ministry of Quickly
1830,Medical Supplies & Pharmaceuticals,3917780,2024-09-12,Supply and delivery of medical supplies & pharmaceuticals items,Ministry of Parent
1831,ICT Equipment & Software,4670163,2025-12-04,Supply and delivery of ict equipment & software items,Ministry of Which
1832,Construction & Civil Works,397020106,2022-10-08,Supply and delivery of construction & civil works items,Ministry of Catch
1833,ICT Equipment & Software,6188505,2025-01-18,Supply and delivery of ict equipment & software items,Ministry of Interesting
1834,ICT Equipment & Software,24964547,2020-03-22,Supply and delivery of ict equipment & software items,Ministry of None
1835,Construction & Civil Works,437898990,2025-07-04,Supply and delivery of construction & civil works items,Ministry of Among
1836,Consultancy Services,7173575,2022-01-09,Supply and delivery of consultancy services items,Ministry of Admit
1837,Construction & Civil Works,156207747,2020-06-01,Supply and delivery of construction & civil works items,Ministry of Beyond
1838,ICT Equipment & Software,25283762,2024-12-23,Supply and delivery of ict equipment & software items,Ministry of Just
1839,ICT Equipment & Software,11342852,2024-05-03,Supply and delivery of ict equipment & software items,Ministry of Face
1840,Cleaning & Sanitary Services,6751154,2021-11-25,Supply and delivery of cleaning & sanitary services items,Ministry of Half
1841,ICT Equipment & Software,33900086,2022-05-27,Supply and delivery of ict equipment & software items,Ministry of Only
1842,Office Stationery & Supplies,2970581,2024-08-24,Supply and delivery of office stationery & supplies items,Ministry of Minute
1843,Construction & Civil Works,415773643,2023-09-03,Supply and delivery of construction & civil works items,Ministry of Increase
1844,ICT Equipment & Software,40654932,2021-10-15,Supply and delivery of ict equipment & software items,Ministry of Look
1845,Construction & Civil Works,480170695,2022-12-16,Supply and delivery of construction & civil works items,Ministry of Put
1846,ICT Equipment & Software,28635480,2025-10-20,Supply and delivery of ict equipment & software items,Ministry of Campaign
1847,Consultancy Services,2405433,2025-01-21,Supply and delivery of consultancy services items,Ministry of Writer
1848,Cleaning & Sanitary Services,6026069,2023-09-15,Supply and delivery of cleaning & sanitary services items,Ministry of Air
1849,Consultancy Services,4320242,2021-05-05,Supply and delivery of consultancy services items,Ministry of That
1850,Consultancy Services,6839202,2020-01-23,Supply and delivery of consultancy services items,Ministry of Book
1851,ICT Equipment & Software,37510105,2025-12-16,Supply and delivery of ict equipment & software items,Ministry of Training
1852,ICT Equipment & Software,8105502,2024-02-15,Supply and delivery of ict equipment & software items,Ministry of Least
1853,Medical Supplies & Pharmaceuticals,1831530,2021-05-10,Supply and delivery of medical supplies & pharmaceuticals items,Ministry of Behavior
1854,Medical Supplies & Pharmaceuticals,6873329,2021-02-22,Supply and delivery of medical supplies & pharmaceuticals items,Ministry of Week
1855,Consultancy Services,5652612,2024-11-14,Supply and delivery of consultancy services items,Ministry of Team
1856,Cleaning & Sanitary Services,6929313,2025-06-01,Supply and delivery of cleaning & sanitary services items,Ministry of Accept
1857,Motor Vehicles & Spare Parts,6312695,2025-08-08,Supply and delivery of motor vehicles & spare parts items,Ministry of Trip
1858,Medical Supplies & Pharmaceuticals,4890287,2020-04-25,Supply and delivery of medical supplies & pharmaceuticals items,Ministry of Use
1859,Motor Vehicles & Spare Parts,468893,2024-09-15,Supply and delivery of motor vehicles & spare parts items,Ministry of Bring
1860,Medical Supplies & Pharmaceuticals,5498856,2020-04-15,Supply and delivery of medical supplies & pharmaceuticals items,Ministry of Fly
1861,Motor Vehicles & Spare Parts,4100740,2020-06-13,Supply and delivery of motor vehicles & spare parts items,Ministry of Girl
1862,Consultancy Services,1154212,2024-02-16,Supply and delivery of consultancy services items,Ministry of Strong
1863,Office Stationery & Supplies,3585001,2024-11-15,Supply and delivery of office stationery & supplies items,Ministry of Expect
1864,Medical Supplies & Pharmaceuticals,8772424,2024-03-10,Supply and delivery of medical supplies & pharmaceuticals items,Ministry of Wish
1865,Consultancy Services,4815697,2020-10-28,Supply and delivery of consultancy services items,Ministry of Magazine
1866,Motor Vehicles & Spare Parts,7769510,2020-09-19,Supply and delivery of motor vehicles & spare parts items,Ministry of From
1867,Medical Supplies & Pharmaceuticals,2750527,2025-03-03,Supply and delivery of medical supplies & pharmaceuticals items,Ministry of Some
1868,Office Stationery & Supplies,894878,2023-07-03,Supply and delivery of office stationery & supplies items,Ministry of To
1869,Motor Vehicles & Spare Parts,2037135,2025-10-17,Supply and delivery of motor vehicles & spare parts items,Ministry of Job
1870,Medical Supplies & Pharmaceuticals,8286565,2023-10-27,Supply and delivery of medical supplies & pharmaceuticals items,Ministry of Relate
1871,Construction & Civil Works,365936323,2020-09-25,Supply and delivery of construction & civil works items,Ministry of News
1872,Office Stationery & Supplies,2172171,2021-06-10,Supply and delivery of office stationery & supplies items,Ministry of Mean
1873,ICT Equipment & Software,29314268,2023-12-19,Supply and delivery of ict equipment & software items,Ministry of Fast
1874,Consultancy Services,8481660,2021-12-06,Supply and delivery of consultancy services items,Ministry of Side
1875,Consultancy Services,6212240,2022-11-23,Supply and delivery of consultancy services items,Ministry of Best
1876,Office Stationery & Supplies,8973895,2021-08-01,Supply and delivery of office stationery & supplies items,Ministry of Fine
1877,Consultancy Services,6314294,2024-04-07,Supply and delivery of consultancy services items,Ministry of Head
1878,Office Stationery & Supplies,1860399,2023-05-08,Supply and delivery of office stationery & supplies items,Ministry of Turn
1879,Cleaning & Sanitary Services,6236062,2021-06-15,Supply and delivery of cleaning & sanitary services items,Ministry of Radio
1880,Medical Supplies & Pharmaceuticals,6447572,2024-05-29,Supply and delivery of medical supplies & pharmaceuticals items,Ministry of Describe
1881,ICT Equipment & Software,14163640,2024-03-02,Supply and delivery of ict equipment & software items,Ministry of Bad
1882,Medical Supplies & Pharmaceuticals,2303531,2025-10-30,Supply and delivery of medical supplies & pharmaceuticals items,Ministry of As
1883,ICT Equipment & Software,18346628,2021-04-10,Supply and delivery of ict equipment & software items,Ministry of Religious
1884,Construction & Civil Works,377401883,2021-04-18,Supply and delivery of construction & civil works items,Ministry of Tell
1885,Construction & Civil Works,169768267,2022-04-23,Supply and delivery of construction & civil works items,Ministry of Method
1886,Consultancy Services,7590291,2020-08-17,Supply and delivery of consultancy services items,Ministry of Detail
1887,Cleaning & Sanitary Services,497595,2024-11-18,Supply and delivery of cleaning & sanitary services items,Ministry of Sort
1888,Office Stationery & Supplies,3893092,2023-03-02,Supply and delivery of office stationery & supplies items,Ministry of Town
1889,ICT Equipment & Software,6613100,2021-11-17,Supply and delivery of ict equipment & software items,Ministry of You
1890,Motor Vehicles & Spare Parts,3690511,2021-11-14,Supply and delivery of motor vehicles & spare parts items,Ministry of Long
1891,ICT Equipment & Software,17804141,2023-12-06,Supply and delivery of ict equipment & software items,Ministry of Thus
1892,Office Stationery & Supplies,3025609,2023-01-10,Supply and delivery of office stationery & supplies items,Ministry of Who
1893,Cleaning & Sanitary Services,9245155,2020-10-11,Supply and delivery of cleaning & sanitary services items,Ministry of Whom
1894,Consultancy Services,706752,2022-03-07,Supply and delivery of consultancy services items,Ministry of Local
1895,Motor Vehicles & Spare Parts,6927575,2025-03-16,Supply and delivery of motor vehicles & spare parts items,Ministry of Must
1896,Construction & Civil Works,70782983,2021-03-20,Supply and delivery of construction & civil works items,Ministry of Instead
1897,Consultancy Services,6217682,2021-02-15,Supply and delivery of consultancy services items,Ministry of Fall
1898,ICT Equipment & Software,5658570,2022-07-15,Supply and delivery of ict equipment & software items,Ministry of Rich
1899,Construction & Civil Works,479972814,2021-11-03,Supply and delivery of construction & civil works items,Ministry of True
1900,Cleaning & Sanitary Services,7458862,2023-06-18,Supply and delivery of cleaning & sanitary services items,Ministry of Blue
1901,Consultancy Services,3057532,2020-11-18,Supply and delivery of consultancy services items,Ministry of Under
1902,Office Stationery & Supplies,399189,2020-08-22,Supply and delivery of office stationery & supplies items,Ministry of Break
1903,Office Stationery & Supplies,1659049,2021-06-11,Supply and delivery of office stationery & supplies items,Ministry of Wall
1904,Medical Supplies & Pharmaceuticals,6236821,2022-10-06,Supply and delivery of medical supplies & pharmaceuticals items,Ministry of Example
1905,Medical Supplies & Pharmaceuticals,2474494,2020-03-03,Supply and delivery of medical supplies & pharmaceuticals items,Ministry of Recently
1906,ICT Equipment & Software,1004655,2023-03-09,Supply and delivery of ict equipment & software items,Ministry of He
1907,Medical Supplies & Pharmaceuticals,336824,2021-08-04,Supply and delivery of medical supplies & pharmaceuticals items,Ministry of Within
1908,Motor Vehicles & Spare Parts,9556587,2023-04-20,Supply and delivery of motor vehicles & spare parts items,Ministry of Health
1909,ICT Equipment & Software,21825219,2022-08-03,Supply and delivery of ict equipment & software items,Ministry of City
1910,Consultancy Services,4125282,2022-05-19,Supply and delivery of consultancy services items,Ministry of Lawyer
1911,Construction & Civil Works,436662388,2023-01-17,Supply and delivery of construction & civil works items,Ministry of Argue
1912,ICT Equipment & Software,28392650,2022-08-24,Supply and delivery of ict equipment & software items,Ministry of Hope
1913,Office Stationery & Supplies,193246,2020-08-02,Supply and delivery of office stationery & supplies items,Ministry of Range
1914,Construction & Civil Works,332364598,2022-04-18,Supply and delivery of construction & civil works items,Ministry of Without
1915,ICT Equipment & Software,27095432,2022-07-14,Supply and delivery of ict equipment & software items,Ministry of Financial
1916,Cleaning & Sanitary Services,4163068,2021-02-19,Supply and delivery of cleaning & sanitary services items,Ministry of Control
1917,Construction & Civil Works,40839230,2023-07-25,Supply and delivery of construction & civil works items,Ministry of Next
1918,Consultancy Services,1632337,2023-08-23,Supply and delivery of consultancy services items,Ministry of Natural
1919,Motor Vehicles & Spare Parts,7696713,2022-08-07,Supply and delivery of motor vehicles & spare parts items,Ministry of Responsibility
1920,Medical Supplies & Pharmaceuticals,879105,2020-04-19,Supply and delivery of medical supplies & pharmaceuticals items,Ministry of Energy
1921,ICT Equipment & Software,43360032,2025-10-02,Supply and delivery of ict equipment & software items,Ministry of Discuss
1922,Motor Vehicles & Spare Parts,4613552,2020-09-09,Supply and delivery of motor vehicles & spare parts items,Ministry of Want
1923,Office Stationery & Supplies,9935351,2020-03-19,Supply and delivery of office stationery & supplies items,Ministry of Exactly
1924,Office Stationery & Supplies,6675273,2021-06-07,Supply and delivery of office stationery & supplies items,Ministry of Night
1925,Cleaning & Sanitary Services,4547321,2020-08-09,Supply and delivery of cleaning & sanitary services items,Ministry of Draw
1926,Construction & Civil Works,387014909,2025-04-17,Supply and delivery of construction & civil works items,Ministry of Scene
1927,Cleaning & Sanitary Services,5966645,2024-04-17,Supply and delivery of cleaning & sanitary services items,Ministry of Including
1928,Medical Supplies & Pharmaceuticals,8169552,2022-05-10,Supply and delivery of medical supplies & pharmaceuticals items,Ministry of Discussion
1929,Office Stationery & Supplies,2570856,2024-05-27,Supply and delivery of office stationery & supplies items,Ministry of Until
1930,Medical Supplies & Pharmaceuticals,3239782,2024-02-24,Supply and delivery of medical supplies & pharmaceuticals items,Ministry of Mission
1931,Motor Vehicles & Spare Parts,1750224,2021-03-26,Supply and delivery of motor vehicles & spare parts items,Ministry of Stock
1932,Motor Vehicles & Spare Parts,2330653,2021-03-22,Supply and delivery of motor vehicles & spare parts items,Ministry of Public
1933,Motor Vehicles & Spare Parts,684942,2021-09-22,Supply and delivery of motor vehicles & spare parts items,Ministry of Pick
1934,Motor Vehicles & Spare Parts,1520654,2021-09-22,Supply and delivery of motor vehicles & spare parts items,Ministry of About
1935,Office Stationery & Supplies,8455425,2020-07-25,Supply and delivery of office stationery & supplies items,Ministry of Most
1936,Motor Vehicles & Spare Parts,8837456,2025-06-11,Supply and delivery of motor vehicles & spare parts items,Ministry of Prevent
1937,Medical Supplies & Pharmaceuticals,1581177,2022-11-10,Supply and delivery of medical supplies & pharmaceuticals items,Ministry of Focus
1938,Construction & Civil Works,210319534,2025-02-10,Supply and delivery of construction & civil works items,Ministry of Rise
1939,Consultancy Services,4760110,2021-06-06,Supply and delivery of consultancy services items,Ministry of Forward
1940,Office Stationery & Supplies,6014063,2024-02-02,Supply and delivery of office stationery & supplies items,Ministry of Compare
1941,Cleaning & Sanitary Services,8098883,2021-02-14,Supply and delivery of cleaning & sanitary services items,Ministry of We
1942,Office Stationery & Supplies,8061813,2022-09-24,Supply and delivery of office stationery & supplies items,Ministry of Add
1943,Construction & Civil Works,362440341,2023-12-30,Supply and delivery of construction & civil works items,Ministry of Later
1944,ICT Equipment & Software,15895832,2022-01-01,Supply and delivery of ict equipment & software items,Ministry of Cost
1945,ICT Equipment & Software,21903259,2025-11-04,Supply and delivery of ict equipment & software items,Ministry of Upon
1946,Construction & Civil Works,482389387,2020-06-17,Supply and delivery of construction & civil works items,Ministry of Respond
1947,Motor Vehicles & Spare Parts,1450339,2024-07-23,Supply and delivery of motor vehicles & spare parts items,Ministry of Act
1948,Motor Vehicles & Spare Parts,3834942,2023-07-25,Supply and delivery of motor vehicles & spare parts items,Ministry of Matter
1949,ICT Equipment & Software,9940501,2023-07-01,Supply and delivery of ict equipment & software items,Ministry of Middle
1950,Consultancy Services,3950404,2025-03-28,Supply and delivery of consultancy services items,Ministry of Marriage
1951,Consultancy Services,7892590,2020-08-27,Supply and delivery of consultancy services items,Ministry of Tell
1952,Construction & Civil Works,410474289,2020-02-08,Supply and delivery of construction & civil works items,Ministry of Response
1953,Consultancy Services,1026109,2025-12-09,Supply and delivery of consultancy services items,Ministry of Thing
1954,Consultancy Services,5555249,2021-05-15,Supply and delivery of consultancy services items,Ministry of Most
1955,Cleaning & Sanitary Services,808669,2021-01-01,Supply and delivery of cleaning & sanitary services items,Ministry of Choice
1956,Medical Supplies & Pharmaceuticals,4327939,2024-08-25,Supply and delivery of medical supplies & pharmaceuticals items,Ministry of Black
1957,Medical Supplies & Pharmaceuticals,2696882,2021-10-29,Supply and delivery of medical supplies & pharmaceuticals items,Ministry of Simply
1958,Consultancy Services,9495499,2022-01-05,Supply and delivery of consultancy services items,Ministry of Military
1959,Motor Vehicles & Spare Parts,7533976,2024-05-28,Supply and delivery of motor vehicles & spare parts items,Ministry of Offer
1960,Medical Supplies & Pharmaceuticals,4750100,2021-07-17,Supply and delivery of medical supplies & pharmaceuticals items,Ministry of Message
1961,Medical Supplies & Pharmaceuticals,3761306,2021-07-09,Supply and delivery of medical supplies & pharmaceuticals items,Ministry of Low
1962,ICT Equipment & Software,35051489,2020-01-30,Supply and delivery of ict equipment & software items,Ministry of Head
1963,Consultancy Services,3774153,2021-10-21,Supply and delivery of consultancy services items,Ministry of Goal
1964,Construction & Civil Works,237632268,2025-05-06,Supply and delivery of construction & civil works items,Ministry of Stage
1965,Motor Vehicles & Spare Parts,2312292,2023-12-25,Supply and delivery of motor vehicles & spare parts items,Ministry of Treatment
1966,ICT Equipment & Software,31554217,2025-05-30,Supply and delivery of ict equipment & software items,Ministry of Pick
1967,ICT Equipment & Software,28616325,2022-11-27,Supply and delivery of ict equipment & software items,Ministry of Expect
1968,Office Stationery & Supplies,8774708,2024-02-11,Supply and delivery of office stationery & supplies items,Ministry of Should
1969,Construction & Civil Works,414983579,2023-11-02,Supply and delivery of construction & civil works items,Ministry of Choose
1970,Construction & Civil Works,141687334,2025-11-14,Supply and delivery of construction & civil works items,Ministry of Total
1971,Cleaning & Sanitary Services,3139316,2021-04-27,Supply and delivery of cleaning & sanitary services items,Ministry of Change
1972,Cleaning & Sanitary Services,1385844,2022-02-21,Supply and delivery of cleaning & sanitary services items,Ministry of Allow
1973,Construction & Civil Works,98830920,2021-06-19,Supply and delivery of construction & civil works items,Ministry of Sit
1974,Construction & Civil Works,110164868,2024-03-04,Supply and delivery of construction & civil works items,Ministry of Lawyer
1975,ICT Equipment & Software,41016280,2022-02-26,Supply and delivery of ict equipment & software items,Ministry of Size
1976,Cleaning & Sanitary Services,1585619,2020-07-14,Supply and delivery of cleaning & sanitary services items,Ministry of Wife
1977,Consultancy Services,9688007,2025-09-22,Supply and delivery of consultancy services items,Ministry of Purpose
1978,Cleaning & Sanitary Services,222026,2020-08-24,Supply and delivery of cleaning & sanitary services items,Ministry of Eye
1979,Motor Vehicles & Spare Parts,5222194,2025-04-05,Supply and delivery of motor vehicles & spare parts items,Ministry of Respond
1980,Medical Supplies & Pharmaceuticals,835053,2023-04-08,Supply and delivery of medical supplies & pharmaceuticals items,Ministry of While
1981,Construction & Civil Works,298913021,2022-09-11,Supply and delivery of construction & civil works items,Ministry of Under
1982,Consultancy Services,1758800,2023-02-28,Supply and delivery of consultancy services items,Ministry of Evidence
1983,Medical Supplies & Pharmaceuticals,1907737,2025-06-17,Supply and delivery of medical supplies & pharmaceuticals items,Ministry of Happy
1984,Medical Supplies & Pharmaceuticals,8019710,2025-04-29,Supply and delivery of medical supplies & pharmaceuticals items,Ministry of Include
1985,Cleaning & Sanitary Services,244454,2023-07-14,Supply and delivery of cleaning & sanitary services items,Ministry of You
1986,ICT Equipment & Software,13519354,2025-12-17,Supply and delivery of ict equipment & software items,Ministry of For
1987,Consultancy Services,354043,2021-02-21,Supply and delivery of consultancy services items,Ministry of Particularly
1988,Motor Vehicles & Spare Parts,4914647,2023-02-13,Supply and delivery of motor vehicles & spare parts items,Ministry of Gun
1989,Cleaning & Sanitary Services,5024374,2025-01-01,Supply and delivery of cleaning & sanitary services items,Ministry of Can
1990,Medical Supplies & Pharmaceuticals,1945733,2022-08-07,Supply and delivery of medical supplies & pharmaceuticals items,Ministry of Look
1991,Cleaning & Sanitary Services,8005435,2023-05-26,Supply and delivery of cleaning & sanitary services items,Ministry of Structure
1992,Consultancy Services,9502999,2024-10-02,Supply and delivery of consultancy services items,Ministry of Fight
1993,Consultancy Services,7421105,2020-08-29,Supply and delivery of consultancy services items,Ministry of Across
1994,Motor Vehicles & Spare Parts,5684581,2022-12-29,Supply and delivery of motor vehicles & spare parts items,Ministry of Reveal
1995,Construction & Civil Works,129589660,2020-11-18,Supply and delivery of construction & civil works items,Ministry of Responsibility
1996,Office Stationery & Supplies,8562176,2020-11-25,Supply and delivery of office stationery & supplies items,Ministry of Figure
1997,Construction & Civil Works,381355052,2023-09-28,Supply and delivery of construction & civil works items,Ministry of Red
1998,Office Stationery & Supplies,1299529,2020-12-22,Supply and delivery of office stationery & supplies items,Ministry of Message
1999,Consultancy Services,7152514,2021-09-23,Supply and delivery of consultancy services items,Ministry of Successful
2000,Construction & Civil Works,316607847,2021-10-07,Supply and delivery of construction & civil works items,Ministry of Long
2001,Office Stationery & Supplies,8960286,2020-03-30,Supply and delivery of office stationery & supplies items,Ministry of Fear
2002,Consultancy Services,6117004,2024-12-13,Supply and delivery of consultancy services items,Ministry of Candidate
2003,Motor Vehicles & Spare Parts,597619,2020-04-26,Supply and delivery of motor vehicles & spare parts items,Ministry of Follow
2004,Medical Supplies & Pharmaceuticals,9040203,2020-01-12,Supply and delivery of medical supplies & pharmaceuticals items,Ministry of He
2005,Consultancy Services,7464534,2023-12-17,Supply and delivery of consultancy services items,Ministry of A
2006,Motor Vehicles & Spare Parts,9911141,2020-04-19,Supply and delivery of motor vehicles & spare parts items,Ministry of Certainly
2007,Office Stationery & Supplies,3958804,2022-02-06,Supply and delivery of office stationery & supplies items,Ministry of Federal
2008,Consultancy Services,5312360,2024-09-16,Supply and delivery of consultancy services items,Ministry of Morning
2009,Construction & Civil Works,5928252,2023-12-28,Supply and delivery of construction & civil works items,Ministry of Specific
2010,ICT Equipment & Software,1100338,2023-05-13,Supply and delivery of ict equipment & software items,Ministry of Before
2011,Office Stationery & Supplies,174231,2024-04-11,Supply and delivery of office stationery & supplies items,Ministry of Character
2012,Motor Vehicles & Spare Parts,5646686,2025-12-22,Supply and delivery of motor vehicles & spare parts items,Ministry of Debate
2013,ICT Equipment & Software,33233225,2022-08-04,Supply and delivery of ict equipment & software items,Ministry of Why
2014,Office Stationery & Supplies,2693050,2020-06-25,Supply and delivery of office stationery & supplies items,Ministry of Discuss
2015,Motor Vehicles & Spare Parts,3213534,2020-03-11,Supply and delivery of motor vehicles & spare parts items,Ministry of Worker
2016,Cleaning & Sanitary Services,6553859,2022-02-15,Supply and delivery of cleaning & sanitary services items,Ministry of Task
2017,Office Stationery & Supplies,9568740,2024-01-26,Supply and delivery of office stationery & supplies items,Ministry of Imagine
2018,Motor Vehicles & Spare Parts,9005808,2022-07-14,Supply and delivery of motor vehicles & spare parts items,Ministry of Well
2019,Motor Vehicles & Spare Parts,5224524,2020-08-03,Supply and delivery of motor vehicles & spare parts items,Ministry of Every
2020,Medical Supplies & Pharmaceuticals,3939973,2025-07-09,Supply and delivery of medical supplies & pharmaceuticals items,Ministry of Picture
2021,Construction & Civil Works,448743940,2021-11-11,Supply and delivery of construction & civil works items,Ministry of Organization
2022,Cleaning & Sanitary Services,9717611,2022-08-12,Supply and delivery of cleaning & sanitary services items,Ministry of Type
2023,Medical Supplies & Pharmaceuticals,7328119,2021-12-07,Supply and delivery of medical supplies & pharmaceuticals items,Ministry of Particular
2024,Consultancy Services,3100264,2020-10-31,Supply and delivery of consultancy services items,Ministry of Special
2025,Medical Supplies & Pharmaceuticals,3614674,2021-03-13,Supply and delivery of medical supplies & pharmaceuticals items,Ministry of Central
2026,Cleaning & Sanitary Services,3173961,2022-07-01,Supply and delivery of cleaning & sanitary services items,Ministry of Decision
2027,Construction & Civil Works,189697554,2021-10-21,Supply and delivery of construction & civil works items,Ministry of Bed
2028,Medical Supplies & Pharmaceuticals,2308977,2021-10-13,Supply and delivery of medical supplies & pharmaceuticals items,Ministry of Within
2029,Construction & Civil Works,442424925,2023-10-08,Supply and delivery of construction & civil works items,Ministry of Offer
2030,Office Stationery & Supplies,8444854,2021-02-05,Supply and delivery of office stationery & supplies items,Ministry of Stay
2031,Construction & Civil Works,94019008,2025-04-03,Supply and delivery of construction & civil works items,Ministry of Leave
2032,Motor Vehicles & Spare Parts,6974399,2020-07-29,Supply and delivery of motor vehicles & spare parts items,Ministry of New
2033,Medical Supplies & Pharmaceuticals,5960616,2022-08-26,Supply and delivery of medical supplies & pharmaceuticals items,Ministry of Form
2034,Motor Vehicles & Spare Parts,4992571,2023-01-08,Supply and delivery of motor vehicles & spare parts items,Ministry of Reveal
2035,Medical Supplies & Pharmaceuticals,4591260,2024-04-10,Supply and delivery of medical supplies & pharmaceuticals items,Ministry of Management
2036,Office Stationery & Supplies,9850229,2022-02-15,Supply and delivery of office stationery & supplies items,Ministry of Man
2037,Office Stationery & Supplies,9659250,2022-07-10,Supply and delivery of office stationery & supplies items,Ministry of Item
2038,Consultancy Services,6048491,2022-10-07,Supply and delivery of consultancy services items,Ministry of While
2039,Medical Supplies & Pharmaceuticals,136160,2023-05-09,Supply and delivery of medical supplies & pharmaceuticals items,Ministry of Speak
2040,Consultancy Services,7516240,2022-07-11,Supply and delivery of consultancy services items,Ministry of Someone
2041,Consultancy Services,2662688,2020-11-04,Supply and delivery of consultancy services items,Ministry of What
2042,ICT Equipment & Software,47097166,2021-10-24,Supply and delivery of ict equipment & software items,Ministry of Eight
2043,Office Stationery & Supplies,5574106,2023-06-25,Supply and delivery of office stationery & supplies items,Ministry of Hour
2044,Cleaning & Sanitary Services,5014005,2020-10-05,Supply and delivery of cleaning & sanitary services items,Ministry of Of
2045,ICT Equipment & Software,4999311,2025-05-25,Supply and delivery of ict equipment & software items,Ministry of Understand
2046,Cleaning & Sanitary Services,6456895,2021-10-04,Supply and delivery of cleaning & sanitary services items,Ministry of Someone
2047,Office Stationery & Supplies,745649,2025-01-25,Supply and delivery of office stationery & supplies items,Ministry of Car
2048,Office Stationery & Supplies,6225488,2022-06-01,Supply and delivery of office stationery & supplies items,Ministry of According
2049,Consultancy Services,8518385,2022-10-11,Supply and delivery of consultancy services items,Ministry of Source
2050,Medical Supplies & Pharmaceuticals,3927271,2025-03-31,Supply and delivery of medical supplies & pharmaceuticals items,Ministry of Magazine
2051,Cleaning & Sanitary Services,298110,2025-01-12,Supply and delivery of cleaning & sanitary services items,Ministry of Become
2052,Cleaning & Sanitary Services,4179430,2020-04-29,Supply and delivery of cleaning & sanitary services items,Ministry of Themselves
2053,Medical Supplies & Pharmaceuticals,3832517,2025-11-30,Supply and delivery of medical supplies & pharmaceuticals items,Ministry of Both
2054,Office Stationery & Supplies,7864461,2021-12-31,Supply and delivery of office stationery & supplies items,Ministry of Bill
2055,Motor Vehicles & Spare Parts,8436562,2024-12-05,Supply and delivery of motor vehicles & spare parts items,Ministry of Others
2056,Office Stationery & Supplies,6705188,2022-11-20,Supply and delivery of office stationery & supplies items,Ministry of Glass
2057,Cleaning & Sanitary Services,1799547,2025-03-08,Supply and delivery of cleaning & sanitary services items,Ministry of Campaign
2058,Cleaning & Sanitary Services,4500131,2024-06-10,Supply and delivery of cleaning & sanitary services items,Ministry of Represent
2059,Motor Vehicles & Spare Parts,7738483,2023-01-24,Supply and delivery of motor vehicles & spare parts items,Ministry of Series
2060,Construction & Civil Works,65181915,2020-04-26,Supply and delivery of construction & civil works items,Ministry of Democratic
2061,Medical Supplies & Pharmaceuticals,2150241,2023-02-05,Supply and delivery of medical supplies & pharmaceuticals items,Ministry of Or
2062,Office Stationery & Supplies,5034349,2024-06-10,Supply and delivery of office stationery & supplies items,Ministry of Mission
2063,Cleaning & Sanitary Services,5026622,2020-10-25,Supply and delivery of cleaning & sanitary services items,Ministry of Want
2064,Motor Vehicles & Spare Parts,9111603,2024-01-20,Supply and delivery of motor vehicles & spare parts items,Ministry of Together
2065,Consultancy Services,3862853,2020-12-05,Supply and delivery of consultancy services items,Ministry of Production
2066,Motor Vehicles & Spare Parts,6284398,2021-11-12,Supply and delivery of motor vehicles & spare parts items,Ministry of Write
2067,Construction & Civil Works,449413952,2020-01-15,Supply and delivery of construction & civil works items,Ministry of Memory
2068,Motor Vehicles & Spare Parts,4561918,2023-09-28,Supply and delivery of motor vehicles & spare parts items,Ministry of Deep
2069,Medical Supplies & Pharmaceuticals,1908516,2020-09-08,Supply and delivery of medical supplies & pharmaceuticals items,Ministry of A
2070,Medical Supplies & Pharmaceuticals,3757905,2020-12-01,Supply and delivery of medical supplies & pharmaceuticals items,Ministry of Up
2071,ICT Equipment & Software,26932395,2020-09-22,Supply and delivery of ict equipment & software items,Ministry of Bill
2072,Motor Vehicles & Spare Parts,4210993,2021-06-25,Supply and delivery of motor vehicles & spare parts items,Ministry of Body
2073,ICT Equipment & Software,31478633,2022-11-03,Supply and delivery of ict equipment & software items,Ministry of There
2074,Motor Vehicles & Spare Parts,1817355,2023-01-13,Supply and delivery of motor vehicles & spare parts items,Ministry of Include
2075,ICT Equipment & Software,22325552,2020-05-01,Supply and delivery of ict equipment & software items,Ministry of Campaign
2076,Medical Supplies & Pharmaceuticals,6948829,2021-10-19,Supply and delivery of medical supplies & pharmaceuticals items,Ministry of Member
2077,Construction & Civil Works,395776286,2025-11-23,Supply and delivery of construction & civil works items,Ministry of Ten
2078,Office Stationery & Supplies,8070043,2021-05-29,Supply and delivery of office stationery & supplies items,Ministry of Thus
2079,Office Stationery & Supplies,4785942,2023-04-12,Supply and delivery of office stationery & supplies items,Ministry of Term
2080,ICT Equipment & Software,7349221,2023-09-04,Supply and delivery of ict equipment & software items,Ministry of Leg
2081,ICT Equipment & Software,10776325,2025-02-25,Supply and delivery of ict equipment & software items,Ministry of Practice
2082,Consultancy Services,5683161,2020-09-26,Supply and delivery of consultancy services items,Ministry of Child
2083,Office Stationery & Supplies,239133,2023-10-25,Supply and delivery of office stationery & supplies items,Ministry of Crime
2084,ICT Equipment & Software,10351205,2020-11-06,Supply and delivery of ict equipment & software items,Ministry of Size
2085,ICT Equipment & Software,48352900,2023-12-11,Supply and delivery of ict equipment & software items,Ministry of Conference
2086,ICT Equipment & Software,1899298,2023-01-25,Supply and delivery of ict equipment & software items,Ministry of Scene
2087,Cleaning & Sanitary Services,5957109,2023-04-12,Supply and delivery of cleaning & sanitary services items,Ministry of Maybe
2088,ICT Equipment & Software,41930578,2022-11-18,Supply and delivery of ict equipment & software items,Ministry of Figure
2089,Office Stationery & Supplies,813391,2024-01-02,Supply and delivery of office stationery & supplies items,Ministry of Per
2090,Construction & Civil Works,22114380,2022-12-16,Supply and delivery of construction & civil works items,Ministry of Region
2091,ICT Equipment & Software,3263779,2021-08-25,Supply and delivery of ict equipment & software items,Ministry of Imagine
2092,ICT Equipment & Software,36912646,2024-03-08,Supply and delivery of ict equipment & software items,Ministry of Both
2093,Construction & Civil Works,95805299,2022-10-13,Supply and delivery of construction & civil works items,Ministry of Teach
2094,Cleaning & Sanitary Services,4343780,2022-07-19,Supply and delivery of cleaning & sanitary services items,Ministry of Ahead
2095,ICT Equipment & Software,32247976,2021-09-12,Supply and delivery of ict equipment & software items,Ministry of Camera
2096,Office Stationery & Supplies,5781868,2023-05-21,Supply and delivery of office stationery & supplies items,Ministry of Activity
2097,Office Stationery & Supplies,1355959,2023-06-25,Supply and delivery of office stationery & supplies items,Ministry of Along
2098,Cleaning & Sanitary Services,2213687,2023-11-14,Supply and delivery of cleaning & sanitary services items,Ministry of Walk
2099,Office Stationery & Supplies,1719426,2023-12-10,Supply and delivery of office stationery & supplies items,Ministry of Light
2100,Office Stationery & Supplies,7105351,2020-04-03,Supply and delivery of office stationery & supplies items,Ministry of What
2101,Cleaning & Sanitary Services,5123198,2022-02-16,Supply and delivery of cleaning & sanitary services items,Ministry of Chair
2102,Medical Supplies & Pharmaceuticals,1749959,2022-10-22,Supply and delivery of medical supplies & pharmaceuticals items,Ministry of Several
2103,Consultancy Services,2288077,2022-10-01,Supply and delivery of consultancy services items,Ministry of Act
2104,Cleaning & Sanitary Services,3869484,2025-11-21,Supply and delivery of cleaning & sanitary services items,Ministry of Help
2105,Office Stationery & Supplies,1535367,2023-01-01,Supply and delivery of office stationery & supplies items,Ministry of Traditional
2106,Construction & Civil Works,266587298,2023-01-07,Supply and delivery of construction & civil works items,Ministry of Happy
2107,Construction & Civil Works,333845288,2025-05-31,Supply and delivery of construction & civil works items,Ministry of Network
2108,ICT Equipment & Software,42709016,2022-05-05,Supply and delivery of ict equipment & software items,Ministry of At
2109,Consultancy Services,5487059,2021-01-17,Supply and delivery of consultancy services items,Ministry of Civil
2110,Medical Supplies & Pharmaceuticals,8566602,2022-02-09,Supply and delivery of medical supplies & pharmaceuticals items,Ministry of Serve
2111,Office Stationery & Supplies,2764921,2023-05-18,Supply and delivery of office stationery & supplies items,Ministry of Machine
2112,Cleaning & Sanitary Services,1534730,2024-04-15,Supply and delivery of cleaning & sanitary services items,Ministry of Stop
2113,Motor Vehicles & Spare Parts,4171650,2020-11-02,Supply and delivery of motor vehicles & spare parts items,Ministry of Still
2114,Medical Supplies & Pharmaceuticals,4454489,2024-07-28,Supply and delivery of medical supplies & pharmaceuticals items,Ministry of Floor
2115,Medical Supplies & Pharmaceuticals,2058615,2025-07-16,Supply and delivery of medical supplies & pharmaceuticals items,Ministry of Author
2116,Consultancy Services,6602483,2025-06-30,Supply and delivery of consultancy services items,Ministry of Quite
2117,Motor Vehicles & Spare Parts,7801516,2022-11-25,Supply and delivery of motor vehicles & spare parts items,Ministry of Marriage
2118,Construction & Civil Works,453460600,2023-08-20,Supply and delivery of construction & civil works items,Ministry of Couple
2119,Consultancy Services,1418155,2023-06-16,Supply and delivery of consultancy services items,Ministry of Within
2120,Consultancy Services,4549399,2023-01-15,Supply and delivery of consultancy services items,Ministry of Reason
2121,ICT Equipment & Software,981632,2023-02-25,Supply and delivery of ict equipment & software items,Ministry of Carry
2122,Construction & Civil Works,12723047,2024-03-08,Supply and delivery of construction & civil works items,Ministry of Per
2123,Cleaning & Sanitary Services,8098799,2025-09-23,Supply and delivery of cleaning & sanitary services items,Ministry of Happen
2124,Consultancy Services,9018562,2023-07-04,Supply and delivery of consultancy services items,Ministry of Themselves
2125,Office Stationery & Supplies,7596196,2022-06-03,Supply and delivery of office stationery & supplies items,Ministry of Answer
2126,ICT Equipment & Software,5604138,2020-03-05,Supply and delivery of ict equipment & software items,Ministry of Significant
2127,Cleaning & Sanitary Services,9900518,2020-12-14,Supply and delivery of cleaning & sanitary services items,Ministry of Big
2128,Consultancy Services,126505,2023-12-28,Supply and delivery of consultancy services items,Ministry of Money
2129,ICT Equipment & Software,49182099,2025-08-08,Supply and delivery of ict equipment & software items,Ministry of Maybe
2130,ICT Equipment & Software,31113058,2021-12-10,Supply and delivery of ict equipment & software items,Ministry of Each
2131,Motor Vehicles & Spare Parts,312204,2025-11-20,Supply and delivery of motor vehicles & spare parts items,Ministry of System
2132,Motor Vehicles & Spare Parts,7150305,2025-07-02,Supply and delivery of motor vehicles & spare parts items,Ministry of Stuff
2133,Cleaning & Sanitary Services,9016776,2021-06-02,Supply and delivery of cleaning & sanitary services items,Ministry of We
2134,Motor Vehicles & Spare Parts,1073215,2025-04-13,Supply and delivery of motor vehicles & spare parts items,Ministry of Should
2135,Medical Supplies & Pharmaceuticals,8425857,2025-05-09,Supply and delivery of medical supplies & pharmaceuticals items,Ministry of Someone
2136,ICT Equipment & Software,37739247,2025-11-02,Supply and delivery of ict equipment & software items,Ministry of Win
2137,Construction & Civil Works,236840139,2020-05-21,Supply and delivery of construction & civil works items,Ministry of Population
2138,Motor Vehicles & Spare Parts,4738246,2021-07-02,Supply and delivery of motor vehicles & spare parts items,Ministry of Always
2139,Construction & Civil Works,348922220,2025-01-29,Supply and delivery of construction & civil works items,Ministry of Baby
2140,Office Stationery & Supplies,2631196,2022-08-25,Supply and delivery of office stationery & supplies items,Ministry of House
2141,Motor Vehicles & Spare Parts,3300090,2023-08-21,Supply and delivery of motor vehicles & spare parts items,Ministry of Though
2142,Cleaning & Sanitary Services,4475717,2020-03-05,Supply and delivery of cleaning & sanitary services items,Ministry of Contain
2143,ICT Equipment & Software,39661855,2021-12-04,Supply and delivery of ict equipment & software items,Ministry of Say
2144,Cleaning & Sanitary Services,3040504,2022-09-11,Supply and delivery of cleaning & sanitary services items,Ministry of Cell
2145,Motor Vehicles & Spare Parts,9950716,2025-12-06,Supply and delivery of motor vehicles & spare parts items,Ministry of Painting
2146,Consultancy Services,8157907,2023-05-04,Supply and delivery of consultancy services items,Ministry of Deal
2147,Construction & Civil Works,363043413,2021-07-07,Supply and delivery of construction & civil works items,Ministry of Left
2148,ICT Equipment & Software,8260004,2024-01-27,Supply and delivery of ict equipment & software items,Ministry of Down
2149,Motor Vehicles & Spare Parts,9739077,2021-03-16,Supply and delivery of motor vehicles & spare parts items,Ministry of Color
2150,Cleaning & Sanitary Services,6202493,2022-08-09,Supply and delivery of cleaning & sanitary services items,Ministry of Newspaper
2151,Office Stationery & Supplies,2693449,2024-11-06,Supply and delivery of office stationery & supplies items,Ministry of Dark
2152,Office Stationery & Supplies,1118543,2020-07-07,Supply and delivery of office stationery & supplies items,Ministry of Agent
2153,Medical Supplies & Pharmaceuticals,8873713,2023-10-10,Supply and delivery of medical supplies & pharmaceuticals items,Ministry of Relate
2154,Motor Vehicles & Spare Parts,7204527,2020-07-29,Supply and delivery of motor vehicles & spare parts items,Ministry of Along
2155,Cleaning & Sanitary Services,4327234,2024-11-09,Supply and delivery of cleaning & sanitary services items,Ministry of Walk
2156,ICT Equipment & Software,9637819,2020-01-12,Supply and delivery of ict equipment & software items,Ministry of Staff
2157,ICT Equipment & Software,46393516,2022-06-12,Supply and delivery of ict equipment & software items,Ministry of Office
2158,Construction & Civil Works,78633231,2025-03-09,Supply and delivery of construction & civil works items,Ministry of Grow
2159,Office Stationery & Supplies,2285028,2021-02-10,Supply and delivery of office stationery & supplies items,Ministry of Show
2160,Motor Vehicles & Spare Parts,9026299,2025-09-29,Supply and delivery of motor vehicles & spare parts items,Ministry of Should
2161,Consultancy Services,872838,2023-11-08,Supply and delivery of consultancy services items,Ministry of Model
2162,Consultancy Services,577843,2021-02-20,Supply and delivery of consultancy services items,Ministry of Despite
2163,Consultancy Services,4652538,2023-06-03,Supply and delivery of consultancy services items,Ministry of Matter
2164,Cleaning & Sanitary Services,1925260,2023-01-02,Supply and delivery of cleaning & sanitary services items,Ministry of Heavy
2165,Office Stationery & Supplies,4875833,2023-09-17,Supply and delivery of office stationery & supplies items,Ministry of Operation
2166,Motor Vehicles & Spare Parts,4287694,2025-02-12,Supply and delivery of motor vehicles & spare parts items,Ministry of Suddenly
2167,Consultancy Services,3199834,2020-05-27,Supply and delivery of consultancy services items,Ministry of Late
2168,Cleaning & Sanitary Services,6871158,2023-10-02,Supply and delivery of cleaning & sanitary services items,Ministry of Tv
2169,Medical Supplies & Pharmaceuticals,4399489,2020-06-04,Supply and delivery of medical supplies & pharmaceuticals items,Ministry of Bar
2170,Consultancy Services,3540863,2020-10-05,Supply and delivery of consultancy services items,Ministry of Nation
2171,ICT Equipment & Software,30563151,2021-10-15,Supply and delivery of ict equipment & software items,Ministry of Buy
2172,Motor Vehicles & Spare Parts,8086322,2022-12-28,Supply and delivery of motor vehicles & spare parts items,Ministry of Approach
2173,Construction & Civil Works,251308415,2023-08-10,Supply and delivery of construction & civil works items,Ministry of Give
2174,Consultancy Services,4902738,2020-02-19,Supply and delivery of consultancy services items,Ministry of Term
2175,Motor Vehicles & Spare Parts,6879651,2025-08-22,Supply and delivery of motor vehicles & spare parts items,Ministry of Win
2176,Cleaning & Sanitary Services,7971490,2024-12-19,Supply and delivery of cleaning & sanitary services items,Ministry of In
2177,Consultancy Services,4329491,2024-03-20,Supply and delivery of consultancy services items,Ministry of Author
2178,Office Stationery & Supplies,5283584,2025-03-26,Supply and delivery of office stationery & supplies items,Ministry of Coach
2179,Cleaning & Sanitary Services,6011993,2025-10-22,Supply and delivery of cleaning & sanitary services items,Ministry of Bad
2180,Office Stationery & Supplies,1618560,2023-03-16,Supply and delivery of office stationery & supplies items,Ministry of Effort
2181,Consultancy Services,7169222,2025-02-12,Supply and delivery of consultancy services items,Ministry of Work
2182,Motor Vehicles & Spare Parts,641797,2023-09-01,Supply and delivery of motor vehicles & spare parts items,Ministry of Forget
2183,Cleaning & Sanitary Services,9180897,2022-05-24,Supply and delivery of cleaning & sanitary services items,Ministry of Art
2184,Office Stationery & Supplies,8405827,2023-04-11,Supply and delivery of office stationery & supplies items,Ministry of Wait
2185,Office Stationery & Supplies,5536526,2020-08-30,Supply and delivery of office stationery & supplies items,Ministry of Market
2186,ICT Equipment & Software,19073434,2025-08-14,Supply and delivery of ict equipment & software items,Ministry of Everyone
2187,Construction & Civil Works,66104574,2023-12-02,Supply and delivery of construction & civil works items,Ministry of Alone
2188,Office Stationery & Supplies,652226,2022-01-10,Supply and delivery of office stationery & supplies items,Ministry of Every
2189,Motor Vehicles & Spare Parts,5198907,2021-03-15,Supply and delivery of motor vehicles & spare parts items,Ministry of View
2190,Motor Vehicles & Spare Parts,9769504,2024-08-02,Supply and delivery of motor vehicles & spare parts items,Ministry of Chair
2191,Construction & Civil Works,12707690,2021-03-23,Supply and delivery of construction & civil works items,Ministry of Technology
2192,Cleaning & Sanitary Services,3903074,2024-05-26,Supply and delivery of cleaning & sanitary services items,Ministry of Window
2193,Motor Vehicles & Spare Parts,9426801,2024-07-17,Supply and delivery of motor vehicles & spare parts items,Ministry of While
2194,Cleaning & Sanitary Services,9894027,2025-04-08,Supply and delivery of cleaning & sanitary services items,Ministry of Eat
2195,Consultancy Services,3607145,2022-12-17,Supply and delivery of consultancy services items,Ministry of Support
2196,Consultancy Services,4882337,2025-09-08,Supply and delivery of consultancy services items,Ministry of West
2197,ICT Equipment & Software,1680859,2023-08-29,Supply and delivery of ict equipment & software items,Ministry of Thing
2198,Cleaning & Sanitary Services,6833214,2024-08-04,Supply and delivery of cleaning & sanitary services items,Ministry of Also
2199,ICT Equipment & Software,41495953,2022-01-27,Supply and delivery of ict equipment & software items,Ministry of Avoid
2200,Medical Supplies & Pharmaceuticals,8177813,2025-09-12,Supply and delivery of medical supplies & pharmaceuticals items,Ministry of Piece
2201,Consultancy Services,9950350,2024-06-07,Supply and delivery of consultancy services items,Ministry of Woman
2202,Cleaning & Sanitary Services,3041616,2020-06-25,Supply and delivery of cleaning & sanitary services items,Ministry of Ok
2203,Office Stationery & Supplies,5704297,2022-11-14,Supply and delivery of office stationery & supplies items,Ministry of Carry
2204,Consultancy Services,2178937,2021-08-15,Supply and delivery of consultancy services items,Ministry of Analysis
2205,Consultancy Services,9015948,2020-08-15,Supply and delivery of consultancy services items,Ministry of Model
2206,ICT Equipment & Software,43690526,2023-01-17,Supply and delivery of ict equipment & software items,Ministry of Rate
2207,Medical Supplies & Pharmaceuticals,1179037,2022-02-06,Supply and delivery of medical supplies & pharmaceuticals items,Ministry of Mean
2208,Motor Vehicles & Spare Parts,4251951,2021-10-26,Supply and delivery of motor vehicles & spare parts items,Ministry of To
2209,Construction & Civil Works,56187343,2025-04-04,Supply and delivery of construction & civil works items,Ministry of Drive
2210,Consultancy Services,3931854,2020-02-16,Supply and delivery of consultancy services items,Ministry of Around
2211,Motor Vehicles & Spare Parts,690348,2020-02-27,Supply and delivery of motor vehicles & spare parts items,Ministry of Station
2212,Motor Vehicles & Spare Parts,7795082,2024-11-12,Supply and delivery of motor vehicles & spare parts items,Ministry of Nor
2213,Consultancy Services,9397729,2023-08-25,Supply and delivery of consultancy services items,Ministry of Hundred
2214,Cleaning & Sanitary Services,4166981,2024-02-03,Supply and delivery of cleaning & sanitary services items,Ministry of Sing
2215,ICT Equipment & Software,44652505,2020-02-09,Supply and delivery of ict equipment & software items,Ministry of Meet
2216,Cleaning & Sanitary Services,2283525,2020-04-24,Supply and delivery of cleaning & sanitary services items,Ministry of Space
2217,Cleaning & Sanitary Services,793464,2022-04-06,Supply and delivery of cleaning & sanitary services items,Ministry of Car
2218,Office Stationery & Supplies,1677415,2022-07-30,Supply and delivery of office stationery & supplies items,Ministry of Late
2219,Construction & Civil Works,222199220,2023-04-19,Supply and delivery of construction & civil works items,Ministry of Business
2220,Motor Vehicles & Spare Parts,4768223,2022-08-17,Supply and delivery of motor vehicles & spare parts items,Ministry of Watch
2221,Cleaning & Sanitary Services,1458356,2023-09-10,Supply and delivery of cleaning & sanitary services items,Ministry of Well
2222,Office Stationery & Supplies,9304725,2022-03-16,Supply and delivery of office stationery & supplies items,Ministry of Daughter
2223,Motor Vehicles & Spare Parts,6742516,2022-01-21,Supply and delivery of motor vehicles & spare parts items,Ministry of Why
2224,Medical Supplies & Pharmaceuticals,9998247,2020-05-06,Supply and delivery of medical supplies & pharmaceuticals items,Ministry of Each
2225,ICT Equipment & Software,2836798,2020-07-20,Supply and delivery of ict equipment & software items,Ministry of Action
2226,ICT Equipment & Software,49570684,2021-05-12,Supply and delivery of ict equipment & software items,Ministry of Small
2227,Construction & Civil Works,397359182,2024-07-06,Supply and delivery of construction & civil works items,Ministry of System
2228,Cleaning & Sanitary Services,1834428,2024-10-03,Supply and delivery of cleaning & sanitary services items,Ministry of Out
2229,Cleaning & Sanitary Services,3244787,2020-04-10,Supply and delivery of cleaning & sanitary services items,Ministry of Suffer
2230,Consultancy Services,2912789,2020-02-02,Supply and delivery of consultancy services items,Ministry of Service
2231,Consultancy Services,8092726,2021-07-01,Supply and delivery of consultancy services items,Ministry of Art
2232,Construction & Civil Works,393042471,2020-06-16,Supply and delivery of construction & civil works items,Ministry of Card
2233,Consultancy Services,8145391,2022-08-18,Supply and delivery of consultancy services items,Ministry of Fear
2234,Cleaning & Sanitary Services,9246779,2020-04-05,Supply and delivery of cleaning & sanitary services items,Ministry of Hard
2235,Cleaning & Sanitary Services,9656340,2023-08-12,Supply and delivery of cleaning & sanitary services items,Ministry of Voice
2236,Construction & Civil Works,182651192,2021-06-19,Supply and delivery of construction & civil works items,Ministry of Final
2237,Construction & Civil Works,151279672,2020-10-11,Supply and delivery of construction & civil works items,Ministry of Information
2238,Motor Vehicles & Spare Parts,3430263,2022-11-14,Supply and delivery of motor vehicles & spare parts items,Ministry of Can
2239,Consultancy Services,3765842,2023-12-09,Supply and delivery of consultancy services items,Ministry of Ball
2240,Construction & Civil Works,7791338,2021-07-02,Supply and delivery of construction & civil works items,Ministry of Of
2241,Medical Supplies & Pharmaceuticals,3437031,2021-03-27,Supply and delivery of medical supplies & pharmaceuticals items,Ministry of Season
2242,Motor Vehicles & Spare Parts,8334025,2024-05-29,Supply and delivery of motor vehicles & spare parts items,Ministry of Heavy
2243,Medical Supplies & Pharmaceuticals,4868026,2025-05-20,Supply and delivery of medical supplies & pharmaceuticals items,Ministry of Town
2244,ICT Equipment & Software,21360717,2021-04-27,Supply and delivery of ict equipment & software items,Ministry of Sell
2245,ICT Equipment & Software,19057464,2021-10-25,Supply and delivery of ict equipment & software items,Ministry of Hit
2246,Construction & Civil Works,471433908,2024-09-05,Supply and delivery of construction & civil works items,Ministry of Final
2247,Office Stationery & Supplies,7809824,2025-03-18,Supply and delivery of office stationery & supplies items,Ministry of Election
2248,Motor Vehicles & Spare Parts,4895817,2023-02-28,Supply and delivery of motor vehicles & spare parts items,Ministry of Example
2249,Medical Supplies & Pharmaceuticals,879957,2021-11-29,Supply and delivery of medical supplies & pharmaceuticals items,Ministry of Number
2250,Consultancy Services,1607394,2023-01-08,Supply and delivery of consultancy services items,Ministry of Arm
2251,Cleaning & Sanitary Services,2812188,2022-01-29,Supply and delivery of cleaning & sanitary services items,Ministry of Item
2252,ICT Equipment & Software,38768229,2024-03-25,Supply and delivery of ict equipment & software items,Ministry of Pretty
2253,Consultancy Services,1010913,2022-12-01,Supply and delivery of consultancy services items,Ministry of Bar
2254,ICT Equipment & Software,1153817,2021-03-21,Supply and delivery of ict equipment & software items,Ministry of Certain
2255,ICT Equipment & Software,27701110,2025-01-17,Supply and delivery of ict equipment & software items,Ministry of Near
2256,ICT Equipment & Software,40610283,2021-05-20,Supply and delivery of ict equipment & software items,Ministry of Site
2257,Cleaning & Sanitary Services,6228420,2023-04-26,Supply and delivery of cleaning & sanitary services items,Ministry of Can
2258,Medical Supplies & Pharmaceuticals,4774071,2022-03-26,Supply and delivery of medical supplies & pharmaceuticals items,Ministry of Team
2259,Medical Supplies & Pharmaceuticals,7238512,2024-09-22,Supply and delivery of medical supplies & pharmaceuticals items,Ministry of Also
2260,Office Stationery & Supplies,4136480,2025-11-12,Supply and delivery of office stationery & supplies items,Ministry of Say
2261,Consultancy Services,9435411,2022-08-22,Supply and delivery of consultancy services items,Ministry of South
2262,Consultancy Services,7263357,2022-09-21,Supply and delivery of consultancy services items,Ministry of Build
2263,Construction & Civil Works,183256366,2020-02-16,Supply and delivery of construction & civil works items,Ministry of Think
2264,Office Stationery & Supplies,5609165,2020-03-14,Supply and delivery of office stationery & supplies items,Ministry of Fall
2265,Motor Vehicles & Spare Parts,568298,2023-07-12,Supply and delivery of motor vehicles & spare parts items,Ministry of First
2266,Cleaning & Sanitary Services,670303,2024-12-17,Supply and delivery of cleaning & sanitary services items,Ministry of Become
2267,Medical Supplies & Pharmaceuticals,5270988,2020-05-10,Supply and delivery of medical supplies & pharmaceuticals items,Ministry of Top
2268,ICT Equipment & Software,37391072,2023-08-28,Supply and delivery of ict equipment & software items,Ministry of Mission
2269,Motor Vehicles & Spare Parts,5100738,2020-02-11,Supply and delivery of motor vehicles & spare parts items,Ministry of Idea
2270,Medical Supplies & Pharmaceuticals,7095919,2022-04-22,Supply and delivery of medical supplies & pharmaceuticals items,Ministry of Another
2271,Office Stationery & Supplies,6098544,2021-05-06,Supply and delivery of office stationery & supplies items,Ministry of Hundred
2272,Office Stationery & Supplies,2442094,2021-02-08,Supply and delivery of office stationery & supplies items,Ministry of Lawyer
2273,Motor Vehicles & Spare Parts,2945376,2023-03-12,Supply and delivery of motor vehicles & spare parts items,Ministry of Recent
2274,Motor Vehicles & Spare Parts,5336441,2021-10-30,Supply and delivery of motor vehicles & spare parts items,Ministry of Number
2275,Office Stationery & Supplies,6442211,2024-07-29,Supply and delivery of office stationery & supplies items,Ministry of Write
2276,Office Stationery & Supplies,9690596,2020-02-26,Supply and delivery of office stationery & supplies items,Ministry of Politics
2277,Office Stationery & Supplies,5931052,2024-07-11,Supply and delivery of office stationery & supplies items,Ministry of Great
2278,ICT Equipment & Software,10478954,2025-07-14,Supply and delivery of ict equipment & software items,Ministry of Whatever
2279,ICT Equipment & Software,46877961,2021-07-29,Supply and delivery of ict equipment & software items,Ministry of Some
2280,ICT Equipment & Software,9494006,2023-07-18,Supply and delivery of ict equipment & software items,Ministry of Sometimes
2281,Motor Vehicles & Spare Parts,3422918,2020-02-29,Supply and delivery of motor vehicles & spare parts items,Ministry of She
2282,Office Stationery & Supplies,5035371,2024-12-21,Supply and delivery of office stationery & supplies items,Ministry of Leader
2283,Motor Vehicles & Spare Parts,5616825,2025-03-11,Supply and delivery of motor vehicles & spare parts items,Ministry of Stay
2284,Construction & Civil Works,449421988,2024-05-16,Supply and delivery of construction & civil works items,Ministry of Simply
2285,Motor Vehicles & Spare Parts,3259016,2024-07-06,Supply and delivery of motor vehicles & spare parts items,Ministry of Surface
2286,Motor Vehicles & Spare Parts,3453030,2020-08-27,Supply and delivery of motor vehicles & spare parts items,Ministry of Important
2287,Medical Supplies & Pharmaceuticals,1738004,2025-09-17,Supply and delivery of medical supplies & pharmaceuticals items,Ministry of Work
2288,Medical Supplies & Pharmaceuticals,4561595,2024-01-25,Supply and delivery of medical supplies & pharmaceuticals items,Ministry of Town
2289,Consultancy Services,3560096,2025-12-11,Supply and delivery of consultancy services items,Ministry of Nor
2290,Medical Supplies & Pharmaceuticals,3546839,2022-10-12,Supply and delivery of medical supplies & pharmaceuticals items,Ministry of Page
2291,Office Stationery & Supplies,8267197,2024-04-24,Supply and delivery of office stationery & supplies items,Ministry of Specific
2292,Cleaning & Sanitary Services,1661014,2023-02-10,Supply and delivery of cleaning & sanitary services items,Ministry of Commercial
2293,Construction & Civil Works,68497807,2025-10-05,Supply and delivery of construction & civil works items,Ministry of Manage
2294,ICT Equipment & Software,3757983,2024-06-21,Supply and delivery of ict equipment & software items,Ministry of Window
2295,Office Stationery & Supplies,6173877,2021-06-05,Supply and delivery of office stationery & supplies items,Ministry of Whatever
2296,Office Stationery & Supplies,8133651,2020-02-03,Supply and delivery of office stationery & supplies items,Ministry of Successful
2297,Consultancy Services,8748035,2024-02-04,Supply and delivery of consultancy services items,Ministry of Eye
2298,Medical Supplies & Pharmaceuticals,3731171,2020-07-06,Supply and delivery of medical supplies & pharmaceuticals items,Ministry of Enjoy
2299,Medical Supplies & Pharmaceuticals,5076820,2024-08-17,Supply and delivery of medical supplies & pharmaceuticals items,Ministry of Find
2300,ICT Equipment & Software,44800721,2022-01-09,Supply and delivery of ict equipment & software items,Ministry of Indicate
2301,Construction & Civil Works,165097813,2020-03-25,Supply and delivery of construction & civil works items,Ministry of Eye
2302,ICT Equipment & Software,23045428,2022-03-03,Supply and delivery of ict equipment & software items,Ministry of Receive
2303,Medical Supplies & Pharmaceuticals,124363,2021-07-02,Supply and delivery of medical supplies & pharmaceuticals items,Ministry of Read
2304,Motor Vehicles & Spare Parts,8883406,2024-11-10,Supply and delivery of motor vehicles & spare parts items,Ministry of Political
2305,Motor Vehicles & Spare Parts,5278652,2020-01-28,Supply and delivery of motor vehicles & spare parts items,Ministry of Food
2306,Cleaning & Sanitary Services,1485049,2023-05-30,Supply and delivery of cleaning & sanitary services items,Ministry of Full
2307,Consultancy Services,5667248,2025-01-05,Supply and delivery of consultancy services items,Ministry of Throw
2308,Medical Supplies & Pharmaceuticals,1645288,2021-01-26,Supply and delivery of medical supplies & pharmaceuticals items,Ministry of Maintain
2309,Motor Vehicles & Spare Parts,8282320,2020-02-07,Supply and delivery of motor vehicles & spare parts items,Ministry of Act
2310,Consultancy Services,1695123,2022-10-18,Supply and delivery of consultancy services items,Ministry of Her
2311,Cleaning & Sanitary Services,9437741,2022-11-18,Supply and delivery of cleaning & sanitary services items,Ministry of Three
2312,Office Stationery & Supplies,8939008,2023-05-04,Supply and delivery of office stationery & supplies items,Ministry of Issue
2313,Office Stationery & Supplies,6230158,2020-05-08,Supply and delivery of office stationery & supplies items,Ministry of Wrong
2314,Office Stationery & Supplies,7319155,2020-06-23,Supply and delivery of office stationery & supplies items,Ministry of Watch
2315,ICT Equipment & Software,21384776,2023-08-30,Supply and delivery of ict equipment & software items,Ministry of Former
2316,Office Stationery & Supplies,7093018,2025-09-19,Supply and delivery of office stationery & supplies items,Ministry of Let
2317,Consultancy Services,3110129,2021-01-28,Supply and delivery of consultancy services items,Ministry of Space
2318,Medical Supplies & Pharmaceuticals,7526187,2024-09-19,Supply and delivery of medical supplies & pharmaceuticals items,Ministry of Event
2319,Consultancy Services,2055206,2025-03-19,Supply and delivery of consultancy services items,Ministry of Care
2320,Cleaning & Sanitary Services,1238422,2021-05-13,Supply and delivery of cleaning & sanitary services items,Ministry of Contain
2321,Medical Supplies & Pharmaceuticals,7732738,2020-11-17,Supply and delivery of medical supplies & pharmaceuticals items,Ministry of Prepare
2322,Consultancy Services,1864688,2023-12-08,Supply and delivery of consultancy services items,Ministry of Early
2323,ICT Equipment & Software,14462313,2020-09-07,Supply and delivery of ict equipment & software items,Ministry of American
2324,Office Stationery & Supplies,4614153,2021-02-07,Supply and delivery of office stationery & supplies items,Ministry of Move
2325,Construction & Civil Works,17186528,2025-02-28,Supply and delivery of construction & civil works items,Ministry of Particularly
2326,Medical Supplies & Pharmaceuticals,3872515,2021-11-26,Supply and delivery of medical supplies & pharmaceuticals items,Ministry of On
2327,ICT Equipment & Software,10688808,2024-04-20,Supply and delivery of ict equipment & software items,Ministry of Ask
2328,Cleaning & Sanitary Services,8913240,2025-09-16,Supply and delivery of cleaning & sanitary services items,Ministry of Event
2329,Consultancy Services,1672732,2025-11-06,Supply and delivery of consultancy services items,Ministry of Admit
2330,ICT Equipment & Software,10398445,2024-01-26,Supply and delivery of ict equipment & software items,Ministry of Toward
2331,Construction & Civil Works,35719118,2025-02-04,Supply and delivery of construction & civil works items,Ministry of Now
2332,Cleaning & Sanitary Services,2840855,2024-04-22,Supply and delivery of cleaning & sanitary services items,Ministry of Plan
2333,ICT Equipment & Software,37804654,2021-05-29,Supply and delivery of ict equipment & software items,Ministry of Boy
2334,Consultancy Services,7630577,2020-06-18,Supply and delivery of consultancy services items,Ministry of Life
2335,ICT Equipment & Software,24000216,2020-09-04,Supply and delivery of ict equipment & software items,Ministry of Bank
2336,Construction & Civil Works,318547947,2021-06-03,Supply and delivery of construction & civil works items,Ministry of Gas
2337,Motor Vehicles & Spare Parts,2918767,2023-06-03,Supply and delivery of motor vehicles & spare parts items,Ministry of Themselves
2338,Office Stationery & Supplies,5964049,2024-12-07,Supply and delivery of office stationery & supplies items,Ministry of Just
2339,Cleaning & Sanitary Services,9058825,2020-06-05,Supply and delivery of cleaning & sanitary services items,Ministry of Last
2340,Cleaning & Sanitary Services,5631052,2025-04-02,Supply and delivery of cleaning & sanitary services items,Ministry of Character
2341,ICT Equipment & Software,14735345,2020-02-24,Supply and delivery of ict equipment & software items,Ministry of Policy
2342,ICT Equipment & Software,17701406,2024-09-22,Supply and delivery of ict equipment & software items,Ministry of Government
2343,Medical Supplies & Pharmaceuticals,3572696,2025-11-06,Supply and delivery of medical supplies & pharmaceuticals items,Ministry of Watch
2344,Cleaning & Sanitary Services,2697979,2023-11-29,Supply and delivery of cleaning & sanitary services items,Ministry of Many
2345,Medical Supplies & Pharmaceuticals,7624132,2025-08-26,Supply and delivery of medical supplies & pharmaceuticals items,Ministry of Financial
2346,Medical Supplies & Pharmaceuticals,2204417,2023-09-24,Supply and delivery of medical supplies & pharmaceuticals items,Ministry of College
2347,Medical Supplies & Pharmaceuticals,5549604,2022-03-17,Supply and delivery of medical supplies & pharmaceuticals items,Ministry of Fill
2348,Cleaning & Sanitary Services,998628,2025-07-31,Supply and delivery of cleaning & sanitary services items,Ministry of Which
2349,Motor Vehicles & Spare Parts,2496716,2023-07-19,Supply and delivery of motor vehicles & spare parts items,Ministry of Born
2350,Construction & Civil Works,270267433,2023-08-27,Supply and delivery of construction & civil works items,Ministry of System
2351,Construction & Civil Works,217270717,2021-11-17,Supply and delivery of construction & civil works items,Ministry of Senior
2352,Office Stationery & Supplies,9834257,2024-09-06,Supply and delivery of office stationery & supplies items,Ministry of Movie
2353,Medical Supplies & Pharmaceuticals,2157244,2024-09-12,Supply and delivery of medical supplies & pharmaceuticals items,Ministry of Seem
2354,Office Stationery & Supplies,2807929,2022-01-23,Supply and delivery of office stationery & supplies items,Ministry of Dinner
2355,Construction & Civil Works,50791484,2022-04-10,Supply and delivery of construction & civil works items,Ministry of Pass
2356,Cleaning & Sanitary Services,4372513,2020-03-12,Supply and delivery of cleaning & sanitary services items,Ministry of She
2357,Cleaning & Sanitary Services,4225186,2020-11-24,Supply and delivery of cleaning & sanitary services items,Ministry of Sound
2358,Cleaning & Sanitary Services,9112760,2025-12-26,Supply and delivery of cleaning & sanitary services items,Ministry of Bar
2359,Office Stationery & Supplies,7838667,2025-09-23,Supply and delivery of office stationery & supplies items,Ministry of Worry
2360,Office Stationery & Supplies,2404310,2025-12-14,Supply and delivery of office stationery & supplies items,Ministry of Other
2361,Motor Vehicles & Spare Parts,1076264,2023-01-08,Supply and delivery of motor vehicles & spare parts items,Ministry of Paper
2362,ICT Equipment & Software,33007324,2023-10-13,Supply and delivery of ict equipment & software items,Ministry of Similar
2363,Cleaning & Sanitary Services,8423880,2022-07-05,Supply and delivery of cleaning & sanitary services items,Ministry of Significant
2364,Medical Supplies & Pharmaceuticals,4028094,2020-09-22,Supply and delivery of medical supplies & pharmaceuticals items,Ministry of Unit
2365,Medical Supplies & Pharmaceuticals,5895886,2023-03-02,Supply and delivery of medical supplies & pharmaceuticals items,Ministry of Approach
2366,ICT Equipment & Software,40585855,2023-08-23,Supply and delivery of ict equipment & software items,Ministry of Receive
2367,ICT Equipment & Software,39239788,2023-02-23,Supply and delivery of ict equipment & software items,Ministry of Let
2368,Cleaning & Sanitary Services,2565849,2021-11-25,Supply and delivery of cleaning & sanitary services items,Ministry of Day
2369,ICT Equipment & Software,23944267,2025-01-05,Supply and delivery of ict equipment & software items,Ministry of Finally
2370,ICT Equipment & Software,9470922,2025-06-19,Supply and delivery of ict equipment & software items,Ministry of Get
2371,Motor Vehicles & Spare Parts,8007288,2021-06-16,Supply and delivery of motor vehicles & spare parts items,Ministry of Special
2372,ICT Equipment & Software,645693,2025-11-11,Supply and delivery of ict equipment & software items,Ministry of During
2373,Motor Vehicles & Spare Parts,9399397,2022-09-25,Supply and delivery of motor vehicles & spare parts items,Ministry of Smile
2374,Cleaning & Sanitary Services,661548,2025-10-31,Supply and delivery of cleaning & sanitary services items,Ministry of Room
2375,Office Stationery & Supplies,8163001,2021-06-12,Supply and delivery of office stationery & supplies items,Ministry of Significant
2376,Construction & Civil Works,288711613,2025-09-29,Supply and delivery of construction & civil works items,Ministry of It
2377,Consultancy Services,4479845,2022-03-03,Supply and delivery of consultancy services items,Ministry of He
2378,Office Stationery & Supplies,7250265,2023-05-12,Supply and delivery of office stationery & supplies items,Ministry of Ball
2379,Construction & Civil Works,54802025,2025-06-26,Supply and delivery of construction & civil works items,Ministry of Ready
2380,Medical Supplies & Pharmaceuticals,3477136,2022-11-26,Supply and delivery of medical supplies & pharmaceuticals items,Ministry of Drug
2381,Medical Supplies & Pharmaceuticals,4877830,2022-09-10,Supply and delivery of medical supplies & pharmaceuticals items,Ministry of Kid
2382,ICT Equipment & Software,48315641,2021-05-18,Supply and delivery of ict equipment & software items,Ministry of Their
2383,ICT Equipment & Software,16335732,2024-12-16,Supply and delivery of ict equipment & software items,Ministry of Car
2384,Medical Supplies & Pharmaceuticals,6359635,2025-07-21,Supply and delivery of medical supplies & pharmaceuticals items,Ministry of Election
2385,Cleaning & Sanitary Services,9119066,2024-08-28,Supply and delivery of cleaning & sanitary services items,Ministry of Involve
2386,Cleaning & Sanitary Services,2544913,2024-01-16,Supply and delivery of cleaning & sanitary services items,Ministry of Reduce
2387,Office Stationery & Supplies,7231390,2020-10-29,Supply and delivery of office stationery & supplies items,Ministry of Ever
2388,Consultancy Services,3909821,2024-10-09,Supply and delivery of consultancy services items,Ministry of Growth
2389,ICT Equipment & Software,27391064,2021-11-18,Supply and delivery of ict equipment & software items,Ministry of Beat
2390,Motor Vehicles & Spare Parts,4137746,2022-06-14,Supply and delivery of motor vehicles & spare parts items,Ministry of Mouth
2391,Medical Supplies & Pharmaceuticals,2283448,2025-11-24,Supply and delivery of medical supplies & pharmaceuticals items,Ministry of Parent
2392,Office Stationery & Supplies,2349476,2022-12-18,Supply and delivery of office stationery & supplies items,Ministry of Upon
2393,Office Stationery & Supplies,2859374,2024-08-19,Supply and delivery of office stationery & supplies items,Ministry of We
2394,Office Stationery & Supplies,3563894,2021-01-29,Supply and delivery of office stationery & supplies items,Ministry of Long
2395,Office Stationery & Supplies,1996999,2020-02-03,Supply and delivery of office stationery & supplies items,Ministry of Camera
2396,ICT Equipment & Software,10249181,2022-07-06,Supply and delivery of ict equipment & software items,Ministry of Southern
2397,Office Stationery & Supplies,1861201,2023-04-30,Supply and delivery of office stationery & supplies items,Ministry of Wonder
2398,ICT Equipment & Software,2837180,2022-10-26,Supply and delivery of ict equipment & software items,Ministry of Blood
2399,Motor Vehicles & Spare Parts,1500507,2020-10-03,Supply and delivery of motor vehicles & spare parts items,Ministry of Along
2400,Construction & Civil Works,93121120,2024-12-31,Supply and delivery of construction & civil works items,Ministry of Agent
2401,Office Stationery & Supplies,7618162,2024-02-20,Supply and delivery of office stationery & supplies items,Ministry of Baby
2402,Construction & Civil Works,468937902,2020-10-17,Supply and delivery of construction & civil works items,Ministry of Trial
2403,Motor Vehicles & Spare Parts,488742,2023-03-05,Supply and delivery of motor vehicles & spare parts items,Ministry of Important
2404,ICT Equipment & Software,26308735,2025-06-04,Supply and delivery of ict equipment & software items,Ministry of Health
2405,Medical Supplies & Pharmaceuticals,776935,2020-10-06,Supply and delivery of medical supplies & pharmaceuticals items,Ministry of Same
2406,Consultancy Services,7893604,2023-05-05,Supply and delivery of consultancy services items,Ministry of Seem
2407,Construction & Civil Works,179495001,2021-10-04,Supply and delivery of construction & civil works items,Ministry of Great
2408,Consultancy Services,2195637,2025-05-20,Supply and delivery of consultancy services items,Ministry of Water
2409,Motor Vehicles & Spare Parts,7943227,2022-01-07,Supply and delivery of motor vehicles & spare parts items,Ministry of Politics
2410,Construction & Civil Works,182116778,2023-09-13,Supply and delivery of construction & civil works items,Ministry of Seven
2411,Motor Vehicles & Spare Parts,9231872,2020-04-09,Supply and delivery of motor vehicles & spare parts items,Ministry of Single
2412,Office Stationery & Supplies,8369841,2025-07-10,Supply and delivery of office stationery & supplies items,Ministry of List
2413,ICT Equipment & Software,38523284,2025-06-18,Supply and delivery of ict equipment & software items,Ministry of Professor
2414,Cleaning & Sanitary Services,6849977,2022-09-12,Supply and delivery of cleaning & sanitary services items,Ministry of They
2415,Consultancy Services,519503,2022-08-12,Supply and delivery of consultancy services items,Ministry of Sometimes
2416,Construction & Civil Works,29363760,2022-11-11,Supply and delivery of construction & civil works items,Ministry of Center
2417,Cleaning & Sanitary Services,8418849,2024-05-25,Supply and delivery of cleaning & sanitary services items,Ministry of Shake
2418,Construction & Civil Works,223262061,2024-08-05,Supply and delivery of construction & civil works items,Ministry of Whom
2419,ICT Equipment & Software,3711369,2024-12-01,Supply and delivery of ict equipment & software items,Ministry of Mr
2420,ICT Equipment & Software,35334330,2020-07-02,Supply and delivery of ict equipment & software items,Ministry of War
2421,Construction & Civil Works,294119049,2020-01-18,Supply and delivery of construction & civil works items,Ministry of Personal
2422,Construction & Civil Works,386978358,2022-03-21,Supply and delivery of construction & civil works items,Ministry of Range
2423,Cleaning & Sanitary Services,1561433,2022-09-20,Supply and delivery of cleaning & sanitary services items,Ministry of Full
2424,Cleaning & Sanitary Services,9814933,2022-08-18,Supply and delivery of cleaning & sanitary services items,Ministry of Movie
2425,Cleaning & Sanitary Services,7853638,2024-05-02,Supply and delivery of cleaning & sanitary services items,Ministry of Far
2426,Medical Supplies & Pharmaceuticals,1676845,2025-08-31,Supply and delivery of medical supplies & pharmaceuticals items,Ministry of Bill
2427,Cleaning & Sanitary Services,1088722,2021-05-23,Supply and delivery of cleaning & sanitary services items,Ministry of Minute
2428,Motor Vehicles & Spare Parts,3627110,2022-01-17,Supply and delivery of motor vehicles & spare parts items,Ministry of Organization
2429,ICT Equipment & Software,35119992,2023-02-08,Supply and delivery of ict equipment & software items,Ministry of Network
2430,Consultancy Services,7289204,2023-06-24,Supply and delivery of consultancy services items,Ministry of Three
2431,Construction & Civil Works,248230089,2025-07-26,Supply and delivery of construction & civil works items,Ministry of Feeling
2432,Consultancy Services,7034198,2021-12-08,Supply and delivery of consultancy services items,Ministry of From
2433,Office Stationery & Supplies,191656,2024-07-17,Supply and delivery of office stationery & supplies items,Ministry of Character
2434,Motor Vehicles & Spare Parts,453153,2020-04-01,Supply and delivery of motor vehicles & spare parts items,Ministry of You
2435,Construction & Civil Works,226557516,2024-05-28,Supply and delivery of construction & civil works items,Ministry of Side
2436,ICT Equipment & Software,31839570,2021-04-06,Supply and delivery of ict equipment & software items,Ministry of Natural
2437,ICT Equipment & Software,1487938,2021-09-01,Supply and delivery of ict equipment & software items,Ministry of Until
2438,Cleaning & Sanitary Services,9470622,2023-09-10,Supply and delivery of cleaning & sanitary services items,Ministry of Bit
2439,ICT Equipment & Software,1362839,2022-01-31,Supply and delivery of ict equipment & software items,Ministry of Company
2440,Office Stationery & Supplies,1164367,2020-09-16,Supply and delivery of office stationery & supplies items,Ministry of Eye
2441,Construction & Civil Works,391110866,2022-12-02,Supply and delivery of construction & civil works items,Ministry of Door
2442,Office Stationery & Supplies,775025,2025-04-23,Supply and delivery of office stationery & supplies items,Ministry of Fight
2443,Motor Vehicles & Spare Parts,7636968,2025-08-19,Supply and delivery of motor vehicles & spare parts items,Ministry of Event
2444,Medical Supplies & Pharmaceuticals,5577835,2025-12-06,Supply and delivery of medical supplies & pharmaceuticals items,Ministry of Some
2445,Consultancy Services,1705752,2020-08-20,Supply and delivery of consultancy services items,Ministry of Each
2446,Cleaning & Sanitary Services,907040,2023-12-31,Supply and delivery of cleaning & sanitary services items,Ministry of Chance
2447,Office Stationery & Supplies,4232443,2020-07-29,Supply and delivery of office stationery & supplies items,Ministry of Old
2448,Motor Vehicles & Spare Parts,8020337,2025-01-11,Supply and delivery of motor vehicles & spare parts items,Ministry of Somebody
2449,Medical Supplies & Pharmaceuticals,2254828,2021-01-04,Supply and delivery of medical supplies & pharmaceuticals items,Ministry of Piece
2450,Construction & Civil Works,352526273,2025-05-31,Supply and delivery of construction & civil works items,Ministry of Vote
2451,Consultancy Services,9521996,2023-03-28,Supply and delivery of consultancy services items,Ministry of Successful
2452,Office Stationery & Supplies,8940597,2021-03-03,Supply and delivery of office stationery & supplies items,Ministry of Middle
2453,Medical Supplies & Pharmaceuticals,4959382,2024-12-29,Supply and delivery of medical supplies & pharmaceuticals items,Ministry of Agree
2454,ICT Equipment & Software,38966733,2022-03-20,Supply and delivery of ict equipment & software items,Ministry of Father
2455,Consultancy Services,3177026,2025-08-25,Supply and delivery of consultancy services items,Ministry of Own
2456,Cleaning & Sanitary Services,4270555,2022-07-23,Supply and delivery of cleaning & sanitary services items,Ministry of Light
2457,Motor Vehicles & Spare Parts,616394,2023-02-15,Supply and delivery of motor vehicles & spare parts items,Ministry of Then
2458,ICT Equipment & Software,42963152,2022-09-21,Supply and delivery of ict equipment & software items,Ministry of Why
2459,Office Stationery & Supplies,8190433,2020-08-28,Supply and delivery of office stationery & supplies items,Ministry of Seat
2460,Cleaning & Sanitary Services,5344786,2025-07-06,Supply and delivery of cleaning & sanitary services items,Ministry of Call
2461,ICT Equipment & Software,49940284,2022-08-31,Supply and delivery of ict equipment & software items,Ministry of Lay
2462,Office Stationery & Supplies,7297177,2022-12-16,Supply and delivery of office stationery & supplies items,Ministry of Before
2463,Cleaning & Sanitary Services,1229775,2025-03-09,Supply and delivery of cleaning & sanitary services items,Ministry of Family
2464,Construction & Civil Works,39725365,2024-05-22,Supply and delivery of construction & civil works items,Ministry of But
2465,ICT Equipment & Software,36573361,2025-10-22,Supply and delivery of ict equipment & software items,Ministry of Suggest
2466,Construction & Civil Works,89745814,2020-06-22,Supply and delivery of construction & civil works items,Ministry of Student
2467,Consultancy Services,8342580,2021-05-02,Supply and delivery of consultancy services items,Ministry of Bad
2468,Office Stationery & Supplies,8004617,2021-12-17,Supply and delivery of office stationery & supplies items,Ministry of Movement
2469,Office Stationery & Supplies,1013605,2022-01-04,Supply and delivery of office stationery & supplies items,Ministry of Long
2470,Motor Vehicles & Spare Parts,9999007,2023-10-13,Supply and delivery of motor vehicles & spare parts items,Ministry of Must
2471,Medical Supplies & Pharmaceuticals,2132656,2024-01-12,Supply and delivery of medical supplies & pharmaceuticals items,Ministry of Back
2472,Motor Vehicles & Spare Parts,7321626,2024-03-28,Supply and delivery of motor vehicles & spare parts items,Ministry of Forward
2473,ICT Equipment & Software,5698054,2025-05-08,Supply and delivery of ict equipment & software items,Ministry of American
2474,Medical Supplies & Pharmaceuticals,9804385,2022-08-07,Supply and delivery of medical supplies & pharmaceuticals items,Ministry of Work
2475,Cleaning & Sanitary Services,1954165,2024-03-24,Supply and delivery of cleaning & sanitary services items,Ministry of Near
2476,Motor Vehicles & Spare Parts,477224,2021-11-26,Supply and delivery of motor vehicles & spare parts items,Ministry of Thought
2477,Consultancy Services,4553722,2023-05-07,Supply and delivery of consultancy services items,Ministry of Third
2478,Construction & Civil Works,13623041,2025-04-06,Supply and delivery of construction & civil works items,Ministry of Also
2479,Motor Vehicles & Spare Parts,6859072,2025-09-10,Supply and delivery of motor vehicles & spare parts items,Ministry of Product
2480,Motor Vehicles & Spare Parts,2757885,2020-01-18,Supply and delivery of motor vehicles & spare parts items,Ministry of Certain
2481,Cleaning & Sanitary Services,5872964,2023-07-08,Supply and delivery of cleaning & sanitary services items,Ministry of Turn
2482,Office Stationery & Supplies,5744219,2025-08-28,Supply and delivery of office stationery & supplies items,Ministry of Report
2483,Motor Vehicles & Spare Parts,9960225,2021-03-04,Supply and delivery of motor vehicles & spare parts items,Ministry of Many
2484,Construction & Civil Works,66731354,2020-11-27,Supply and delivery of construction & civil works items,Ministry of Teach
2485,Office Stationery & Supplies,8194566,2021-02-13,Supply and delivery of office stationery & supplies items,Ministry of Model
2486,Consultancy Services,7963353,2021-09-11,Supply and delivery of consultancy services items,Ministry of Decide
2487,Consultancy Services,921939,2023-10-22,Supply and delivery of consultancy services items,Ministry of Behavior
2488,Consultancy Services,3737588,2025-09-14,Supply and delivery of consultancy services items,Ministry of Tough
2489,Consultancy Services,7570396,2024-05-03,Supply and delivery of consultancy services items,Ministry of Difficult
2490,Cleaning & Sanitary Services,3714705,2020-01-08,Supply and delivery of cleaning & sanitary services items,Ministry of Audience
2491,Construction & Civil Works,18831553,2022-12-11,Supply and delivery of construction & civil works items,Ministry of Popular
2492,Construction & Civil Works,70063839,2021-04-01,Supply and delivery of construction & civil works items,Ministry of Could
2493,ICT Equipment & Software,4432613,2020-03-26,Supply and delivery of ict equipment & software items,Ministry of Rise
2494,Construction & Civil Works,109718328,2021-07-30,Supply and delivery of construction & civil works items,Ministry of Husband
2495,Office Stationery & Supplies,5981344,2023-10-14,Supply and delivery of office stationery & supplies items,Ministry of Easy
2496,Office Stationery & Supplies,2529700,2023-10-29,Supply and delivery of office stationery & supplies items,Ministry of Member
2497,Consultancy Services,9110066,2023-03-08,Supply and delivery of consultancy services items,Ministry of Couple
2498,Medical Supplies & Pharmaceuticals,4196920,2025-04-07,Supply and delivery of medical supplies & pharmaceuticals items,Ministry of Though
2499,Construction & Civil Works,380114098,2021-05-23,Supply and delivery of construction & civil works items,Ministry of Final
2500,Office Stationery & Supplies,3601661,2024-01-03,Supply and delivery of office stationery & supplies items,Ministry of Might
2501,Consultancy Services,7972277,2024-10-11,Supply and delivery of consultancy services items,Ministry of Including
2502,Motor Vehicles & Spare Parts,498008,2023-08-02,Supply and delivery of motor vehicles & spare parts items,Ministry of Of
2503,Motor Vehicles & Spare Parts,9812565,2022-11-19,Supply and delivery of motor vehicles & spare parts items,Ministry of Big
2504,Office Stationery & Supplies,5293595,2021-04-24,Supply and delivery of office stationery & supplies items,Ministry of Upon
2505,Consultancy Services,3649651,2025-05-18,Supply and delivery of consultancy services items,Ministry of South
2506,Motor Vehicles & Spare Parts,7967863,2021-09-21,Supply and delivery of motor vehicles & spare parts items,Ministry of Likely
2507,Cleaning & Sanitary Services,5902199,2021-12-13,Supply and delivery of cleaning & sanitary services items,Ministry of Recognize
2508,ICT Equipment & Software,11303215,2022-07-19,Supply and delivery of ict equipment & software items,Ministry of Control
2509,ICT Equipment & Software,46349459,2022-10-15,Supply and delivery of ict equipment & software items,Ministry of From
2510,Medical Supplies & Pharmaceuticals,188780,2023-12-18,Supply and delivery of medical supplies & pharmaceuticals items,Ministry of Hand
2511,Consultancy Services,2795145,2024-03-07,Supply and delivery of consultancy services items,Ministry of Sea
2512,Motor Vehicles & Spare Parts,9362680,2020-10-07,Supply and delivery of motor vehicles & spare parts items,Ministry of Us
2513,Cleaning & Sanitary Services,3867263,2022-11-25,Supply and delivery of cleaning & sanitary services items,Ministry of Support
2514,Cleaning & Sanitary Services,4295031,2025-03-08,Supply and delivery of cleaning & sanitary services items,Ministry of Plant
2515,Motor Vehicles & Spare Parts,9507659,2022-06-21,Supply and delivery of motor vehicles & spare parts items,Ministry of Easy
2516,Construction & Civil Works,442621735,2020-03-04,Supply and delivery of construction & civil works items,Ministry of Executive
2517,ICT Equipment & Software,1768182,2023-01-16,Supply and delivery of ict equipment & software items,Ministry of Voice
2518,ICT Equipment & Software,33590235,2025-02-07,Supply and delivery of ict equipment & software items,Ministry of Issue
2519,Office Stationery & Supplies,2351743,2020-05-13,Supply and delivery of office stationery & supplies items,Ministry of Sport
2520,ICT Equipment & Software,40249134,2021-12-09,Supply and delivery of ict equipment & software items,Ministry of Republican
2521,Medical Supplies & Pharmaceuticals,3220452,2021-11-26,Supply and delivery of medical supplies & pharmaceuticals items,Ministry of Include
2522,Cleaning & Sanitary Services,6247401,2024-11-07,Supply and delivery of cleaning & sanitary services items,Ministry of Large
2523,ICT Equipment & Software,8238672,2022-05-23,Supply and delivery of ict equipment & software items,Ministry of While
2524,ICT Equipment & Software,31512614,2020-04-29,Supply and delivery of ict equipment & software items,Ministry of Mention
2525,Medical Supplies & Pharmaceuticals,6715492,2024-05-14,Supply and delivery of medical supplies & pharmaceuticals items,Ministry of Group
2526,Medical Supplies & Pharmaceuticals,418774,2023-10-26,Supply and delivery of medical supplies & pharmaceuticals items,Ministry of Answer
2527,Office Stationery & Supplies,3123871,2021-11-06,Supply and delivery of office stationery & supplies items,Ministry of It
2528,ICT Equipment & Software,1111868,2021-04-29,Supply and delivery of ict equipment & software items,Ministry of Type
2529,Motor Vehicles & Spare Parts,7029140,2020-12-30,Supply and delivery of motor vehicles & spare parts items,Ministry of Design
2530,Cleaning & Sanitary Services,9693264,2024-09-03,Supply and delivery of cleaning & sanitary services items,Ministry of Break
2531,Construction & Civil Works,282562520,2025-09-07,Supply and delivery of construction & civil works items,Ministry of Positive
2532,Consultancy Services,8209334,2023-08-31,Supply and delivery of consultancy services items,Ministry of Carry
2533,Construction & Civil Works,483833642,2023-08-18,Supply and delivery of construction & civil works items,Ministry of Again
2534,Construction & Civil Works,471979001,2025-09-13,Supply and delivery of construction & civil works items,Ministry of Against
2535,Cleaning & Sanitary Services,8362236,2024-10-24,Supply and delivery of cleaning & sanitary services items,Ministry of Believe
2536,Medical Supplies & Pharmaceuticals,2448818,2024-09-05,Supply and delivery of medical supplies & pharmaceuticals items,Ministry of Goal
2537,Consultancy Services,3515398,2025-06-21,Supply and delivery of consultancy services items,Ministry of Speak
2538,Consultancy Services,3444849,2024-08-05,Supply and delivery of consultancy services items,Ministry of At
2539,Motor Vehicles & Spare Parts,3301824,2023-12-05,Supply and delivery of motor vehicles & spare parts items,Ministry of Natural
2540,Motor Vehicles & Spare Parts,5151921,2021-04-06,Supply and delivery of motor vehicles & spare parts items,Ministry of North
2541,Construction & Civil Works,362770144,2021-03-10,Supply and delivery of construction & civil works items,Ministry of Close
2542,Consultancy Services,340346,2025-01-10,Supply and delivery of consultancy services items,Ministry of Individual
2543,Cleaning & Sanitary Services,4336258,2025-02-26,Supply and delivery of cleaning & sanitary services items,Ministry of Drop
2544,Consultancy Services,1896641,2021-09-27,Supply and delivery of consultancy services items,Ministry of Color
2545,Medical Supplies & Pharmaceuticals,5907811,2025-06-18,Supply and delivery of medical supplies & pharmaceuticals items,Ministry of Glass
2546,ICT Equipment & Software,19699177,2022-06-24,Supply and delivery of ict equipment & software items,Ministry of On
2547,Consultancy Services,3523754,2024-05-25,Supply and delivery of consultancy services items,Ministry of Yard
2548,Office Stationery & Supplies,4758575,2020-01-30,Supply and delivery of office stationery & supplies items,Ministry of Through
2549,ICT Equipment & Software,32917532,2020-02-13,Supply and delivery of ict equipment & software items,Ministry of Yard
2550,Cleaning & Sanitary Services,112879,2023-02-27,Supply and delivery of cleaning & sanitary services items,Ministry of More
2551,Motor Vehicles & Spare Parts,4995737,2022-05-21,Supply and delivery of motor vehicles & spare parts items,Ministry of Memory
2552,Cleaning & Sanitary Services,4782251,2020-04-02,Supply and delivery of cleaning & sanitary services items,Ministry of Fear
2553,Office Stationery & Supplies,8648080,2021-10-22,Supply and delivery of office stationery & supplies items,Ministry of Drug
2554,Consultancy Services,2995537,2023-10-15,Supply and delivery of consultancy services items,Ministry of Rise
2555,Office Stationery & Supplies,3400335,2021-06-25,Supply and delivery of office stationery & supplies items,Ministry of Expert
2556,Construction & Civil Works,260272223,2024-07-01,Supply and delivery of construction & civil works items,Ministry of Tax
2557,Construction & Civil Works,360471319,2024-09-13,Supply and delivery of construction & civil works items,Ministry of Reality
2558,Office Stationery & Supplies,7434291,2022-05-28,Supply and delivery of office stationery & supplies items,Ministry of Television
2559,Construction & Civil Works,352841601,2024-06-10,Supply and delivery of construction & civil works items,Ministry of Expect
2560,Construction & Civil Works,367049115,2025-03-03,Supply and delivery of construction & civil works items,Ministry of Ball
2561,Consultancy Services,7051740,2020-06-10,Supply and delivery of consultancy services items,Ministry of Seven
2562,Cleaning & Sanitary Services,4241314,2024-03-21,Supply and delivery of cleaning & sanitary services items,Ministry of Significant
2563,Medical Supplies & Pharmaceuticals,4110086,2022-06-29,Supply and delivery of medical supplies & pharmaceuticals items,Ministry of Administration
2564,Construction & Civil Works,424913270,2024-06-15,Supply and delivery of construction & civil works items,Ministry of Number
2565,Construction & Civil Works,306966436,2023-08-18,Supply and delivery of construction & civil works items,Ministry of Civil
2566,Cleaning & Sanitary Services,6091342,2020-07-28,Supply and delivery of cleaning & sanitary services items,Ministry of Per
2567,Motor Vehicles & Spare Parts,7284620,2024-10-02,Supply and delivery of motor vehicles & spare parts items,Ministry of Daughter
2568,ICT Equipment & Software,25413016,2024-12-26,Supply and delivery of ict equipment & software items,Ministry of Town
2569,Cleaning & Sanitary Services,4252109,2021-11-15,Supply and delivery of cleaning & sanitary services items,Ministry of Game
2570,Motor Vehicles & Spare Parts,217369,2022-07-20,Supply and delivery of motor vehicles & spare parts items,Ministry of Six
2571,Motor Vehicles & Spare Parts,6480858,2020-02-21,Supply and delivery of motor vehicles & spare parts items,Ministry of Eye
2572,Motor Vehicles & Spare Parts,2450876,2022-10-02,Supply and delivery of motor vehicles & spare parts items,Ministry of Black
2573,ICT Equipment & Software,8669183,2021-08-02,Supply and delivery of ict equipment & software items,Ministry of Reality
2574,Construction & Civil Works,87493325,2023-06-16,Supply and delivery of construction & civil works items,Ministry of However
2575,Medical Supplies & Pharmaceuticals,2967695,2021-09-30,Supply and delivery of medical supplies & pharmaceuticals items,Ministry of Better
2576,Consultancy Services,5447006,2021-05-01,Supply and delivery of consultancy services items,Ministry of Investment
2577,Cleaning & Sanitary Services,1750522,2023-05-14,Supply and delivery of cleaning & sanitary services items,Ministry of Meeting
2578,Construction & Civil Works,312231930,2021-09-15,Supply and delivery of construction & civil works items,Ministry of Scientist
2579,Medical Supplies & Pharmaceuticals,8071153,2023-03-14,Supply and delivery of medical supplies & pharmaceuticals items,Ministry of Election
2580,Cleaning & Sanitary Services,1007153,2022-04-17,Supply and delivery of cleaning & sanitary services items,Ministry of Model
2581,Consultancy Services,5924648,2024-05-13,Supply and delivery of consultancy services items,Ministry of Hotel
2582,Medical Supplies & Pharmaceuticals,2023298,2024-07-29,Supply and delivery of medical supplies & pharmaceuticals items,Ministry of Send
2583,Medical Supplies & Pharmaceuticals,9010005,2020-08-25,Supply and delivery of medical supplies & pharmaceuticals items,Ministry of Door
2584,ICT Equipment & Software,22613746,2023-06-20,Supply and delivery of ict equipment & software items,Ministry of Ago
2585,Cleaning & Sanitary Services,1666772,2022-05-20,Supply and delivery of cleaning & sanitary services items,Ministry of Each
2586,Medical Supplies & Pharmaceuticals,152066,2022-09-06,Supply and delivery of medical supplies & pharmaceuticals items,Ministry of Me
2587,Office Stationery & Supplies,5359018,2023-05-18,Supply and delivery of office stationery & supplies items,Ministry of Question
2588,Motor Vehicles & Spare Parts,8747088,2021-11-11,Supply and delivery of motor vehicles & spare parts items,Ministry of Charge
2589,Motor Vehicles & Spare Parts,8318723,2024-11-09,Supply and delivery of motor vehicles & spare parts items,Ministry of Because
2590,Cleaning & Sanitary Services,8151090,2020-07-27,Supply and delivery of cleaning & sanitary services items,Ministry of Condition
2591,Medical Supplies & Pharmaceuticals,9499822,2021-03-31,Supply and delivery of medical supplies & pharmaceuticals items,Ministry of Year
2592,Motor Vehicles & Spare Parts,4271364,2022-12-09,Supply and delivery of motor vehicles & spare parts items,Ministry of Enjoy
2593,Consultancy Services,5462204,2020-07-02,Supply and delivery of consultancy services items,Ministry of Interesting
2594,ICT Equipment & Software,32698250,2023-09-12,Supply and delivery of ict equipment & software items,Ministry of Material
2595,ICT Equipment & Software,4697739,2023-02-20,Supply and delivery of ict equipment & software items,Ministry of Those
2596,ICT Equipment & Software,48525683,2023-05-26,Supply and delivery of ict equipment & software items,Ministry of Early
2597,Motor Vehicles & Spare Parts,7106451,2020-05-09,Supply and delivery of motor vehicles & spare parts items,Ministry of Minute
2598,Medical Supplies & Pharmaceuticals,812917,2021-07-06,Supply and delivery of medical supplies & pharmaceuticals items,Ministry of Foreign
2599,ICT Equipment & Software,11824581,2024-06-10,Supply and delivery of ict equipment & software items,Ministry of They
2600,Motor Vehicles & Spare Parts,7866074,2020-11-25,Supply and delivery of motor vehicles & spare parts items,Ministry of Fund
2601,ICT Equipment & Software,7359634,2024-02-18,Supply and delivery of ict equipment & software items,Ministry of Place
2602,Office Stationery & Supplies,9940119,2022-06-09,Supply and delivery of office stationery & supplies items,Ministry of Accept
2603,ICT Equipment & Software,26283943,2021-08-10,Supply and delivery of ict equipment & software items,Ministry of Determine
2604,Consultancy Services,3615530,2024-07-12,Supply and delivery of consultancy services items,Ministry of Study
2605,Consultancy Services,741462,2022-12-06,Supply and delivery of consultancy services items,Ministry of Money
2606,Cleaning & Sanitary Services,2427089,2021-11-16,Supply and delivery of cleaning & sanitary services items,Ministry of Reach
2607,Cleaning & Sanitary Services,5606761,2021-05-31,Supply and delivery of cleaning & sanitary services items,Ministry of Main
2608,Office Stationery & Supplies,6072872,2024-04-02,Supply and delivery of office stationery & supplies items,Ministry of My
2609,Office Stationery & Supplies,7171422,2023-04-30,Supply and delivery of office stationery & supplies items,Ministry of Sister
2610,Medical Supplies & Pharmaceuticals,5059691,2025-12-15,Supply and delivery of medical supplies & pharmaceuticals items,Ministry of Beat
2611,Office Stationery & Supplies,9251398,2025-07-11,Supply and delivery of office stationery & supplies items,Ministry of Large
2612,Cleaning & Sanitary Services,6316631,2024-03-12,Supply and delivery of cleaning & sanitary services items,Ministry of How
2613,Medical Supplies & Pharmaceuticals,1320682,2020-10-05,Supply and delivery of medical supplies & pharmaceuticals items,Ministry of Add
2614,Motor Vehicles & Spare Parts,5105332,2020-12-21,Supply and delivery of motor vehicles & spare parts items,Ministry of Smile
2615,ICT Equipment & Software,20172234,2020-09-23,Supply and delivery of ict equipment & software items,Ministry of Decade
2616,Motor Vehicles & Spare Parts,6920399,2022-08-16,Supply and delivery of motor vehicles & spare parts items,Ministry of Build
2617,Cleaning & Sanitary Services,5651252,2020-03-26,Supply and delivery of cleaning & sanitary services items,Ministry of Language
2618,Medical Supplies & Pharmaceuticals,5679123,2022-12-20,Supply and delivery of medical supplies & pharmaceuticals items,Ministry of Produce
2619,Medical Supplies & Pharmaceuticals,1074303,2024-10-25,Supply and delivery of medical supplies & pharmaceuticals items,Ministry of Message
2620,ICT Equipment & Software,48489910,2020-11-02,Supply and delivery of ict equipment & software items,Ministry of Two
2621,Consultancy Services,8809188,2023-04-13,Supply and delivery of consultancy services items,Ministry of Inside
2622,Medical Supplies & Pharmaceuticals,2976237,2020-01-21,Supply and delivery of medical supplies & pharmaceuticals items,Ministry of Buy
2623,Construction & Civil Works,347392440,2022-08-12,Supply and delivery of construction & civil works items,Ministry of Financial
2624,Office Stationery & Supplies,580674,2024-04-26,Supply and delivery of office stationery & supplies items,Ministry of Up
2625,Consultancy Services,4847924,2024-01-22,Supply and delivery of consultancy services items,Ministry of Necessary
2626,ICT Equipment & Software,25188273,2021-12-07,Supply and delivery of ict equipment & software items,Ministry of Visit
2627,Construction & Civil Works,369993479,2022-03-25,Supply and delivery of construction & civil works items,Ministry of Rate
2628,Office Stationery & Supplies,8671632,2020-12-29,Supply and delivery of office stationery & supplies items,Ministry of Fill
2629,Construction & Civil Works,376255850,2023-02-20,Supply and delivery of construction & civil works items,Ministry of Democratic
2630,Motor Vehicles & Spare Parts,1044353,2024-10-24,Supply and delivery of motor vehicles & spare parts items,Ministry of Send
2631,Cleaning & Sanitary Services,9539949,2022-03-24,Supply and delivery of cleaning & sanitary services items,Ministry of Point
2632,Office Stationery & Supplies,5968555,2021-07-04,Supply and delivery of office stationery & supplies items,Ministry of Maintain
2633,Consultancy Services,1821742,2021-04-06,Supply and delivery of consultancy services items,Ministry of Give
2634,Motor Vehicles & Spare Parts,3395453,2025-07-24,Supply and delivery of motor vehicles & spare parts items,Ministry of Service
2635,Medical Supplies & Pharmaceuticals,8329840,2025-12-22,Supply and delivery of medical supplies & pharmaceuticals items,Ministry of Without
2636,Cleaning & Sanitary Services,3212261,2020-10-23,Supply and delivery of cleaning & sanitary services items,Ministry of Need
2637,Office Stationery & Supplies,4813297,2024-04-15,Supply and delivery of office stationery & supplies items,Ministry of Matter
2638,Consultancy Services,9469879,2020-01-22,Supply and delivery of consultancy services items,Ministry of Keep
2639,Cleaning & Sanitary Services,6523841,2021-01-27,Supply and delivery of cleaning & sanitary services items,Ministry of Many
2640,Motor Vehicles & Spare Parts,9480814,2020-05-26,Supply and delivery of motor vehicles & spare parts items,Ministry of Accept
2641,Office Stationery & Supplies,8491893,2021-11-14,Supply and delivery of office stationery & supplies items,Ministry of Cup
2642,Cleaning & Sanitary Services,2757303,2021-03-12,Supply and delivery of cleaning & sanitary services items,Ministry of Between
2643,Construction & Civil Works,200971345,2023-03-24,Supply and delivery of construction & civil works items,Ministry of Give
2644,Medical Supplies & Pharmaceuticals,9870296,2020-07-26,Supply and delivery of medical supplies & pharmaceuticals items,Ministry of Probably
2645,Office Stationery & Supplies,9591099,2022-10-23,Supply and delivery of office stationery & supplies items,Ministry of Close
2646,Medical Supplies & Pharmaceuticals,5546342,2020-05-26,Supply and delivery of medical supplies & pharmaceuticals items,Ministry of Provide
2647,Motor Vehicles & Spare Parts,8996161,2023-05-10,Supply and delivery of motor vehicles & spare parts items,Ministry of Draw
2648,Office Stationery & Supplies,7906421,2022-01-25,Supply and delivery of office stationery & supplies items,Ministry of Address
2649,ICT Equipment & Software,7604627,2025-07-25,Supply and delivery of ict equipment & software items,Ministry of Face
2650,Consultancy Services,3898057,2021-09-14,Supply and delivery of consultancy services items,Ministry of Which
2651,Medical Supplies & Pharmaceuticals,5576049,2025-03-16,Supply and delivery of medical supplies & pharmaceuticals items,Ministry of Pattern
2652,Cleaning & Sanitary Services,2002871,2024-05-16,Supply and delivery of cleaning & sanitary services items,Ministry of Hold
2653,ICT Equipment & Software,22035028,2023-09-30,Supply and delivery of ict equipment & software items,Ministry of Interesting
2654,Medical Supplies & Pharmaceuticals,8568579,2025-08-09,Supply and delivery of medical supplies & pharmaceuticals items,Ministry of Option
2655,Consultancy Services,4691901,2023-03-31,Supply and delivery of consultancy services items,Ministry of Receive
2656,Motor Vehicles & Spare Parts,9804110,2021-03-19,Supply and delivery of motor vehicles & spare parts items,Ministry of Person
2657,ICT Equipment & Software,46823128,2020-11-29,Supply and delivery of ict equipment & software items,Ministry of Side
2658,Consultancy Services,6879617,2021-04-19,Supply and delivery of consultancy services items,Ministry of Could
2659,Motor Vehicles & Spare Parts,946462,2021-07-30,Supply and delivery of motor vehicles & spare parts items,Ministry of Blue
2660,Medical Supplies & Pharmaceuticals,3432006,2020-10-04,Supply and delivery of medical supplies & pharmaceuticals items,Ministry of Nearly
2661,Cleaning & Sanitary Services,1719814,2023-07-10,Supply and delivery of cleaning & sanitary services items,Ministry of Space
2662,Medical Supplies & Pharmaceuticals,1602718,2022-04-19,Supply and delivery of medical supplies & pharmaceuticals items,Ministry of Parent
2663,Cleaning & Sanitary Services,2928340,2024-08-18,Supply and delivery of cleaning & sanitary services items,Ministry of Person
2664,ICT Equipment & Software,12432133,2023-08-18,Supply and delivery of ict equipment & software items,Ministry of Surface
2665,Medical Supplies & Pharmaceuticals,498825,2024-06-03,Supply and delivery of medical supplies & pharmaceuticals items,Ministry of Power
2666,ICT Equipment & Software,48522891,2024-01-04,Supply and delivery of ict equipment & software items,Ministry of Material
2667,Construction & Civil Works,342429510,2021-04-03,Supply and delivery of construction & civil works items,Ministry of Able
2668,Cleaning & Sanitary Services,5191995,2024-09-12,Supply and delivery of cleaning & sanitary services items,Ministry of Direction
2669,Consultancy Services,5093899,2020-07-19,Supply and delivery of consultancy services items,Ministry of Suggest
2670,Motor Vehicles & Spare Parts,4222990,2023-09-09,Supply and delivery of motor vehicles & spare parts items,Ministry of Character
2671,ICT Equipment & Software,14799385,2020-12-27,Supply and delivery of ict equipment & software items,Ministry of Two
2672,Medical Supplies & Pharmaceuticals,9922090,2020-01-01,Supply and delivery of medical supplies & pharmaceuticals items,Ministry of Bank
2673,Office Stationery & Supplies,394358,2025-05-17,Supply and delivery of office stationery & supplies items,Ministry of Area
2674,Motor Vehicles & Spare Parts,7694902,2020-10-27,Supply and delivery of motor vehicles & spare parts items,Ministry of Surface
2675,Consultancy Services,2973798,2022-08-21,Supply and delivery of consultancy services items,Ministry of Red
2676,Cleaning & Sanitary Services,5070345,2022-10-30,Supply and delivery of cleaning & sanitary services items,Ministry of Five
2677,Office Stationery & Supplies,9670361,2023-01-01,Supply and delivery of office stationery & supplies items,Ministry of Buy
2678,Construction & Civil Works,34750575,2021-06-11,Supply and delivery of construction & civil works items,Ministry of Increase
2679,Office Stationery & Supplies,5457777,2022-04-06,Supply and delivery of office stationery & supplies items,Ministry of Image
2680,Construction & Civil Works,184475247,2024-03-27,Supply and delivery of construction & civil works items,Ministry of Hear
2681,Consultancy Services,2443145,2021-11-14,Supply and delivery of consultancy services items,Ministry of Nearly
2682,Construction & Civil Works,413500083,2021-11-25,Supply and delivery of construction & civil works items,Ministry of Bar
2683,Cleaning & Sanitary Services,951563,2025-04-19,Supply and delivery of cleaning & sanitary services items,Ministry of Thousand
2684,Construction & Civil Works,386435282,2021-04-13,Supply and delivery of construction & civil works items,Ministry of Compare
2685,Motor Vehicles & Spare Parts,9129750,2025-09-02,Supply and delivery of motor vehicles & spare parts items,Ministry of These
2686,Motor Vehicles & Spare Parts,6712303,2021-08-31,Supply and delivery of motor vehicles & spare parts items,Ministry of Character
2687,Office Stationery & Supplies,8227678,2025-01-14,Supply and delivery of office stationery & supplies items,Ministry of Opportunity
2688,Medical Supplies & Pharmaceuticals,8971058,2022-08-25,Supply and delivery of medical supplies & pharmaceuticals items,Ministry of Run
2689,Motor Vehicles & Spare Parts,5410074,2024-09-24,Supply and delivery of motor vehicles & spare parts items,Ministry of Reveal
2690,Motor Vehicles & Spare Parts,2759232,2020-09-20,Supply and delivery of motor vehicles & spare parts items,Ministry of We
2691,ICT Equipment & Software,18713202,2022-08-11,Supply and delivery of ict equipment & software items,Ministry of Happen
2692,Cleaning & Sanitary Services,760501,2021-01-25,Supply and delivery of cleaning & sanitary services items,Ministry of Tree
2693,Office Stationery & Supplies,9135880,2022-03-12,Supply and delivery of office stationery & supplies items,Ministry of Man
2694,ICT Equipment & Software,4264993,2024-08-15,Supply and delivery of ict equipment & software items,Ministry of Half
2695,Medical Supplies & Pharmaceuticals,4191701,2024-05-15,Supply and delivery of medical supplies & pharmaceuticals items,Ministry of Different
2696,Cleaning & Sanitary Services,4841882,2023-09-13,Supply and delivery of cleaning & sanitary services items,Ministry of Under
2697,Medical Supplies & Pharmaceuticals,6566780,2025-12-26,Supply and delivery of medical supplies & pharmaceuticals items,Ministry of Wrong
2698,Office Stationery & Supplies,1651726,2021-02-22,Supply and delivery of office stationery & supplies items,Ministry of House
2699,ICT Equipment & Software,11395584,2021-01-27,Supply and delivery of ict equipment & software items,Ministry of Small
2700,ICT Equipment & Software,36954635,2025-12-21,Supply and delivery of ict equipment & software items,Ministry of Deal
2701,Motor Vehicles & Spare Parts,7162215,2022-08-26,Supply and delivery of motor vehicles & spare parts items,Ministry of Never
2702,Consultancy Services,3720597,2021-03-03,Supply and delivery of consultancy services items,Ministry of Peace
2703,Medical Supplies & Pharmaceuticals,5787136,2021-11-11,Supply and delivery of medical supplies & pharmaceuticals items,Ministry of Between
2704,Motor Vehicles & Spare Parts,7889573,2025-06-19,Supply and delivery of motor vehicles & spare parts items,Ministry of Whole
2705,Medical Supplies & Pharmaceuticals,9296670,2021-07-09,Supply and delivery of medical supplies & pharmaceuticals items,Ministry of Will
2706,Consultancy Services,767538,2020-01-29,Supply and delivery of consultancy services items,Ministry of Explain
2707,Office Stationery & Supplies,4972691,2020-03-14,Supply and delivery of office stationery & supplies items,Ministry of Face
2708,Construction & Civil Works,303246653,2023-11-06,Supply and delivery of construction & civil works items,Ministry of Information
2709,Consultancy Services,4110768,2020-04-06,Supply and delivery of consultancy services items,Ministry of Safe
2710,Cleaning & Sanitary Services,1425831,2024-03-23,Supply and delivery of cleaning & sanitary services items,Ministry of Eye
2711,Construction & Civil Works,370689129,2023-10-01,Supply and delivery of construction & civil works items,Ministry of Owner
2712,ICT Equipment & Software,26571176,2024-12-08,Supply and delivery of ict equipment & software items,Ministry of Travel
2713,Motor Vehicles & Spare Parts,1981397,2024-04-22,Supply and delivery of motor vehicles & spare parts items,Ministry of Market
2714,Medical Supplies & Pharmaceuticals,3646434,2025-12-24,Supply and delivery of medical supplies & pharmaceuticals items,Ministry of Project
2715,Medical Supplies & Pharmaceuticals,862557,2022-09-22,Supply and delivery of medical supplies & pharmaceuticals items,Ministry of Consumer
2716,Motor Vehicles & Spare Parts,8267575,2022-11-03,Supply and delivery of motor vehicles & spare parts items,Ministry of Two
2717,ICT Equipment & Software,9471541,2023-11-19,Supply and delivery of ict equipment & software items,Ministry of Offer
2718,Office Stationery & Supplies,421199,2024-11-04,Supply and delivery of office stationery & supplies items,Ministry of American
2719,Motor Vehicles & Spare Parts,3929994,2022-03-20,Supply and delivery of motor vehicles & spare parts items,Ministry of Position
2720,Office Stationery & Supplies,2529488,2025-05-13,Supply and delivery of office stationery & supplies items,Ministry of Claim
2721,Cleaning & Sanitary Services,7492053,2024-03-26,Supply and delivery of cleaning & sanitary services items,Ministry of Cost
2722,Consultancy Services,5213050,2025-03-23,Supply and delivery of consultancy services items,Ministry of Catch
2723,Medical Supplies & Pharmaceuticals,757191,2020-06-30,Supply and delivery of medical supplies & pharmaceuticals items,Ministry of They
2724,ICT Equipment & Software,44830847,2025-01-27,Supply and delivery of ict equipment & software items,Ministry of Arrive
2725,Motor Vehicles & Spare Parts,983435,2022-08-29,Supply and delivery of motor vehicles & spare parts items,Ministry of See
2726,Motor Vehicles & Spare Parts,8360768,2020-05-16,Supply and delivery of motor vehicles & spare parts items,Ministry of Bill
2727,Motor Vehicles & Spare Parts,8088597,2025-02-22,Supply and delivery of motor vehicles & spare parts items,Ministry of Fall
2728,Consultancy Services,869032,2025-11-24,Supply and delivery of consultancy services items,Ministry of Daughter
2729,Construction & Civil Works,255882491,2023-12-06,Supply and delivery of construction & civil works items,Ministry of Sing
2730,Construction & Civil Works,428202780,2020-02-06,Supply and delivery of construction & civil works items,Ministry of Third
2731,Consultancy Services,8965465,2024-01-12,Supply and delivery of consultancy services items,Ministry of We
2732,Consultancy Services,8499625,2021-11-24,Supply and delivery of consultancy services items,Ministry of Security
2733,Cleaning & Sanitary Services,4031895,2021-01-05,Supply and delivery of cleaning & sanitary services items,Ministry of Peace
2734,Office Stationery & Supplies,7385880,2024-05-01,Supply and delivery of office stationery & supplies items,Ministry of Hit
2735,Consultancy Services,309720,2023-02-05,Supply and delivery of consultancy services items,Ministry of Yeah
2736,Motor Vehicles & Spare Parts,4090919,2023-12-26,Supply and delivery of motor vehicles & spare parts items,Ministry of Keep
2737,ICT Equipment & Software,13025800,2025-01-09,Supply and delivery of ict equipment & software items,Ministry of Relationship
2738,Office Stationery & Supplies,8000171,2020-05-14,Supply and delivery of office stationery & supplies items,Ministry of Data
2739,ICT Equipment & Software,25560248,2024-12-12,Supply and delivery of ict equipment & software items,Ministry of More
2740,Construction & Civil Works,166345712,2020-11-19,Supply and delivery of construction & civil works items,Ministry of Example
2741,Construction & Civil Works,400916298,2020-07-02,Supply and delivery of construction & civil works items,Ministry of Life
2742,Cleaning & Sanitary Services,7116611,2020-04-07,Supply and delivery of cleaning & sanitary services items,Ministry of Politics
2743,Motor Vehicles & Spare Parts,4124537,2021-03-11,Supply and delivery of motor vehicles & spare parts items,Ministry of Mouth
2744,Cleaning & Sanitary Services,3131863,2022-06-15,Supply and delivery of cleaning & sanitary services items,Ministry of Prove
2745,Construction & Civil Works,283892599,2024-06-24,Supply and delivery of construction & civil works items,Ministry of Third
2746,Cleaning & Sanitary Services,8151964,2025-08-23,Supply and delivery of cleaning & sanitary services items,Ministry of Foreign
2747,Cleaning & Sanitary Services,3344811,2021-08-22,Supply and delivery of cleaning & sanitary services items,Ministry of Have
2748,Office Stationery & Supplies,3133932,2020-09-14,Supply and delivery of office stationery & supplies items,Ministry of Man
2749,Medical Supplies & Pharmaceuticals,1381258,2023-05-29,Supply and delivery of medical supplies & pharmaceuticals items,Ministry of Same
2750,Motor Vehicles & Spare Parts,4523475,2020-07-07,Supply and delivery of motor vehicles & spare parts items,Ministry of Wonder
2751,Motor Vehicles & Spare Parts,1083061,2022-10-11,Supply and delivery of motor vehicles & spare parts items,Ministry of But
2752,Consultancy Services,9986726,2025-07-04,Supply and delivery of consultancy services items,Ministry of Court
2753,Office Stationery & Supplies,6418653,2024-05-17,Supply and delivery of office stationery & supplies items,Ministry of Cultural
2754,ICT Equipment & Software,40454663,2021-11-26,Supply and delivery of ict equipment & software items,Ministry of Produce
2755,Construction & Civil Works,362361896,2025-10-16,Supply and delivery of construction & civil works items,Ministry of Speak
2756,ICT Equipment & Software,32785676,2021-01-06,Supply and delivery of ict equipment & software items,Ministry of Action
2757,Consultancy Services,7551062,2021-04-21,Supply and delivery of consultancy services items,Ministry of House
2758,Motor Vehicles & Spare Parts,3647480,2022-10-05,Supply and delivery of motor vehicles & spare parts items,Ministry of Understand
2759,Medical Supplies & Pharmaceuticals,8534320,2024-05-05,Supply and delivery of medical supplies & pharmaceuticals items,Ministry of Employee
2760,ICT Equipment & Software,5028268,2021-11-05,Supply and delivery of ict equipment & software items,Ministry of Responsibility
2761,Motor Vehicles & Spare Parts,587707,2023-11-08,Supply and delivery of motor vehicles & spare parts items,Ministry of Week
2762,Medical Supplies & Pharmaceuticals,5690938,2025-03-09,Supply and delivery of medical supplies & pharmaceuticals items,Ministry of Small
2763,Motor Vehicles & Spare Parts,993150,2024-07-14,Supply and delivery of motor vehicles & spare parts items,Ministry of Cause
2764,Motor Vehicles & Spare Parts,6606016,2021-11-11,Supply and delivery of motor vehicles & spare parts items,Ministry of Hundred
2765,Medical Supplies & Pharmaceuticals,8142153,2024-03-26,Supply and delivery of medical supplies & pharmaceuticals items,Ministry of Could
2766,Medical Supplies & Pharmaceuticals,9420804,2021-09-03,Supply and delivery of medical supplies & pharmaceuticals items,Ministry of Other
2767,Construction & Civil Works,295731030,2021-11-22,Supply and delivery of construction & civil works items,Ministry of Draw
2768,Cleaning & Sanitary Services,1625068,2025-01-04,Supply and delivery of cleaning & sanitary services items,Ministry of Explain
2769,Motor Vehicles & Spare Parts,3437013,2025-04-19,Supply and delivery of motor vehicles & spare parts items,Ministry of Cost
2770,Consultancy Services,7816492,2025-11-15,Supply and delivery of consultancy services items,Ministry of Event
2771,Medical Supplies & Pharmaceuticals,2235896,2024-03-08,Supply and delivery of medical supplies & pharmaceuticals items,Ministry of Everything
2772,Office Stationery & Supplies,2516738,2020-07-21,Supply and delivery of office stationery & supplies items,Ministry of Hear
2773,Motor Vehicles & Spare Parts,2432127,2023-06-21,Supply and delivery of motor vehicles & spare parts items,Ministry of Happy
2774,Office Stationery & Supplies,2026252,2024-08-19,Supply and delivery of office stationery & supplies items,Ministry of Necessary
2775,Motor Vehicles & Spare Parts,5083926,2022-09-12,Supply and delivery of motor vehicles & spare parts items,Ministry of Program
2776,ICT Equipment & Software,21611381,2024-02-14,Supply and delivery of ict equipment & software items,Ministry of Conference
2777,Cleaning & Sanitary Services,1378343,2020-03-21,Supply and delivery of cleaning & sanitary services items,Ministry of They
2778,Construction & Civil Works,444239731,2023-07-06,Supply and delivery of construction & civil works items,Ministry of Clearly
2779,Office Stationery & Supplies,4144064,2023-03-24,Supply and delivery of office stationery & supplies items,Ministry of Develop
2780,Cleaning & Sanitary Services,6734699,2025-12-17,Supply and delivery of cleaning & sanitary services items,Ministry of Leader
2781,Cleaning & Sanitary Services,9100317,2022-01-30,Supply and delivery of cleaning & sanitary services items,Ministry of Talk
2782,Office Stationery & Supplies,6136207,2024-02-03,Supply and delivery of office stationery & supplies items,Ministry of Fight
2783,Motor Vehicles & Spare Parts,3443867,2021-03-30,Supply and delivery of motor vehicles & spare parts items,Ministry of Scene
2784,ICT Equipment & Software,12844700,2025-10-22,Supply and delivery of ict equipment & software items,Ministry of Ok
2785,Construction & Civil Works,214507903,2024-12-23,Supply and delivery of construction & civil works items,Ministry of Study
2786,Office Stationery & Supplies,1758332,2021-08-12,Supply and delivery of office stationery & supplies items,Ministry of Must
2787,ICT Equipment & Software,30964527,2024-08-21,Supply and delivery of ict equipment & software items,Ministry of Evening
2788,Construction & Civil Works,156766223,2021-04-23,Supply and delivery of construction & civil works items,Ministry of Every
2789,Office Stationery & Supplies,4174999,2020-03-09,Supply and delivery of office stationery & supplies items,Ministry of Business
2790,Cleaning & Sanitary Services,1688404,2023-02-06,Supply and delivery of cleaning & sanitary services items,Ministry of Program
2791,Consultancy Services,8741123,2021-02-12,Supply and delivery of consultancy services items,Ministry of Challenge
2792,ICT Equipment & Software,22630590,2022-10-20,Supply and delivery of ict equipment & software items,Ministry of Future
2793,Medical Supplies & Pharmaceuticals,9098331,2022-03-26,Supply and delivery of medical supplies & pharmaceuticals items,Ministry of Huge
2794,Medical Supplies & Pharmaceuticals,8771734,2023-12-13,Supply and delivery of medical supplies & pharmaceuticals items,Ministry of Wear
2795,Construction & Civil Works,7644046,2020-03-15,Supply and delivery of construction & civil works items,Ministry of Science
2796,Construction & Civil Works,267023078,2020-08-17,Supply and delivery of construction & civil works items,Ministry of Her
2797,ICT Equipment & Software,47410127,2025-03-19,Supply and delivery of ict equipment & software items,Ministry of Across
2798,Medical Supplies & Pharmaceuticals,6503679,2020-12-13,Supply and delivery of medical supplies & pharmaceuticals items,Ministry of May
2799,Construction & Civil Works,478525350,2022-01-03,Supply and delivery of construction & civil works items,Ministry of Raise
2800,ICT Equipment & Software,2483438,2025-06-01,Supply and delivery of ict equipment & software items,Ministry of Culture
2801,Cleaning & Sanitary Services,483609,2025-06-23,Supply and delivery of cleaning & sanitary services items,Ministry of Follow
2802,Medical Supplies & Pharmaceuticals,1963082,2020-12-22,Supply and delivery of medical supplies & pharmaceuticals items,Ministry of Office
2803,Medical Supplies & Pharmaceuticals,1853313,2021-02-11,Supply and delivery of medical supplies & pharmaceuticals items,Ministry of Age
2804,Cleaning & Sanitary Services,3581591,2022-08-19,Supply and delivery of cleaning & sanitary services items,Ministry of Practice
2805,Cleaning & Sanitary Services,5866392,2022-09-27,Supply and delivery of cleaning & sanitary services items,Ministry of Parent
2806,Cleaning & Sanitary Services,9774961,2024-03-01,Supply and delivery of cleaning & sanitary services items,Ministry of Side
2807,Construction & Civil Works,83542943,2022-05-24,Supply and delivery of construction & civil works items,Ministry of They
2808,Cleaning & Sanitary Services,4226553,2021-06-17,Supply and delivery of cleaning & sanitary services items,Ministry of Several
2809,Medical Supplies & Pharmaceuticals,1761342,2022-03-28,Supply and delivery of medical supplies & pharmaceuticals items,Ministry of Green
2810,Office Stationery & Supplies,9308201,2022-11-23,Supply and delivery of office stationery & supplies items,Ministry of Institution
2811,Construction & Civil Works,70250123,2021-10-19,Supply and delivery of construction & civil works items,Ministry of Woman
2812,Consultancy Services,5318907,2025-04-06,Supply and delivery of consultancy services items,Ministry of Source
2813,Cleaning & Sanitary Services,7810611,2025-08-10,Supply and delivery of cleaning & sanitary services items,Ministry of Within
2814,Consultancy Services,6373672,2023-01-15,Supply and delivery of consultancy services items,Ministry of Know
2815,ICT Equipment & Software,5386202,2022-07-22,Supply and delivery of ict equipment & software items,Ministry of Exist
2816,Consultancy Services,9505391,2025-09-21,Supply and delivery of consultancy services items,Ministry of Institution
2817,Cleaning & Sanitary Services,6566751,2023-07-23,Supply and delivery of cleaning & sanitary services items,Ministry of Common
2818,Office Stationery & Supplies,2527667,2023-01-27,Supply and delivery of office stationery & supplies items,Ministry of Win
2819,Office Stationery & Supplies,6657734,2021-10-20,Supply and delivery of office stationery & supplies items,Ministry of Picture
2820,Consultancy Services,663889,2025-10-15,Supply and delivery of consultancy services items,Ministry of Yes
2821,ICT Equipment & Software,777834,2023-02-22,Supply and delivery of ict equipment & software items,Ministry of Out
2822,Cleaning & Sanitary Services,5685056,2024-07-05,Supply and delivery of cleaning & sanitary services items,Ministry of Case
2823,Motor Vehicles & Spare Parts,3994325,2023-12-24,Supply and delivery of motor vehicles & spare parts items,Ministry of Story
2824,Medical Supplies & Pharmaceuticals,5479105,2025-10-04,Supply and delivery of medical supplies & pharmaceuticals items,Ministry of Believe
2825,ICT Equipment & Software,4498585,2021-11-08,Supply and delivery of ict equipment & software items,Ministry of Space
2826,Construction & Civil Works,146118453,2020-11-05,Supply and delivery of construction & civil works items,Ministry of Half
2827,Cleaning & Sanitary Services,1832141,2022-10-02,Supply and delivery of cleaning & sanitary services items,Ministry of Company
2828,Motor Vehicles & Spare Parts,9324152,2022-10-06,Supply and delivery of motor vehicles & spare parts items,Ministry of Reason
2829,Consultancy Services,8775237,2020-11-19,Supply and delivery of consultancy services items,Ministry of Use
2830,Medical Supplies & Pharmaceuticals,6234896,2021-01-12,Supply and delivery of medical supplies & pharmaceuticals items,Ministry of Food
2831,Medical Supplies & Pharmaceuticals,1734461,2020-06-25,Supply and delivery of medical supplies & pharmaceuticals items,Ministry of Eat
2832,Construction & Civil Works,319385210,2025-02-22,Supply and delivery of construction & civil works items,Ministry of Leave
2833,ICT Equipment & Software,10705026,2020-07-16,Supply and delivery of ict equipment & software items,Ministry of Election
2834,Medical Supplies & Pharmaceuticals,2987569,2020-12-03,Supply and delivery of medical supplies & pharmaceuticals items,Ministry of One
2835,Consultancy Services,4996986,2025-01-26,Supply and delivery of consultancy services items,Ministry of House
2836,Office Stationery & Supplies,1986522,2020-01-11,Supply and delivery of office stationery & supplies items,Ministry of Collection
2837,Construction & Civil Works,75228195,2022-01-25,Supply and delivery of construction & civil works items,Ministry of Market
2838,Motor Vehicles & Spare Parts,7401078,2023-04-19,Supply and delivery of motor vehicles & spare parts items,Ministry of Indeed
2839,ICT Equipment & Software,30112901,2024-03-11,Supply and delivery of ict equipment & software items,Ministry of While
2840,Cleaning & Sanitary Services,934938,2022-10-31,Supply and delivery of cleaning & sanitary services items,Ministry of However
2841,Construction & Civil Works,387071485,2024-12-26,Supply and delivery of construction & civil works items,Ministry of Seat
2842,Motor Vehicles & Spare Parts,6572036,2021-06-15,Supply and delivery of motor vehicles & spare parts items,Ministry of Whom
2843,Construction & Civil Works,177139367,2020-07-28,Supply and delivery of construction & civil works items,Ministry of Career
2844,Cleaning & Sanitary Services,8143732,2021-11-28,Supply and delivery of cleaning & sanitary services items,Ministry of Worry
2845,Office Stationery & Supplies,4249570,2020-10-19,Supply and delivery of office stationery & supplies items,Ministry of Spring
2846,ICT Equipment & Software,2279892,2021-12-17,Supply and delivery of ict equipment & software items,Ministry of Fear
2847,Office Stationery & Supplies,9697010,2024-12-01,Supply and delivery of office stationery & supplies items,Ministry of Show
2848,Motor Vehicles & Spare Parts,5618225,2025-03-27,Supply and delivery of motor vehicles & spare parts items,Ministry of Picture
2849,Medical Supplies & Pharmaceuticals,3521103,2022-05-12,Supply and delivery of medical supplies & pharmaceuticals items,Ministry of Away
2850,Office Stationery & Supplies,9678891,2022-01-29,Supply and delivery of office stationery & supplies items,Ministry of Relationship
2851,Consultancy Services,8909609,2024-06-10,Supply and delivery of consultancy services items,Ministry of Peace
2852,Motor Vehicles & Spare Parts,2935309,2020-02-28,Supply and delivery of motor vehicles & spare parts items,Ministry of Value
2853,Motor Vehicles & Spare Parts,8500944,2023-08-26,Supply and delivery of motor vehicles & spare parts items,Ministry of Special
2854,Medical Supplies & Pharmaceuticals,9957812,2021-05-30,Supply and delivery of medical supplies & pharmaceuticals items,Ministry of High
2855,Consultancy Services,3058963,2022-01-14,Supply and delivery of consultancy services items,Ministry of Test
2856,Motor Vehicles & Spare Parts,3079718,2020-01-04,Supply and delivery of motor vehicles & spare parts items,Ministry of Place
2857,Motor Vehicles & Spare Parts,3868553,2024-07-04,Supply and delivery of motor vehicles & spare parts items,Ministry of Who
2858,Construction & Civil Works,382776732,2020-06-18,Supply and delivery of construction & civil works items,Ministry of Drug
2859,Cleaning & Sanitary Services,9621478,2020-10-29,Supply and delivery of cleaning & sanitary services items,Ministry of Cup
2860,Construction & Civil Works,470519558,2020-04-06,Supply and delivery of construction & civil works items,Ministry of Five
2861,ICT Equipment & Software,43317546,2022-08-11,Supply and delivery of ict equipment & software items,Ministry of Group
2862,Construction & Civil Works,369067851,2022-04-21,Supply and delivery of construction & civil works items,Ministry of Couple
2863,Office Stationery & Supplies,7017571,2022-07-21,Supply and delivery of office stationery & supplies items,Ministry of Feel
2864,Medical Supplies & Pharmaceuticals,4494203,2021-11-12,Supply and delivery of medical supplies & pharmaceuticals items,Ministry of Republican
2865,Construction & Civil Works,131036620,2024-12-04,Supply and delivery of construction & civil works items,Ministry of Already
2866,Motor Vehicles & Spare Parts,5314802,2021-07-25,Supply and delivery of motor vehicles & spare parts items,Ministry of Know
2867,ICT Equipment & Software,6056452,2021-01-28,Supply and delivery of ict equipment & software items,Ministry of Information
2868,Motor Vehicles & Spare Parts,6965999,2024-02-04,Supply and delivery of motor vehicles & spare parts items,Ministry of They
2869,Construction & Civil Works,415215819,2020-08-21,Supply and delivery of construction & civil works items,Ministry of Sure
2870,ICT Equipment & Software,9979622,2020-06-30,Supply and delivery of ict equipment & software items,Ministry of Rich
2871,Office Stationery & Supplies,2962750,2024-05-24,Supply and delivery of office stationery & supplies items,Ministry of Reality
2872,Consultancy Services,7185757,2025-03-04,Supply and delivery of consultancy services items,Ministry of Suggest
2873,Consultancy Services,5006526,2024-11-02,Supply and delivery of consultancy services items,Ministry of College
2874,ICT Equipment & Software,27526790,2021-11-29,Supply and delivery of ict equipment & software items,Ministry of Paper
2875,Motor Vehicles & Spare Parts,8377304,2023-01-15,Supply and delivery of motor vehicles & spare parts items,Ministry of Rich
2876,Office Stationery & Supplies,3796458,2022-09-23,Supply and delivery of office stationery & supplies items,Ministry of Mention
2877,Consultancy Services,1715270,2023-12-03,Supply and delivery of consultancy services items,Ministry of Religious
2878,Consultancy Services,6545860,2022-05-30,Supply and delivery of consultancy services items,Ministry of Spend
2879,Construction & Civil Works,454985940,2020-04-29,Supply and delivery of construction & civil works items,Ministry of Large
2880,Medical Supplies & Pharmaceuticals,4775195,2021-07-20,Supply and delivery of medical supplies & pharmaceuticals items,Ministry of Protect
2881,Office Stationery & Supplies,8231526,2020-09-11,Supply and delivery of office stationery & supplies items,Ministry of Surface
2882,Cleaning & Sanitary Services,484903,2024-10-24,Supply and delivery of cleaning & sanitary services items,Ministry of Little
2883,Consultancy Services,9270216,2023-01-05,Supply and delivery of consultancy services items,Ministry of Statement
2884,Cleaning & Sanitary Services,9654634,2022-11-03,Supply and delivery of cleaning & sanitary services items,Ministry of Government
2885,Cleaning & Sanitary Services,5621980,2025-01-23,Supply and delivery of cleaning & sanitary services items,Ministry of His
2886,ICT Equipment & Software,15159576,2020-09-01,Supply and delivery of ict equipment & software items,Ministry of Country
2887,Motor Vehicles & Spare Parts,3446386,2025-11-18,Supply and delivery of motor vehicles & spare parts items,Ministry of Night
2888,Cleaning & Sanitary Services,6772028,2024-07-22,Supply and delivery of cleaning & sanitary services items,Ministry of Truth
2889,Office Stationery & Supplies,6561202,2024-01-18,Supply and delivery of office stationery & supplies items,Ministry of Citizen
2890,Medical Supplies & Pharmaceuticals,4394329,2020-01-16,Supply and delivery of medical supplies & pharmaceuticals items,Ministry of Yourself
2891,Cleaning & Sanitary Services,1299728,2025-08-08,Supply and delivery of cleaning & sanitary services items,Ministry of Performance
2892,Construction & Civil Works,401546212,2021-07-18,Supply and delivery of construction & civil works items,Ministry of Myself
2893,Consultancy Services,867128,2024-11-15,Supply and delivery of consultancy services items,Ministry of Should
2894,Construction & Civil Works,258990014,2025-03-26,Supply and delivery of construction & civil works items,Ministry of Learn
2895,Construction & Civil Works,16954802,2020-04-16,Supply and delivery of construction & civil works items,Ministry of Father
2896,Cleaning & Sanitary Services,6177449,2020-03-28,Supply and delivery of cleaning & sanitary services items,Ministry of Trip
2897,Medical Supplies & Pharmaceuticals,1267498,2022-12-08,Supply and delivery of medical supplies & pharmaceuticals items,Ministry of Hit
2898,Construction & Civil Works,294003968,2020-04-19,Supply and delivery of construction & civil works items,Ministry of Place
2899,Consultancy Services,7120480,2024-02-12,Supply and delivery of consultancy services items,Ministry of Entire
2900,Medical Supplies & Pharmaceuticals,3933538,2022-07-21,Supply and delivery of medical supplies & pharmaceuticals items,Ministry of Republican
2901,ICT Equipment & Software,44613896,2021-10-10,Supply and delivery of ict equipment & software items,Ministry of Tell
2902,Cleaning & Sanitary Services,338366,2020-02-21,Supply and delivery of cleaning & sanitary services items,Ministry of Example
2903,Office Stationery & Supplies,9354326,2021-01-26,Supply and delivery of office stationery & supplies items,Ministry of Heavy
2904,Cleaning & Sanitary Services,4507900,2022-07-02,Supply and delivery of cleaning & sanitary services items,Ministry of Likely
2905,Medical Supplies & Pharmaceuticals,8905348,2021-12-12,Supply and delivery of medical supplies & pharmaceuticals items,Ministry of Provide
2906,ICT Equipment & Software,25310292,2020-03-19,Supply and delivery of ict equipment & software items,Ministry of Brother
2907,Construction & Civil Works,320785813,2022-02-21,Supply and delivery of construction & civil works items,Ministry of Although
2908,Consultancy Services,1041208,2023-03-10,Supply and delivery of consultancy services items,Ministry of Individual
2909,ICT Equipment & Software,20244597,2021-06-28,Supply and delivery of ict equipment & software items,Ministry of Become
2910,Consultancy Services,3214659,2023-03-18,Supply and delivery of consultancy services items,Ministry of Card
2911,Cleaning & Sanitary Services,7403667,2024-05-11,Supply and delivery of cleaning & sanitary services items,Ministry of Property
2912,Consultancy Services,6637932,2022-12-17,Supply and delivery of consultancy services items,Ministry of Walk
2913,Cleaning & Sanitary Services,5707414,2021-08-24,Supply and delivery of cleaning & sanitary services items,Ministry of Low
2914,Construction & Civil Works,271764214,2024-02-18,Supply and delivery of construction & civil works items,Ministry of Either
2915,Motor Vehicles & Spare Parts,8511603,2025-07-06,Supply and delivery of motor vehicles & spare parts items,Ministry of Well
2916,Construction & Civil Works,342197325,2025-01-03,Supply and delivery of construction & civil works items,Ministry of Significant
2917,Medical Supplies & Pharmaceuticals,541168,2024-12-02,Supply and delivery of medical supplies & pharmaceuticals items,Ministry of Outside
2918,Consultancy Services,9177805,2022-10-01,Supply and delivery of consultancy services items,Ministry of Ball
2919,Cleaning & Sanitary Services,8988079,2021-12-16,Supply and delivery of cleaning & sanitary services items,Ministry of American
2920,Medical Supplies & Pharmaceuticals,5380156,2020-11-17,Supply and delivery of medical supplies & pharmaceuticals items,Ministry of Shake
2921,Medical Supplies & Pharmaceuticals,8499122,2023-10-29,Supply and delivery of medical supplies & pharmaceuticals items,Ministry of Us
2922,Construction & Civil Works,166487937,2020-08-09,Supply and delivery of construction & civil works items,Ministry of Music
2923,Motor Vehicles & Spare Parts,3030299,2025-11-17,Supply and delivery of motor vehicles & spare parts items,Ministry of Bar
2924,ICT Equipment & Software,1128373,2022-01-10,Supply and delivery of ict equipment & software items,Ministry of Public
2925,Cleaning & Sanitary Services,8479482,2024-06-29,Supply and delivery of cleaning & sanitary services items,Ministry of Knowledge
2926,Consultancy Services,9864128,2022-05-28,Supply and delivery of consultancy services items,Ministry of Create
2927,Consultancy Services,6332474,2025-09-13,Supply and delivery of consultancy services items,Ministry of Even
2928,Construction & Civil Works,344125631,2024-04-30,Supply and delivery of construction & civil works items,Ministry of Situation
2929,Cleaning & Sanitary Services,3883831,2025-04-18,Supply and delivery of cleaning & sanitary services items,Ministry of Think
2930,Office Stationery & Supplies,5282190,2025-06-21,Supply and delivery of office stationery & supplies items,Ministry of But
2931,Office Stationery & Supplies,1450093,2024-10-04,Supply and delivery of office stationery & supplies items,Ministry of Own
2932,Medical Supplies & Pharmaceuticals,8682299,2021-07-25,Supply and delivery of medical supplies & pharmaceuticals items,Ministry of Floor
2933,Medical Supplies & Pharmaceuticals,4575687,2023-09-10,Supply and delivery of medical supplies & pharmaceuticals items,Ministry of Notice
2934,Construction & Civil Works,222714004,2025-02-14,Supply and delivery of construction & civil works items,Ministry of Either
2935,Construction & Civil Works,303344278,2024-03-01,Supply and delivery of construction & civil works items,Ministry of Appear
2936,Medical Supplies & Pharmaceuticals,5855327,2022-03-30,Supply and delivery of medical supplies & pharmaceuticals items,Ministry of Material
2937,Office Stationery & Supplies,2692440,2021-04-16,Supply and delivery of office stationery & supplies items,Ministry of Worry
2938,Construction & Civil Works,433298977,2022-08-15,Supply and delivery of construction & civil works items,Ministry of Skin
2939,ICT Equipment & Software,36546153,2024-02-18,Supply and delivery of ict equipment & software items,Ministry of Cultural
2940,Office Stationery & Supplies,9493019,2021-08-29,Supply and delivery of office stationery & supplies items,Ministry of Remain
2941,Cleaning & Sanitary Services,5095427,2020-04-10,Supply and delivery of cleaning & sanitary services items,Ministry of Inside
2942,Medical Supplies & Pharmaceuticals,299542,2025-06-16,Supply and delivery of medical supplies & pharmaceuticals items,Ministry of Resource
2943,Motor Vehicles & Spare Parts,3583802,2021-09-16,Supply and delivery of motor vehicles & spare parts items,Ministry of Accept
2944,ICT Equipment & Software,44393540,2022-06-11,Supply and delivery of ict equipment & software items,Ministry of After
2945,Cleaning & Sanitary Services,4184032,2024-09-09,Supply and delivery of cleaning & sanitary services items,Ministry of Realize
2946,Cleaning & Sanitary Services,8395445,2020-10-11,Supply and delivery of cleaning & sanitary services items,Ministry of Example
2947,Construction & Civil Works,325704087,2022-10-10,Supply and delivery of construction & civil works items,Ministry of Street
2948,Construction & Civil Works,209880974,2025-11-08,Supply and delivery of construction & civil works items,Ministry of Friend
2949,ICT Equipment & Software,29354322,2020-07-31,Supply and delivery of ict equipment & software items,Ministry of Down
2950,Cleaning & Sanitary Services,599964,2020-02-09,Supply and delivery of cleaning & sanitary services items,Ministry of Garden
2951,Cleaning & Sanitary Services,3097493,2021-04-29,Supply and delivery of cleaning & sanitary services items,Ministry of Population
2952,Office Stationery & Supplies,7678729,2021-09-22,Supply and delivery of office stationery & supplies items,Ministry of Seem
2953,Construction & Civil Works,298606715,2023-08-28,Supply and delivery of construction & civil works items,Ministry of Magazine
2954,Cleaning & Sanitary Services,3042905,2023-07-12,Supply and delivery of cleaning & sanitary services items,Ministry of Prove
2955,Medical Supplies & Pharmaceuticals,3528261,2023-07-28,Supply and delivery of medical supplies & pharmaceuticals items,Ministry of Number
2956,Office Stationery & Supplies,8290219,2022-05-02,Supply and delivery of office stationery & supplies items,Ministry of Wonder
2957,ICT Equipment & Software,38808849,2023-05-06,Supply and delivery of ict equipment & software items,Ministry of Gun
2958,Motor Vehicles & Spare Parts,2727014,2022-01-16,Supply and delivery of motor vehicles & spare parts items,Ministry of Half
2959,Office Stationery & Supplies,6036419,2024-12-07,Supply and delivery of office stationery & supplies items,Ministry of Civil
2960,Medical Supplies & Pharmaceuticals,7413184,2022-10-09,Supply and delivery of medical supplies & pharmaceuticals items,Ministry of Situation
2961,Consultancy Services,5403441,2022-12-29,Supply and delivery of consultancy services items,Ministry of No
2962,Construction & Civil Works,66739321,2024-03-08,Supply and delivery of construction & civil works items,Ministry of Report
2963,Construction & Civil Works,141865919,2022-05-04,Supply and delivery of construction & civil works items,Ministry of Interesting
2964,Motor Vehicles & Spare Parts,6251990,2020-03-11,Supply and delivery of motor vehicles & spare parts items,Ministry of Together
2965,Consultancy Services,3650985,2023-06-05,Supply and delivery of consultancy services items,Ministry of Bar
2966,Medical Supplies & Pharmaceuticals,8261665,2023-10-15,Supply and delivery of medical supplies & pharmaceuticals items,Ministry of Option
2967,Cleaning & Sanitary Services,837550,2025-11-28,Supply and delivery of cleaning & sanitary services items,Ministry of Because
2968,Office Stationery & Supplies,1898954,2021-03-30,Supply and delivery of office stationery & supplies items,Ministry of Next
2969,Motor Vehicles & Spare Parts,9271141,2022-03-19,Supply and delivery of motor vehicles & spare parts items,Ministry of Film
2970,Office Stationery & Supplies,2902743,2024-07-03,Supply and delivery of office stationery & supplies items,Ministry of Live
2971,Motor Vehicles & Spare Parts,6265706,2024-01-17,Supply and delivery of motor vehicles & spare parts items,Ministry of All
2972,Motor Vehicles & Spare Parts,5946636,2020-12-07,Supply and delivery of motor vehicles & spare parts items,Ministry of Pattern
2973,Medical Supplies & Pharmaceuticals,7530747,2020-12-31,Supply and delivery of medical supplies & pharmaceuticals items,Ministry of He
2974,ICT Equipment & Software,9328325,2023-05-22,Supply and delivery of ict equipment & software items,Ministry of Just
2975,Motor Vehicles & Spare Parts,7027416,2025-12-21,Supply and delivery of motor vehicles & spare parts items,Ministry of Agency
2976,ICT Equipment & Software,39439633,2024-07-04,Supply and delivery of ict equipment & software items,Ministry of Federal
2977,Motor Vehicles & Spare Parts,7460401,2023-05-04,Supply and delivery of motor vehicles & spare parts items,Ministry of Military
2978,ICT Equipment & Software,35374739,2025-12-08,Supply and delivery of ict equipment & software items,Ministry of How
2979,Construction & Civil Works,234057111,2025-07-11,Supply and delivery of construction & civil works items,Ministry of Catch
2980,ICT Equipment & Software,21952647,2022-04-09,Supply and delivery of ict equipment & software items,Ministry of To
2981,Medical Supplies & Pharmaceuticals,7154378,2020-09-27,Supply and delivery of medical supplies & pharmaceuticals items,Ministry of Individual
2982,ICT Equipment & Software,39808102,2021-04-23,Supply and delivery of ict equipment & software items,Ministry of Bring
2983,Cleaning & Sanitary Services,9402825,2023-06-04,Supply and delivery of cleaning & sanitary services items,Ministry of Could
2984,Consultancy Services,4926176,2025-03-09,Supply and delivery of consultancy services items,Ministry of Speak
2985,ICT Equipment & Software,19199008,2024-08-30,Supply and delivery of ict equipment & software items,Ministry of Simple
2986,Office Stationery & Supplies,5854068,2025-11-14,Supply and delivery of office stationery & supplies items,Ministry of Oil
2987,Medical Supplies & Pharmaceuticals,4689716,2022-06-14,Supply and delivery of medical supplies & pharmaceuticals items,Ministry of Society
2988,Medical Supplies & Pharmaceuticals,9783733,2021-04-22,Supply and delivery of medical supplies & pharmaceuticals items,Ministry of Wear
2989,Medical Supplies & Pharmaceuticals,6163389,2023-08-05,Supply and delivery of medical supplies & pharmaceuticals items,Ministry of Front
2990,Cleaning & Sanitary Services,8161792,2024-08-15,Supply and delivery of cleaning & sanitary services items,Ministry of Professor
2991,Cleaning & Sanitary Services,9622467,2020-08-19,Supply and delivery of cleaning & sanitary services items,Ministry of Usually
2992,Consultancy Services,3335863,2024-02-13,Supply and delivery of consultancy services items,Ministry of Property
2993,Medical Supplies & Pharmaceuticals,4483030,2024-07-27,Supply and delivery of medical supplies & pharmaceuticals items,Ministry of Friend
2994,Consultancy Services,8702831,2023-01-05,Supply and delivery of consultancy services items,Ministry of No
2995,Consultancy Services,2712761,2022-05-09,Supply and delivery of consultancy services items,Ministry of Town
2996,ICT Equipment & Software,47866565,2022-06-04,Supply and delivery of ict equipment & software items,Ministry of Something
2997,Cleaning & Sanitary Services,3375072,2022-10-13,Supply and delivery of cleaning & sanitary services items,Ministry of That
2998,Construction & Civil Works,15074698,2025-07-18,Supply and delivery of construction & civil works items,Ministry of Close
2999,Office Stationery & Supplies,8776514,2025-07-17,Supply and delivery of office stationery & supplies items,Ministry of Cost
3000,Office Stationery & Supplies,6032572,2022-05-26,Supply and delivery of office stationery & supplies items,Ministry of About
3001,Consultancy Services,9673200,2023-03-13,Supply and delivery of consultancy services items,Ministry of Good
3002,ICT Equipment & Software,44554069,2024-07-29,Supply and delivery of ict equipment & software items,Ministry of Reality
3003,Motor Vehicles & Spare Parts,2326217,2021-01-12,Supply and delivery of motor vehicles & spare parts items,Ministry of Whatever
3004,Medical Supplies & Pharmaceuticals,8850364,2020-08-03,Supply and delivery of medical supplies & pharmaceuticals items,Ministry of Partner
3005,Office Stationery & Supplies,3360802,2023-12-01,Supply and delivery of office stationery & supplies items,Ministry of Kid
3006,Medical Supplies & Pharmaceuticals,9005865,2022-06-17,Supply and delivery of medical supplies & pharmaceuticals items,Ministry of Provide
3007,Office Stationery & Supplies,9789065,2020-03-04,Supply and delivery of office stationery & supplies items,Ministry of Door
3008,Cleaning & Sanitary Services,5249387,2020-10-30,Supply and delivery of cleaning & sanitary services items,Ministry of President
3009,Motor Vehicles & Spare Parts,9969865,2023-01-07,Supply and delivery of motor vehicles & spare parts items,Ministry of Be
3010,Cleaning & Sanitary Services,7927881,2023-08-06,Supply and delivery of cleaning & sanitary services items,Ministry of Sign
3011,ICT Equipment & Software,24596114,2022-06-14,Supply and delivery of ict equipment & software items,Ministry of Agency
3012,Construction & Civil Works,458247031,2021-12-13,Supply and delivery of construction & civil works items,Ministry of Enjoy
3013,Consultancy Services,1237273,2020-12-30,Supply and delivery of consultancy services items,Ministry of Process
3014,ICT Equipment & Software,33348720,2022-10-30,Supply and delivery of ict equipment & software items,Ministry of Benefit
3015,Cleaning & Sanitary Services,6207511,2025-09-16,Supply and delivery of cleaning & sanitary services items,Ministry of Agency
3016,Motor Vehicles & Spare Parts,133734,2024-06-15,Supply and delivery of motor vehicles & spare parts items,Ministry of Use
3017,Medical Supplies & Pharmaceuticals,2871034,2024-09-26,Supply and delivery of medical supplies & pharmaceuticals items,Ministry of Improve
3018,Construction & Civil Works,139888981,2023-04-24,Supply and delivery of construction & civil works items,Ministry of Treat
3019,ICT Equipment & Software,32760205,2021-02-26,Supply and delivery of ict equipment & software items,Ministry of White
3020,Construction & Civil Works,213238208,2020-12-19,Supply and delivery of construction & civil works items,Ministry of Home
3021,Construction & Civil Works,78724243,2024-05-03,Supply and delivery of construction & civil works items,Ministry of Education
3022,Consultancy Services,5726211,2021-01-18,Supply and delivery of consultancy services items,Ministry of Write
3023,Medical Supplies & Pharmaceuticals,4093767,2024-04-10,Supply and delivery of medical supplies & pharmaceuticals items,Ministry of Decision
3024,Consultancy Services,3925091,2021-12-08,Supply and delivery of consultancy services items,Ministry of Finally
3025,Construction & Civil Works,464898984,2020-05-22,Supply and delivery of construction & civil works items,Ministry of Allow
3026,Cleaning & Sanitary Services,6736393,2021-03-29,Supply and delivery of cleaning & sanitary services items,Ministry of Main
3027,Office Stationery & Supplies,3789638,2022-10-03,Supply and delivery of office stationery & supplies items,Ministry of Return
3028,Construction & Civil Works,129396165,2023-08-14,Supply and delivery of construction & civil works items,Ministry of Effort
3029,Office Stationery & Supplies,9683663,2024-10-11,Supply and delivery of office stationery & supplies items,Ministry of Main
3030,Cleaning & Sanitary Services,6332302,2022-12-31,Supply and delivery of cleaning & sanitary services items,Ministry of Bring
3031,Motor Vehicles & Spare Parts,9265252,2024-10-26,Supply and delivery of motor vehicles & spare parts items,Ministry of Third
3032,Construction & Civil Works,55856306,2021-12-26,Supply and delivery of construction & civil works items,Ministry of Wife
3033,Consultancy Services,9275526,2025-06-14,Supply and delivery of consultancy services items,Ministry of Election
3034,Office Stationery & Supplies,8208196,2022-10-09,Supply and delivery of office stationery & supplies items,Ministry of Available
3035,Consultancy Services,3757919,2020-01-16,Supply and delivery of consultancy services items,Ministry of Alone
3036,ICT Equipment & Software,23407093,2024-02-03,Supply and delivery of ict equipment & software items,Ministry of Investment
3037,Cleaning & Sanitary Services,7242727,2025-03-14,Supply and delivery of cleaning & sanitary services items,Ministry of Many
3038,Consultancy Services,2703680,2025-03-04,Supply and delivery of consultancy services items,Ministry of Avoid
3039,ICT Equipment & Software,45110333,2024-09-11,Supply and delivery of ict equipment & software items,Ministry of Ever
3040,Motor Vehicles & Spare Parts,958811,2025-04-19,Supply and delivery of motor vehicles & spare parts items,Ministry of Note
3041,ICT Equipment & Software,47801994,2020-09-22,Supply and delivery of ict equipment & software items,Ministry of Standard
3042,Construction & Civil Works,183825417,2023-08-22,Supply and delivery of construction & civil works items,Ministry of None
3043,Medical Supplies & Pharmaceuticals,1767108,2024-04-15,Supply and delivery of medical supplies & pharmaceuticals items,Ministry of Leg
3044,Medical Supplies & Pharmaceuticals,7693548,2022-11-19,Supply and delivery of medical supplies & pharmaceuticals items,Ministry of She
3045,Construction & Civil Works,232117004,2020-05-10,Supply and delivery of construction & civil works items,Ministry of Task
3046,ICT Equipment & Software,16605466,2022-05-22,Supply and delivery of ict equipment & software items,Ministry of Test
3047,ICT Equipment & Software,10038735,2024-05-07,Supply and delivery of ict equipment & software items,Ministry of Among
3048,Construction & Civil Works,66210169,2022-03-07,Supply and delivery of construction & civil works items,Ministry of Sense
3049,Office Stationery & Supplies,4017000,2025-07-24,Supply and delivery of office stationery & supplies items,Ministry of Professional
3050,Medical Supplies & Pharmaceuticals,8273542,2023-11-24,Supply and delivery of medical supplies & pharmaceuticals items,Ministry of Later
3051,Consultancy Services,1364008,2024-09-21,Supply and delivery of consultancy services items,Ministry of Body
3052,Medical Supplies & Pharmaceuticals,6556942,2020-11-15,Supply and delivery of medical supplies & pharmaceuticals items,Ministry of Everybody
3053,Motor Vehicles & Spare Parts,7161944,2024-07-18,Supply and delivery of motor vehicles & spare parts items,Ministry of Particularly
3054,Consultancy Services,9747720,2024-07-09,Supply and delivery of consultancy services items,Ministry of Brother
3055,ICT Equipment & Software,47762613,2024-04-30,Supply and delivery of ict equipment & software items,Ministry of Hit
3056,Construction & Civil Works,380155926,2022-06-23,Supply and delivery of construction & civil works items,Ministry of Group
3057,Motor Vehicles & Spare Parts,6234678,2020-11-07,Supply and delivery of motor vehicles & spare parts items,Ministry of Eight
3058,Medical Supplies & Pharmaceuticals,1665976,2024-10-09,Supply and delivery of medical supplies & pharmaceuticals items,Ministry of Develop
3059,Office Stationery & Supplies,4076808,2021-08-02,Supply and delivery of office stationery & supplies items,Ministry of Girl
3060,Cleaning & Sanitary Services,8701462,2023-11-07,Supply and delivery of cleaning & sanitary services items,Ministry of Back
3061,ICT Equipment & Software,24537435,2022-10-01,Supply and delivery of ict equipment & software items,Ministry of Security
3062,Consultancy Services,2381696,2022-12-13,Supply and delivery of consultancy services items,Ministry of Election
3063,Office Stationery & Supplies,1233243,2024-07-16,Supply and delivery of office stationery & supplies items,Ministry of Guess
3064,Cleaning & Sanitary Services,8693188,2021-10-08,Supply and delivery of cleaning & sanitary services items,Ministry of Light
3065,Motor Vehicles & Spare Parts,4657885,2021-12-25,Supply and delivery of motor vehicles & spare parts items,Ministry of Little
3066,Consultancy Services,5262425,2024-03-12,Supply and delivery of consultancy services items,Ministry of Out
3067,Cleaning & Sanitary Services,2608963,2021-08-26,Supply and delivery of cleaning & sanitary services items,Ministry of Also
3068,Medical Supplies & Pharmaceuticals,5927316,2024-07-26,Supply and delivery of medical supplies & pharmaceuticals items,Ministry of Choose
3069,Motor Vehicles & Spare Parts,658745,2023-02-17,Supply and delivery of motor vehicles & spare parts items,Ministry of Agree
3070,Medical Supplies & Pharmaceuticals,8682851,2021-04-29,Supply and delivery of medical supplies & pharmaceuticals items,Ministry of Hospital
3071,Cleaning & Sanitary Services,2970741,2023-05-19,Supply and delivery of cleaning & sanitary services items,Ministry of Sell
3072,Medical Supplies & Pharmaceuticals,717423,2021-09-30,Supply and delivery of medical supplies & pharmaceuticals items,Ministry of You
3073,Office Stationery & Supplies,9125639,2024-04-17,Supply and delivery of office stationery & supplies items,Ministry of Out
3074,Cleaning & Sanitary Services,1350844,2023-10-20,Supply and delivery of cleaning & sanitary services items,Ministry of May
3075,Motor Vehicles & Spare Parts,4389361,2024-04-11,Supply and delivery of motor vehicles & spare parts items,Ministry of Report
3076,ICT Equipment & Software,34301321,2021-10-08,Supply and delivery of ict equipment & software items,Ministry of Six
3077,Motor Vehicles & Spare Parts,1565088,2024-10-30,Supply and delivery of motor vehicles & spare parts items,Ministry of Career
3078,Motor Vehicles & Spare Parts,6715316,2020-11-17,Supply and delivery of motor vehicles & spare parts items,Ministry of Final
3079,Construction & Civil Works,429699662,2025-02-25,Supply and delivery of construction & civil works items,Ministry of Even
3080,Medical Supplies & Pharmaceuticals,4284251,2023-10-27,Supply and delivery of medical supplies & pharmaceuticals items,Ministry of Ahead
3081,Consultancy Services,6938163,2025-02-07,Supply and delivery of consultancy services items,Ministry of Past
3082,ICT Equipment & Software,5736840,2021-10-25,Supply and delivery of ict equipment & software items,Ministry of Pattern
3083,ICT Equipment & Software,35797659,2020-01-27,Supply and delivery of ict equipment & software items,Ministry of Himself
3084,Cleaning & Sanitary Services,7760064,2024-04-29,Supply and delivery of cleaning & sanitary services items,Ministry of Skill
3085,ICT Equipment & Software,17863686,2025-03-21,Supply and delivery of ict equipment & software items,Ministry of Nation
3086,Consultancy Services,4074409,2022-06-08,Supply and delivery of consultancy services items,Ministry of Present
3087,Cleaning & Sanitary Services,277216,2025-05-25,Supply and delivery of cleaning & sanitary services items,Ministry of Guy
3088,Consultancy Services,2276512,2023-11-11,Supply and delivery of consultancy services items,Ministry of People
3089,Consultancy Services,8612270,2025-02-11,Supply and delivery of consultancy services items,Ministry of Former
3090,Construction & Civil Works,25021787,2023-02-20,Supply and delivery of construction & civil works items,Ministry of Human
3091,Motor Vehicles & Spare Parts,9125046,2025-03-11,Supply and delivery of motor vehicles & spare parts items,Ministry of Memory
3092,Consultancy Services,1767690,2023-11-21,Supply and delivery of consultancy services items,Ministry of Truth
3093,Construction & Civil Works,120178864,2023-02-24,Supply and delivery of construction & civil works items,Ministry of Continue
3094,ICT Equipment & Software,44412076,2022-11-26,Supply and delivery of ict equipment & software items,Ministry of Hundred
3095,Cleaning & Sanitary Services,5117226,2020-02-01,Supply and delivery of cleaning & sanitary services items,Ministry of Your
3096,Medical Supplies & Pharmaceuticals,2846153,2020-05-21,Supply and delivery of medical supplies & pharmaceuticals items,Ministry of Down
3097,Office Stationery & Supplies,1204188,2021-11-08,Supply and delivery of office stationery & supplies items,Ministry of Door
3098,Office Stationery & Supplies,7392496,2020-11-24,Supply and delivery of office stationery & supplies items,Ministry of Politics
3099,Motor Vehicles & Spare Parts,3883112,2024-08-31,Supply and delivery of motor vehicles & spare parts items,Ministry of Strategy
3100,ICT Equipment & Software,24462516,2020-09-19,Supply and delivery of ict equipment & software items,Ministry of Debate
3101,Consultancy Services,368602,2022-02-20,Supply and delivery of consultancy services items,Ministry of Machine
3102,ICT Equipment & Software,36449252,2023-06-01,Supply and delivery of ict equipment & software items,Ministry of Pull
3103,Cleaning & Sanitary Services,5645501,2025-06-08,Supply and delivery of cleaning & sanitary services items,Ministry of Though
3104,Motor Vehicles & Spare Parts,4836912,2024-06-23,Supply and delivery of motor vehicles & spare parts items,Ministry of Tell
3105,Office Stationery & Supplies,2607720,2024-09-11,Supply and delivery of office stationery & supplies items,Ministry of Need
3106,ICT Equipment & Software,25759300,2025-05-21,Supply and delivery of ict equipment & software items,Ministry of Site
3107,Construction & Civil Works,479877059,2021-03-19,Supply and delivery of construction & civil works items,Ministry of Red
3108,Medical Supplies & Pharmaceuticals,9357849,2020-03-12,Supply and delivery of medical supplies & pharmaceuticals items,Ministry of Produce
3109,Construction & Civil Works,424245442,2020-08-04,Supply and delivery of construction & civil works items,Ministry of Girl
3110,Construction & Civil Works,260239125,2023-01-16,Supply and delivery of construction & civil works items,Ministry of Experience
3111,Motor Vehicles & Spare Parts,3503209,2023-04-27,Supply and delivery of motor vehicles & spare parts items,Ministry of Nor
3112,ICT Equipment & Software,28393802,2025-01-28,Supply and delivery of ict equipment & software items,Ministry of Note
3113,ICT Equipment & Software,42344417,2025-03-26,Supply and delivery of ict equipment & software items,Ministry of Success
3114,ICT Equipment & Software,18616299,2020-05-02,Supply and delivery of ict equipment & software items,Ministry of Our
3115,Construction & Civil Works,133853748,2023-02-19,Supply and delivery of construction & civil works items,Ministry of Election
3116,ICT Equipment & Software,47249580,2021-07-15,Supply and delivery of ict equipment & software items,Ministry of Sister
3117,Motor Vehicles & Spare Parts,2474151,2021-02-04,Supply and delivery of motor vehicles & spare parts items,Ministry of Would
3118,ICT Equipment & Software,17454692,2023-11-26,Supply and delivery of ict equipment & software items,Ministry of Election
3119,ICT Equipment & Software,31693070,2021-05-15,Supply and delivery of ict equipment & software items,Ministry of Series
3120,Cleaning & Sanitary Services,8406042,2022-09-26,Supply and delivery of cleaning & sanitary services items,Ministry of Amount
3121,Office Stationery & Supplies,3049908,2025-11-15,Supply and delivery of office stationery & supplies items,Ministry of Exactly
3122,ICT Equipment & Software,46456920,2023-04-24,Supply and delivery of ict equipment & software items,Ministry of Benefit
3123,ICT Equipment & Software,47171201,2024-06-16,Supply and delivery of ict equipment & software items,Ministry of Significant
3124,ICT Equipment & Software,14216680,2024-12-25,Supply and delivery of ict equipment & software items,Ministry of Attack
3125,Cleaning & Sanitary Services,9624338,2025-06-08,Supply and delivery of cleaning & sanitary services items,Ministry of Cause
3126,Motor Vehicles & Spare Parts,9645257,2023-02-18,Supply and delivery of motor vehicles & spare parts items,Ministry of Ask
3127,Motor Vehicles & Spare Parts,5918812,2021-03-31,Supply and delivery of motor vehicles & spare parts items,Ministry of Either
3128,Cleaning & Sanitary Services,6211053,2023-07-07,Supply and delivery of cleaning & sanitary services items,Ministry of Party
3129,Medical Supplies & Pharmaceuticals,942329,2022-11-11,Supply and delivery of medical supplies & pharmaceuticals items,Ministry of Billion
3130,Motor Vehicles & Spare Parts,7843343,2023-03-22,Supply and delivery of motor vehicles & spare parts items,Ministry of Station
3131,Motor Vehicles & Spare Parts,9377584,2020-04-21,Supply and delivery of motor vehicles & spare parts items,Ministry of Strategy
3132,Office Stationery & Supplies,274588,2023-10-20,Supply and delivery of office stationery & supplies items,Ministry of Debate
3133,Office Stationery & Supplies,7736805,2022-11-13,Supply and delivery of office stationery & supplies items,Ministry of Letter
3134,Motor Vehicles & Spare Parts,1630332,2020-07-01,Supply and delivery of motor vehicles & spare parts items,Ministry of Decade
3135,Office Stationery & Supplies,4839023,2020-08-06,Supply and delivery of office stationery & supplies items,Ministry of Perform
3136,Cleaning & Sanitary Services,1133290,2021-04-16,Supply and delivery of cleaning & sanitary services items,Ministry of Message
3137,Motor Vehicles & Spare Parts,6947129,2021-10-19,Supply and delivery of motor vehicles & spare parts items,Ministry of Act
3138,Cleaning & Sanitary Services,7558136,2023-06-28,Supply and delivery of cleaning & sanitary services items,Ministry of Traditional
3139,Office Stationery & Supplies,8970046,2025-06-05,Supply and delivery of office stationery & supplies items,Ministry of Service
3140,ICT Equipment & Software,5268424,2025-04-26,Supply and delivery of ict equipment & software items,Ministry of Star
3141,Medical Supplies & Pharmaceuticals,1358542,2023-11-08,Supply and delivery of medical supplies & pharmaceuticals items,Ministry of Perform
3142,Consultancy Services,7449953,2024-10-31,Supply and delivery of consultancy services items,Ministry of Possible
3143,Construction & Civil Works,361393627,2024-07-13,Supply and delivery of construction & civil works items,Ministry of A
3144,Consultancy Services,7514440,2021-07-05,Supply and delivery of consultancy services items,Ministry of Investment
3145,Consultancy Services,1691711,2023-08-10,Supply and delivery of consultancy services items,Ministry of Mind
3146,Cleaning & Sanitary Services,2158721,2023-10-14,Supply and delivery of cleaning & sanitary services items,Ministry of Get
3147,Office Stationery & Supplies,4757448,2023-01-16,Supply and delivery of office stationery & supplies items,Ministry of My
3148,ICT Equipment & Software,38131205,2021-09-13,Supply and delivery of ict equipment & software items,Ministry of Quite
3149,Cleaning & Sanitary Services,4612121,2021-10-18,Supply and delivery of cleaning & sanitary services items,Ministry of Trip
3150,Medical Supplies & Pharmaceuticals,7008008,2023-03-12,Supply and delivery of medical supplies & pharmaceuticals items,Ministry of Growth
3151,Construction & Civil Works,352408360,2021-08-26,Supply and delivery of construction & civil works items,Ministry of Option
3152,ICT Equipment & Software,39955158,2023-01-07,Supply and delivery of ict equipment & software items,Ministry of Process
3153,Medical Supplies & Pharmaceuticals,2862594,2022-08-22,Supply and delivery of medical supplies & pharmaceuticals items,Ministry of Something
3154,Cleaning & Sanitary Services,7786281,2025-09-03,Supply and delivery of cleaning & sanitary services items,Ministry of Method
3155,Motor Vehicles & Spare Parts,8878570,2020-01-15,Supply and delivery of motor vehicles & spare parts items,Ministry of Walk
3156,Cleaning & Sanitary Services,3577899,2025-11-04,Supply and delivery of cleaning & sanitary services items,Ministry of Many
3157,Consultancy Services,9290288,2022-12-22,Supply and delivery of consultancy services items,Ministry of Country
3158,Office Stationery & Supplies,9431137,2020-05-23,Supply and delivery of office stationery & supplies items,Ministry of Lay
3159,Office Stationery & Supplies,2186172,2024-01-14,Supply and delivery of office stationery & supplies items,Ministry of Between
3160,ICT Equipment & Software,29595955,2025-07-20,Supply and delivery of ict equipment & software items,Ministry of Level
3161,Motor Vehicles & Spare Parts,8604589,2022-01-20,Supply and delivery of motor vehicles & spare parts items,Ministry of Right
3162,ICT Equipment & Software,24600149,2023-03-26,Supply and delivery of ict equipment & software items,Ministry of Cover
3163,Motor Vehicles & Spare Parts,8777177,2021-02-28,Supply and delivery of motor vehicles & spare parts items,Ministry of Boy
3164,ICT Equipment & Software,20533721,2024-07-29,Supply and delivery of ict equipment & software items,Ministry of Different
3165,ICT Equipment & Software,47599838,2021-11-04,Supply and delivery of ict equipment & software items,Ministry of Focus
3166,Consultancy Services,1615538,2021-12-02,Supply and delivery of consultancy services items,Ministry of Nice
3167,Medical Supplies & Pharmaceuticals,4949666,2022-10-30,Supply and delivery of medical supplies & pharmaceuticals items,Ministry of Reveal
3168,Office Stationery & Supplies,6825630,2021-10-19,Supply and delivery of office stationery & supplies items,Ministry of Poor
3169,Cleaning & Sanitary Services,2292848,2021-04-05,Supply and delivery of cleaning & sanitary services items,Ministry of Remember
3170,Medical Supplies & Pharmaceuticals,4964912,2020-12-04,Supply and delivery of medical supplies & pharmaceuticals items,Ministry of Close
3171,Cleaning & Sanitary Services,9457832,2021-02-24,Supply and delivery of cleaning & sanitary services items,Ministry of Individual
3172,Cleaning & Sanitary Services,4361725,2024-09-17,Supply and delivery of cleaning & sanitary services items,Ministry of Together
3173,Consultancy Services,5645636,2020-12-12,Supply and delivery of consultancy services items,Ministry of Recognize
3174,Office Stationery & Supplies,5352371,2020-12-10,Supply and delivery of office stationery & supplies items,Ministry of Name
3175,Office Stationery & Supplies,174804,2025-11-19,Supply and delivery of office stationery & supplies items,Ministry of Ready
3176,Motor Vehicles & Spare Parts,3076877,2023-07-28,Supply and delivery of motor vehicles & spare parts items,Ministry of Keep
3177,Office Stationery & Supplies,5057107,2024-09-04,Supply and delivery of office stationery & supplies items,Ministry of Exist
3178,Medical Supplies & Pharmaceuticals,3011898,2021-05-16,Supply and delivery of medical supplies & pharmaceuticals items,Ministry of Everyone
3179,Medical Supplies & Pharmaceuticals,8975943,2022-10-31,Supply and delivery of medical supplies & pharmaceuticals items,Ministry of Total
3180,Cleaning & Sanitary Services,7789262,2025-01-02,Supply and delivery of cleaning & sanitary services items,Ministry of Hospital
3181,Cleaning & Sanitary Services,3609163,2020-11-13,Supply and delivery of cleaning & sanitary services items,Ministry of Goal
3182,Office Stationery & Supplies,9855459,2024-05-11,Supply and delivery of office stationery & supplies items,Ministry of Themselves
3183,Office Stationery & Supplies,2226028,2024-06-20,Supply and delivery of office stationery & supplies items,Ministry of Listen
3184,Consultancy Services,3085032,2021-11-05,Supply and delivery of consultancy services items,Ministry of Order
3185,Medical Supplies & Pharmaceuticals,3177195,2022-05-12,Supply and delivery of medical supplies & pharmaceuticals items,Ministry of Key
3186,Construction & Civil Works,318835596,2020-01-13,Supply and delivery of construction & civil works items,Ministry of Yard
3187,ICT Equipment & Software,35131269,2022-06-04,Supply and delivery of ict equipment & software items,Ministry of Issue
3188,ICT Equipment & Software,22994683,2022-02-13,Supply and delivery of ict equipment & software items,Ministry of Support
3189,ICT Equipment & Software,16625202,2020-11-02,Supply and delivery of ict equipment & software items,Ministry of Loss
3190,Office Stationery & Supplies,1729040,2024-08-07,Supply and delivery of office stationery & supplies items,Ministry of After
3191,Consultancy Services,3763289,2024-11-28,Supply and delivery of consultancy services items,Ministry of Degree
3192,Medical Supplies & Pharmaceuticals,3016596,2021-04-02,Supply and delivery of medical supplies & pharmaceuticals items,Ministry of Sense
3193,ICT Equipment & Software,31377053,2021-07-14,Supply and delivery of ict equipment & software items,Ministry of There
3194,Cleaning & Sanitary Services,4227436,2022-03-29,Supply and delivery of cleaning & sanitary services items,Ministry of Fund
3195,ICT Equipment & Software,33902592,2022-07-25,Supply and delivery of ict equipment & software items,Ministry of Idea
3196,Cleaning & Sanitary Services,4966940,2021-12-14,Supply and delivery of cleaning & sanitary services items,Ministry of Opportunity
3197,Medical Supplies & Pharmaceuticals,9020206,2024-06-07,Supply and delivery of medical supplies & pharmaceuticals items,Ministry of Subject
3198,Construction & Civil Works,62101200,2021-04-16,Supply and delivery of construction & civil works items,Ministry of Most
3199,Cleaning & Sanitary Services,9154860,2022-08-22,Supply and delivery of cleaning & sanitary services items,Ministry of Eye
3200,Cleaning & Sanitary Services,3150798,2020-08-22,Supply and delivery of cleaning & sanitary services items,Ministry of Eight
3201,ICT Equipment & Software,37309424,2020-12-17,Supply and delivery of ict equipment & software items,Ministry of Several
3202,Office Stationery & Supplies,6369191,2022-11-16,Supply and delivery of office stationery & supplies items,Ministry of Set
3203,Medical Supplies & Pharmaceuticals,3635443,2023-07-23,Supply and delivery of medical supplies & pharmaceuticals items,Ministry of Your
3204,Cleaning & Sanitary Services,7414895,2020-04-10,Supply and delivery of cleaning & sanitary services items,Ministry of Receive
3205,Office Stationery & Supplies,6625940,2022-05-04,Supply and delivery of office stationery & supplies items,Ministry of When
3206,Construction & Civil Works,338416510,2024-03-27,Supply and delivery of construction & civil works items,Ministry of Enjoy
3207,Cleaning & Sanitary Services,4950224,2021-09-05,Supply and delivery of cleaning & sanitary services items,Ministry of Policy
3208,Office Stationery & Supplies,5606336,2023-07-08,Supply and delivery of office stationery & supplies items,Ministry of Artist
3209,Cleaning & Sanitary Services,2585178,2020-08-10,Supply and delivery of cleaning & sanitary services items,Ministry of Purpose
3210,Medical Supplies & Pharmaceuticals,6479022,2022-01-20,Supply and delivery of medical supplies & pharmaceuticals items,Ministry of Note
3211,ICT Equipment & Software,5977630,2022-03-20,Supply and delivery of ict equipment & software items,Ministry of Wind
3212,Medical Supplies & Pharmaceuticals,6388893,2021-09-14,Supply and delivery of medical supplies & pharmaceuticals items,Ministry of Marriage
3213,Motor Vehicles & Spare Parts,2185469,2020-10-21,Supply and delivery of motor vehicles & spare parts items,Ministry of So
3214,Construction & Civil Works,436341356,2020-06-11,Supply and delivery of construction & civil works items,Ministry of Stage
3215,Cleaning & Sanitary Services,1236078,2024-05-23,Supply and delivery of cleaning & sanitary services items,Ministry of Thank
3216,Motor Vehicles & Spare Parts,6162825,2020-11-28,Supply and delivery of motor vehicles & spare parts items,Ministry of City
3217,Cleaning & Sanitary Services,9073541,2023-07-16,Supply and delivery of cleaning & sanitary services items,Ministry of Painting
3218,Cleaning & Sanitary Services,9490328,2021-03-14,Supply and delivery of cleaning & sanitary services items,Ministry of Behavior
3219,Cleaning & Sanitary Services,527709,2022-08-18,Supply and delivery of cleaning & sanitary services items,Ministry of Generation
3220,Construction & Civil Works,449851763,2023-06-08,Supply and delivery of construction & civil works items,Ministry of Source
3221,Cleaning & Sanitary Services,1850866,2023-12-18,Supply and delivery of cleaning & sanitary services items,Ministry of Onto
3222,ICT Equipment & Software,37831605,2023-03-09,Supply and delivery of ict equipment & software items,Ministry of Film
3223,Medical Supplies & Pharmaceuticals,5375463,2024-02-19,Supply and delivery of medical supplies & pharmaceuticals items,Ministry of Challenge
3224,Construction & Civil Works,369886573,2024-08-18,Supply and delivery of construction & civil works items,Ministry of Author
3225,Construction & Civil Works,402432673,2025-03-22,Supply and delivery of construction & civil works items,Ministry of Scene
3226,Construction & Civil Works,233527446,2024-04-07,Supply and delivery of construction & civil works items,Ministry of Former
3227,Consultancy Services,5334748,2025-09-28,Supply and delivery of consultancy services items,Ministry of Herself
3228,Construction & Civil Works,240505159,2025-06-06,Supply and delivery of construction & civil works items,Ministry of Like
3229,Cleaning & Sanitary Services,6930707,2024-06-25,Supply and delivery of cleaning & sanitary services items,Ministry of Difficult
3230,Consultancy Services,4845920,2021-02-07,Supply and delivery of consultancy services items,Ministry of Management
3231,Cleaning & Sanitary Services,5888773,2021-05-13,Supply and delivery of cleaning & sanitary services items,Ministry of High
3232,Cleaning & Sanitary Services,7617475,2021-12-30,Supply and delivery of cleaning & sanitary services items,Ministry of Research
3233,ICT Equipment & Software,46829192,2025-10-29,Supply and delivery of ict equipment & software items,Ministry of Event
3234,ICT Equipment & Software,23378786,2021-07-13,Supply and delivery of ict equipment & software items,Ministry of Small
3235,ICT Equipment & Software,8532304,2025-08-05,Supply and delivery of ict equipment & software items,Ministry of Challenge
3236,Motor Vehicles & Spare Parts,1876238,2020-09-18,Supply and delivery of motor vehicles & spare parts items,Ministry of Item
3237,Construction & Civil Works,171642394,2022-07-25,Supply and delivery of construction & civil works items,Ministry of Sure
3238,Construction & Civil Works,270311002,2022-12-01,Supply and delivery of construction & civil works items,Ministry of Anything
3239,Office Stationery & Supplies,6608676,2024-12-27,Supply and delivery of office stationery & supplies items,Ministry of As
3240,Motor Vehicles & Spare Parts,2095127,2025-06-23,Supply and delivery of motor vehicles & spare parts items,Ministry of Music
3241,Consultancy Services,9997442,2022-03-29,Supply and delivery of consultancy services items,Ministry of Others
3242,Motor Vehicles & Spare Parts,1135108,2022-08-15,Supply and delivery of motor vehicles & spare parts items,Ministry of Almost
3243,Motor Vehicles & Spare Parts,578365,2025-10-03,Supply and delivery of motor vehicles & spare parts items,Ministry of Tv
3244,Medical Supplies & Pharmaceuticals,2174242,2024-10-15,Supply and delivery of medical supplies & pharmaceuticals items,Ministry of Street
3245,Construction & Civil Works,245113785,2023-03-26,Supply and delivery of construction & civil works items,Ministry of Fear
3246,Construction & Civil Works,132448230,2023-06-13,Supply and delivery of construction & civil works items,Ministry of Protect
3247,ICT Equipment & Software,17771425,2020-05-27,Supply and delivery of ict equipment & software items,Ministry of Bag
3248,Motor Vehicles & Spare Parts,1634230,2023-05-23,Supply and delivery of motor vehicles & spare parts items,Ministry of Open
3249,Office Stationery & Supplies,5551151,2024-09-06,Supply and delivery of office stationery & supplies items,Ministry of Night
3250,Construction & Civil Works,123292492,2020-12-12,Supply and delivery of construction & civil works items,Ministry of Must
3251,Medical Supplies & Pharmaceuticals,4120018,2025-01-28,Supply and delivery of medical supplies & pharmaceuticals items,Ministry of Begin
3252,Medical Supplies & Pharmaceuticals,6986608,2023-06-11,Supply and delivery of medical supplies & pharmaceuticals items,Ministry of Management
3253,Cleaning & Sanitary Services,7558403,2023-08-29,Supply and delivery of cleaning & sanitary services items,Ministry of Cut
3254,Construction & Civil Works,261552337,2024-07-05,Supply and delivery of construction & civil works items,Ministry of Speak
3255,Motor Vehicles & Spare Parts,5409068,2024-02-07,Supply and delivery of motor vehicles & spare parts items,Ministry of Television
3256,Motor Vehicles & Spare Parts,5056780,2021-08-29,Supply and delivery of motor vehicles & spare parts items,Ministry of Live
3257,Motor Vehicles & Spare Parts,4423242,2025-05-02,Supply and delivery of motor vehicles & spare parts items,Ministry of Single
3258,Medical Supplies & Pharmaceuticals,2971712,2020-11-29,Supply and delivery of medical supplies & pharmaceuticals items,Ministry of Give
3259,Medical Supplies & Pharmaceuticals,7003538,2020-06-08,Supply and delivery of medical supplies & pharmaceuticals items,Ministry of Raise
3260,Construction & Civil Works,152267081,2023-06-14,Supply and delivery of construction & civil works items,Ministry of Long
3261,Medical Supplies & Pharmaceuticals,3666568,2023-03-02,Supply and delivery of medical supplies & pharmaceuticals items,Ministry of Room
3262,Consultancy Services,1892363,2024-06-08,Supply and delivery of consultancy services items,Ministry of Lay
3263,Office Stationery & Supplies,877867,2025-05-02,Supply and delivery of office stationery & supplies items,Ministry of Interest
3264,Cleaning & Sanitary Services,3166461,2023-06-13,Supply and delivery of cleaning & sanitary services items,Ministry of According
3265,Medical Supplies & Pharmaceuticals,5856911,2023-09-28,Supply and delivery of medical supplies & pharmaceuticals items,Ministry of In
3266,Consultancy Services,1802424,2020-02-11,Supply and delivery of consultancy services items,Ministry of Down
3267,Medical Supplies & Pharmaceuticals,4275252,2021-12-07,Supply and delivery of medical supplies & pharmaceuticals items,Ministry of City
3268,Construction & Civil Works,29794122,2021-07-21,Supply and delivery of construction & civil works items,Ministry of Dog
3269,Construction & Civil Works,114998205,2023-07-04,Supply and delivery of construction & civil works items,Ministry of Special
3270,ICT Equipment & Software,46770141,2021-12-16,Supply and delivery of ict equipment & software items,Ministry of Lot
3271,Motor Vehicles & Spare Parts,1157880,2023-12-03,Supply and delivery of motor vehicles & spare parts items,Ministry of Deep
3272,Office Stationery & Supplies,3578192,2024-08-13,Supply and delivery of office stationery & supplies items,Ministry of Paper
3273,Cleaning & Sanitary Services,8956832,2025-07-20,Supply and delivery of cleaning & sanitary services items,Ministry of Walk
3274,Construction & Civil Works,486390872,2025-04-12,Supply and delivery of construction & civil works items,Ministry of Trip
3275,Office Stationery & Supplies,5700068,2023-06-17,Supply and delivery of office stationery & supplies items,Ministry of Current
3276,Consultancy Services,8251656,2024-08-20,Supply and delivery of consultancy services items,Ministry of Design
3277,Office Stationery & Supplies,9410837,2021-11-06,Supply and delivery of office stationery & supplies items,Ministry of Blood
3278,Cleaning & Sanitary Services,4906799,2020-02-27,Supply and delivery of cleaning & sanitary services items,Ministry of Play
3279,Construction & Civil Works,349130945,2025-08-31,Supply and delivery of construction & civil works items,Ministry of Among
3280,Cleaning & Sanitary Services,5359245,2024-09-03,Supply and delivery of cleaning & sanitary services items,Ministry of Now
3281,Construction & Civil Works,129452185,2022-02-02,Supply and delivery of construction & civil works items,Ministry of Authority
3282,ICT Equipment & Software,30531192,2021-12-18,Supply and delivery of ict equipment & software items,Ministry of Forward
3283,Motor Vehicles & Spare Parts,3103225,2025-07-27,Supply and delivery of motor vehicles & spare parts items,Ministry of Really
3284,Motor Vehicles & Spare Parts,5737291,2021-04-02,Supply and delivery of motor vehicles & spare parts items,Ministry of Floor
3285,Cleaning & Sanitary Services,4328316,2020-12-23,Supply and delivery of cleaning & sanitary services items,Ministry of Experience
3286,Motor Vehicles & Spare Parts,8172590,2021-05-25,Supply and delivery of motor vehicles & spare parts items,Ministry of Wide
3287,Office Stationery & Supplies,6026983,2021-04-20,Supply and delivery of office stationery & supplies items,Ministry of Hear
3288,ICT Equipment & Software,34508961,2020-02-29,Supply and delivery of ict equipment & software items,Ministry of Understand
3289,Office Stationery & Supplies,9600374,2025-05-23,Supply and delivery of office stationery & supplies items,Ministry of Less
3290,Construction & Civil Works,62593159,2020-09-26,Supply and delivery of construction & civil works items,Ministry of Yourself
3291,Medical Supplies & Pharmaceuticals,9027811,2022-04-01,Supply and delivery of medical supplies & pharmaceuticals items,Ministry of Life
3292,Cleaning & Sanitary Services,1000542,2025-03-15,Supply and delivery of cleaning & sanitary services items,Ministry of Too
3293,Consultancy Services,4054780,2024-06-09,Supply and delivery of consultancy services items,Ministry of Husband
3294,Construction & Civil Works,255290499,2020-04-17,Supply and delivery of construction & civil works items,Ministry of Leg
3295,Motor Vehicles & Spare Parts,3045759,2022-05-24,Supply and delivery of motor vehicles & spare parts items,Ministry of Describe
3296,Construction & Civil Works,248564400,2024-08-16,Supply and delivery of construction & civil works items,Ministry of Performance
3297,ICT Equipment & Software,17338480,2024-11-19,Supply and delivery of ict equipment & software items,Ministry of Better
3298,Motor Vehicles & Spare Parts,2559507,2025-10-24,Supply and delivery of motor vehicles & spare parts items,Ministry of Move
3299,Motor Vehicles & Spare Parts,3552097,2025-06-24,Supply and delivery of motor vehicles & spare parts items,Ministry of Shake
3300,Medical Supplies & Pharmaceuticals,7392306,2023-02-05,Supply and delivery of medical supplies & pharmaceuticals items,Ministry of Commercial
3301,Consultancy Services,7188727,2024-07-15,Supply and delivery of consultancy services items,Ministry of Camera
3302,Office Stationery & Supplies,6102874,2025-08-23,Supply and delivery of office stationery & supplies items,Ministry of Sit
3303,Cleaning & Sanitary Services,5483182,2023-08-18,Supply and delivery of cleaning & sanitary services items,Ministry of So
3304,ICT Equipment & Software,33439304,2025-12-20,Supply and delivery of ict equipment & software items,Ministry of Just
3305,Office Stationery & Supplies,4788827,2021-02-22,Supply and delivery of office stationery & supplies items,Ministry of Believe
3306,Construction & Civil Works,212119411,2024-10-18,Supply and delivery of construction & civil works items,Ministry of Here
3307,Medical Supplies & Pharmaceuticals,9130672,2022-11-13,Supply and delivery of medical supplies & pharmaceuticals items,Ministry of Movie
3308,Motor Vehicles & Spare Parts,5487691,2020-09-02,Supply and delivery of motor vehicles & spare parts items,Ministry of Loss
3309,ICT Equipment & Software,33185284,2020-02-05,Supply and delivery of ict equipment & software items,Ministry of Husband
3310,Cleaning & Sanitary Services,3072881,2024-10-26,Supply and delivery of cleaning & sanitary services items,Ministry of Instead
3311,Motor Vehicles & Spare Parts,9798597,2025-10-07,Supply and delivery of motor vehicles & spare parts items,Ministry of Black
3312,Motor Vehicles & Spare Parts,5911303,2022-02-16,Supply and delivery of motor vehicles & spare parts items,Ministry of Young
3313,Medical Supplies & Pharmaceuticals,9464532,2021-11-10,Supply and delivery of medical supplies & pharmaceuticals items,Ministry of Attention
3314,Cleaning & Sanitary Services,8659531,2022-08-09,Supply and delivery of cleaning & sanitary services items,Ministry of Thus
3315,Motor Vehicles & Spare Parts,617961,2023-11-29,Supply and delivery of motor vehicles & spare parts items,Ministry of Drop
3316,Cleaning & Sanitary Services,1135598,2025-12-30,Supply and delivery of cleaning & sanitary services items,Ministry of Become
3317,Motor Vehicles & Spare Parts,7269158,2023-11-26,Supply and delivery of motor vehicles & spare parts items,Ministry of Take
3318,ICT Equipment & Software,34218376,2022-05-03,Supply and delivery of ict equipment & software items,Ministry of Market
3319,ICT Equipment & Software,28356367,2020-02-04,Supply and delivery of ict equipment & software items,Ministry of Face
3320,Consultancy Services,8050630,2024-05-17,Supply and delivery of consultancy services items,Ministry of Watch
3321,Medical Supplies & Pharmaceuticals,6900541,2021-12-09,Supply and delivery of medical supplies & pharmaceuticals items,Ministry of Chance
3322,Consultancy Services,1458454,2025-01-30,Supply and delivery of consultancy services items,Ministry of Cost
3323,Office Stationery & Supplies,7789969,2023-05-21,Supply and delivery of office stationery & supplies items,Ministry of Career
3324,Office Stationery & Supplies,9559412,2023-02-10,Supply and delivery of office stationery & supplies items,Ministry of Challenge
3325,Medical Supplies & Pharmaceuticals,7975639,2024-03-02,Supply and delivery of medical supplies & pharmaceuticals items,Ministry of Sound
3326,Medical Supplies & Pharmaceuticals,5110281,2020-03-26,Supply and delivery of medical supplies & pharmaceuticals items,Ministry of Pick
3327,Consultancy Services,6907643,2024-10-24,Supply and delivery of consultancy services items,Ministry of Trial
3328,Motor Vehicles & Spare Parts,5310558,2024-06-09,Supply and delivery of motor vehicles & spare parts items,Ministry of Finally
3329,Consultancy Services,6059996,2022-03-25,Supply and delivery of consultancy services items,Ministry of Join
3330,Medical Supplies & Pharmaceuticals,2489911,2024-12-08,Supply and delivery of medical supplies & pharmaceuticals items,Ministry of Kind
3331,Office Stationery & Supplies,1826681,2021-01-12,Supply and delivery of office stationery & supplies items,Ministry of Would
3332,Cleaning & Sanitary Services,217408,2023-02-10,Supply and delivery of cleaning & sanitary services items,Ministry of Civil
3333,Cleaning & Sanitary Services,3535504,2024-06-13,Supply and delivery of cleaning & sanitary services items,Ministry of Take
3334,Construction & Civil Works,325003645,2024-01-05,Supply and delivery of construction & civil works items,Ministry of His
3335,ICT Equipment & Software,33238154,2025-04-10,Supply and delivery of ict equipment & software items,Ministry of Break
3336,ICT Equipment & Software,6587494,2024-09-19,Supply and delivery of ict equipment & software items,Ministry of All
3337,ICT Equipment & Software,33759097,2022-12-26,Supply and delivery of ict equipment & software items,Ministry of Follow
3338,Cleaning & Sanitary Services,8806406,2022-06-03,Supply and delivery of cleaning & sanitary services items,Ministry of Hour
3339,Motor Vehicles & Spare Parts,8979391,2025-06-14,Supply and delivery of motor vehicles & spare parts items,Ministry of Evidence
3340,Cleaning & Sanitary Services,1207177,2023-09-24,Supply and delivery of cleaning & sanitary services items,Ministry of Air
3341,Office Stationery & Supplies,9275404,2024-09-12,Supply and delivery of office stationery & supplies items,Ministry of Glass
3342,Construction & Civil Works,473662046,2020-03-03,Supply and delivery of construction & civil works items,Ministry of Many
3343,Motor Vehicles & Spare Parts,8170024,2020-03-15,Supply and delivery of motor vehicles & spare parts items,Ministry of Try
3344,Consultancy Services,3594585,2020-11-12,Supply and delivery of consultancy services items,Ministry of Involve
3345,Office Stationery & Supplies,5406175,2020-04-11,Supply and delivery of office stationery & supplies items,Ministry of Huge
3346,Motor Vehicles & Spare Parts,5294914,2024-07-28,Supply and delivery of motor vehicles & spare parts items,Ministry of Seven
3347,Motor Vehicles & Spare Parts,2573055,2023-02-24,Supply and delivery of motor vehicles & spare parts items,Ministry of Coach
3348,Cleaning & Sanitary Services,7616669,2020-08-07,Supply and delivery of cleaning & sanitary services items,Ministry of Happy
3349,Consultancy Services,2787328,2025-05-19,Supply and delivery of consultancy services items,Ministry of Best
3350,Medical Supplies & Pharmaceuticals,4298811,2022-07-08,Supply and delivery of medical supplies & pharmaceuticals items,Ministry of Attorney
3351,Motor Vehicles & Spare Parts,772225,2020-09-03,Supply and delivery of motor vehicles & spare parts items,Ministry of Maybe
3352,Motor Vehicles & Spare Parts,3170610,2022-10-14,Supply and delivery of motor vehicles & spare parts items,Ministry of Just
3353,Office Stationery & Supplies,8886301,2025-02-18,Supply and delivery of office stationery & supplies items,Ministry of Not
3354,Motor Vehicles & Spare Parts,2072613,2022-08-22,Supply and delivery of motor vehicles & spare parts items,Ministry of Tough
3355,Medical Supplies & Pharmaceuticals,3435705,2023-08-14,Supply and delivery of medical supplies & pharmaceuticals items,Ministry of Public
3356,ICT Equipment & Software,18621307,2020-01-02,Supply and delivery of ict equipment & software items,Ministry of Maybe
3357,Consultancy Services,504470,2022-10-25,Supply and delivery of consultancy services items,Ministry of Weight
3358,Office Stationery & Supplies,891624,2021-07-16,Supply and delivery of office stationery & supplies items,Ministry of Future
3359,Office Stationery & Supplies,1701207,2023-12-09,Supply and delivery of office stationery & supplies items,Ministry of History
3360,Office Stationery & Supplies,5348709,2025-09-27,Supply and delivery of office stationery & supplies items,Ministry of Relate
3361,Cleaning & Sanitary Services,3095035,2024-04-18,Supply and delivery of cleaning & sanitary services items,Ministry of Mean
3362,ICT Equipment & Software,32237687,2022-12-15,Supply and delivery of ict equipment & software items,Ministry of Theory
3363,Consultancy Services,6303690,2025-02-09,Supply and delivery of consultancy services items,Ministry of Deal
3364,Medical Supplies & Pharmaceuticals,4058905,2020-10-02,Supply and delivery of medical supplies & pharmaceuticals items,Ministry of Myself
3365,Office Stationery & Supplies,4183372,2020-10-11,Supply and delivery of office stationery & supplies items,Ministry of Year
3366,Medical Supplies & Pharmaceuticals,1209229,2020-11-08,Supply and delivery of medical supplies & pharmaceuticals items,Ministry of Receive
3367,ICT Equipment & Software,32297739,2020-06-29,Supply and delivery of ict equipment & software items,Ministry of Beyond
3368,Medical Supplies & Pharmaceuticals,6291081,2024-04-20,Supply and delivery of medical supplies & pharmaceuticals items,Ministry of Fear
3369,Consultancy Services,4304099,2025-04-27,Supply and delivery of consultancy services items,Ministry of Book
3370,Medical Supplies & Pharmaceuticals,8409740,2021-07-01,Supply and delivery of medical supplies & pharmaceuticals items,Ministry of Enough
3371,Consultancy Services,7373820,2021-02-08,Supply and delivery of consultancy services items,Ministry of Receive
3372,Medical Supplies & Pharmaceuticals,6705129,2021-10-21,Supply and delivery of medical supplies & pharmaceuticals items,Ministry of See
3373,Construction & Civil Works,207822622,2025-11-03,Supply and delivery of construction & civil works items,Ministry of Relate
3374,Office Stationery & Supplies,111009,2023-07-18,Supply and delivery of office stationery & supplies items,Ministry of Nation
3375,Construction & Civil Works,90609560,2023-06-18,Supply and delivery of construction & civil works items,Ministry of Use
3376,Construction & Civil Works,25476613,2021-08-07,Supply and delivery of construction & civil works items,Ministry of We
3377,ICT Equipment & Software,36045799,2020-10-15,Supply and delivery of ict equipment & software items,Ministry of Knowledge
3378,Office Stationery & Supplies,8818936,2022-04-01,Supply and delivery of office stationery & supplies items,Ministry of Check
3379,ICT Equipment & Software,21686229,2023-06-23,Supply and delivery of ict equipment & software items,Ministry of Worry
3380,Construction & Civil Works,225812476,2025-02-06,Supply and delivery of construction & civil works items,Ministry of Small
3381,Motor Vehicles & Spare Parts,5758307,2025-06-08,Supply and delivery of motor vehicles & spare parts items,Ministry of Image
3382,Construction & Civil Works,432604644,2023-10-16,Supply and delivery of construction & civil works items,Ministry of Study
3383,Office Stationery & Supplies,2942894,2021-03-09,Supply and delivery of office stationery & supplies items,Ministry of Court
3384,Cleaning & Sanitary Services,8665873,2020-02-01,Supply and delivery of cleaning & sanitary services items,Ministry of Protect
3385,Office Stationery & Supplies,7960791,2020-03-15,Supply and delivery of office stationery & supplies items,Ministry of Study
3386,Motor Vehicles & Spare Parts,3136773,2021-06-05,Supply and delivery of motor vehicles & spare parts items,Ministry of Industry
3387,Cleaning & Sanitary Services,4484432,2021-12-07,Supply and delivery of cleaning & sanitary services items,Ministry of Owner
3388,Construction & Civil Works,191180946,2022-11-19,Supply and delivery of construction & civil works items,Ministry of Toward
3389,Cleaning & Sanitary Services,4873598,2022-01-23,Supply and delivery of cleaning & sanitary services items,Ministry of Production
3390,Motor Vehicles & Spare Parts,1611710,2025-03-20,Supply and delivery of motor vehicles & spare parts items,Ministry of Participant
3391,Medical Supplies & Pharmaceuticals,7376281,2022-06-07,Supply and delivery of medical supplies & pharmaceuticals items,Ministry of Difficult
3392,Motor Vehicles & Spare Parts,916609,2022-09-19,Supply and delivery of motor vehicles & spare parts items,Ministry of Everyone
3393,Construction & Civil Works,78915951,2023-04-11,Supply and delivery of construction & civil works items,Ministry of Buy
3394,Consultancy Services,5687239,2024-06-20,Supply and delivery of consultancy services items,Ministry of Reality
3395,Cleaning & Sanitary Services,1755464,2024-08-10,Supply and delivery of cleaning & sanitary services items,Ministry of Window
3396,Medical Supplies & Pharmaceuticals,8477114,2022-01-09,Supply and delivery of medical supplies & pharmaceuticals items,Ministry of Wait
3397,Office Stationery & Supplies,8456164,2021-02-12,Supply and delivery of office stationery & supplies items,Ministry of Growth
3398,Construction & Civil Works,439495248,2024-11-03,Supply and delivery of construction & civil works items,Ministry of Method
3399,Medical Supplies & Pharmaceuticals,9112186,2024-08-18,Supply and delivery of medical supplies & pharmaceuticals items,Ministry of Loss
3400,Motor Vehicles & Spare Parts,3377560,2023-12-24,Supply and delivery of motor vehicles & spare parts items,Ministry of Relate
3401,Motor Vehicles & Spare Parts,5188268,2025-02-18,Supply and delivery of motor vehicles & spare parts items,Ministry of Source
3402,Office Stationery & Supplies,7379995,2023-02-11,Supply and delivery of office stationery & supplies items,Ministry of At
3403,Consultancy Services,2479093,2024-09-09,Supply and delivery of consultancy services items,Ministry of Last
3404,Medical Supplies & Pharmaceuticals,2860451,2023-11-08,Supply and delivery of medical supplies & pharmaceuticals items,Ministry of Of
3405,Construction & Civil Works,316075885,2020-10-03,Supply and delivery of construction & civil works items,Ministry of Dream
3406,ICT Equipment & Software,40487407,2025-11-06,Supply and delivery of ict equipment & software items,Ministry of Themselves
3407,Construction & Civil Works,294453916,2020-08-31,Supply and delivery of construction & civil works items,Ministry of Oil
3408,Motor Vehicles & Spare Parts,4004840,2024-04-10,Supply and delivery of motor vehicles & spare parts items,Ministry of Card
3409,Office Stationery & Supplies,2948411,2025-03-28,Supply and delivery of office stationery & supplies items,Ministry of Food
3410,Medical Supplies & Pharmaceuticals,9545112,2022-09-18,Supply and delivery of medical supplies & pharmaceuticals items,Ministry of On
3411,Office Stationery & Supplies,2544149,2025-11-26,Supply and delivery of office stationery & supplies items,Ministry of Beautiful
3412,Motor Vehicles & Spare Parts,2314669,2025-10-18,Supply and delivery of motor vehicles & spare parts items,Ministry of Mother
3413,ICT Equipment & Software,16307704,2021-02-04,Supply and delivery of ict equipment & software items,Ministry of Ten
3414,Motor Vehicles & Spare Parts,9588077,2025-08-24,Supply and delivery of motor vehicles & spare parts items,Ministry of Much
3415,Motor Vehicles & Spare Parts,9675779,2021-03-02,Supply and delivery of motor vehicles & spare parts items,Ministry of Though
3416,ICT Equipment & Software,34476087,2024-01-31,Supply and delivery of ict equipment & software items,Ministry of Stand
3417,Office Stationery & Supplies,5423940,2020-02-06,Supply and delivery of office stationery & supplies items,Ministry of Similar
3418,Cleaning & Sanitary Services,5747069,2024-06-19,Supply and delivery of cleaning & sanitary services items,Ministry of Never
3419,Office Stationery & Supplies,1021806,2023-08-09,Supply and delivery of office stationery & supplies items,Ministry of Civil
3420,ICT Equipment & Software,43234083,2023-05-18,Supply and delivery of ict equipment & software items,Ministry of Nice
3421,Consultancy Services,1293728,2023-02-24,Supply and delivery of consultancy services items,Ministry of Such
3422,Office Stationery & Supplies,7011957,2023-03-14,Supply and delivery of office stationery & supplies items,Ministry of Notice
3423,Office Stationery & Supplies,1604329,2021-05-19,Supply and delivery of office stationery & supplies items,Ministry of Your
3424,Office Stationery & Supplies,6786269,2025-12-24,Supply and delivery of office stationery & supplies items,Ministry of Compare
3425,Construction & Civil Works,221927907,2022-03-31,Supply and delivery of construction & civil works items,Ministry of Black
3426,Motor Vehicles & Spare Parts,7071631,2024-01-30,Supply and delivery of motor vehicles & spare parts items,Ministry of Prove
3427,Consultancy Services,2302888,2023-10-21,Supply and delivery of consultancy services items,Ministry of Present
3428,Office Stationery & Supplies,6803562,2021-05-10,Supply and delivery of office stationery & supplies items,Ministry of Wonder
3429,Cleaning & Sanitary Services,2652192,2024-07-03,Supply and delivery of cleaning & sanitary services items,Ministry of Civil
3430,Cleaning & Sanitary Services,1824620,2023-03-30,Supply and delivery of cleaning & sanitary services items,Ministry of Poor
3431,Cleaning & Sanitary Services,5269719,2022-07-18,Supply and delivery of cleaning & sanitary services items,Ministry of Degree
3432,Motor Vehicles & Spare Parts,4930165,2021-09-02,Supply and delivery of motor vehicles & spare parts items,Ministry of Institution
3433,Consultancy Services,458062,2021-10-11,Supply and delivery of consultancy services items,Ministry of Wear
3434,Office Stationery & Supplies,2177645,2023-02-17,Supply and delivery of office stationery & supplies items,Ministry of Know
3435,Motor Vehicles & Spare Parts,4879897,2025-05-12,Supply and delivery of motor vehicles & spare parts items,Ministry of Management
3436,Consultancy Services,5052505,2021-12-06,Supply and delivery of consultancy services items,Ministry of Set
3437,Medical Supplies & Pharmaceuticals,9506751,2025-08-17,Supply and delivery of medical supplies & pharmaceuticals items,Ministry of A
3438,ICT Equipment & Software,29824351,2020-06-13,Supply and delivery of ict equipment & software items,Ministry of Section
3439,Motor Vehicles & Spare Parts,2197711,2023-05-02,Supply and delivery of motor vehicles & spare parts items,Ministry of Forget
3440,ICT Equipment & Software,537361,2021-04-02,Supply and delivery of ict equipment & software items,Ministry of Similar
3441,Construction & Civil Works,226002653,2023-09-05,Supply and delivery of construction & civil works items,Ministry of Audience
3442,Consultancy Services,3563227,2020-05-09,Supply and delivery of consultancy services items,Ministry of Item
3443,Consultancy Services,2557856,2020-11-03,Supply and delivery of consultancy services items,Ministry of Medical
3444,Construction & Civil Works,460325934,2024-12-06,Supply and delivery of construction & civil works items,Ministry of South
3445,Construction & Civil Works,306989925,2025-10-30,Supply and delivery of construction & civil works items,Ministry of Eight
3446,Construction & Civil Works,235109593,2022-05-07,Supply and delivery of construction & civil works items,Ministry of Collection
3447,Consultancy Services,9110139,2023-11-16,Supply and delivery of consultancy services items,Ministry of Include
3448,Construction & Civil Works,123094180,2023-07-19,Supply and delivery of construction & civil works items,Ministry of Energy
3449,Motor Vehicles & Spare Parts,2756040,2025-01-02,Supply and delivery of motor vehicles & spare parts items,Ministry of Avoid
3450,Cleaning & Sanitary Services,5011672,2021-05-10,Supply and delivery of cleaning & sanitary services items,Ministry of Fact
3451,Construction & Civil Works,231235439,2020-11-03,Supply and delivery of construction & civil works items,Ministry of Interest
3452,Construction & Civil Works,320358638,2020-09-27,Supply and delivery of construction & civil works items,Ministry of Sister
3453,Construction & Civil Works,395928651,2023-07-07,Supply and delivery of construction & civil works items,Ministry of Remember
3454,Consultancy Services,4083063,2020-11-28,Supply and delivery of consultancy services items,Ministry of Life
3455,Cleaning & Sanitary Services,2940152,2020-11-08,Supply and delivery of cleaning & sanitary services items,Ministry of Fact
3456,Construction & Civil Works,81349696,2024-07-24,Supply and delivery of construction & civil works items,Ministry of Activity
3457,ICT Equipment & Software,41368585,2023-10-27,Supply and delivery of ict equipment & software items,Ministry of Near
3458,Office Stationery & Supplies,9850576,2021-11-12,Supply and delivery of office stationery & supplies items,Ministry of Board
3459,Office Stationery & Supplies,6096522,2024-08-17,Supply and delivery of office stationery & supplies items,Ministry of Piece
3460,Consultancy Services,6035537,2022-10-29,Supply and delivery of consultancy services items,Ministry of Recent
3461,ICT Equipment & Software,20877416,2022-08-18,Supply and delivery of ict equipment & software items,Ministry of Term
3462,Construction & Civil Works,242582267,2020-09-30,Supply and delivery of construction & civil works items,Ministry of Situation
3463,Cleaning & Sanitary Services,5544003,2023-08-29,Supply and delivery of cleaning & sanitary services items,Ministry of Class
3464,Consultancy Services,4535728,2020-06-03,Supply and delivery of consultancy services items,Ministry of Somebody
3465,Construction & Civil Works,179314315,2025-06-17,Supply and delivery of construction & civil works items,Ministry of Growth
3466,Medical Supplies & Pharmaceuticals,4235554,2025-04-01,Supply and delivery of medical supplies & pharmaceuticals items,Ministry of Amount
3467,Office Stationery & Supplies,3088088,2022-04-15,Supply and delivery of office stationery & supplies items,Ministry of Vote
3468,ICT Equipment & Software,35034339,2021-07-13,Supply and delivery of ict equipment & software items,Ministry of Produce
3469,Construction & Civil Works,139061233,2022-10-19,Supply and delivery of construction & civil works items,Ministry of Pay
3470,Consultancy Services,8783565,2021-01-04,Supply and delivery of consultancy services items,Ministry of Security
3471,ICT Equipment & Software,47615534,2024-02-23,Supply and delivery of ict equipment & software items,Ministry of Study
3472,Construction & Civil Works,233840271,2022-12-03,Supply and delivery of construction & civil works items,Ministry of Film
3473,Office Stationery & Supplies,6509363,2021-05-07,Supply and delivery of office stationery & supplies items,Ministry of Board
3474,Cleaning & Sanitary Services,2402743,2020-07-13,Supply and delivery of cleaning & sanitary services items,Ministry of Sign
3475,Consultancy Services,1085461,2023-08-14,Supply and delivery of consultancy services items,Ministry of Place
3476,Cleaning & Sanitary Services,5810912,2025-03-10,Supply and delivery of cleaning & sanitary services items,Ministry of Effort
3477,Construction & Civil Works,467001355,2025-03-19,Supply and delivery of construction & civil works items,Ministry of Red
3478,Construction & Civil Works,467550397,2022-12-19,Supply and delivery of construction & civil works items,Ministry of Science
3479,Construction & Civil Works,123846939,2025-10-11,Supply and delivery of construction & civil works items,Ministry of Know
3480,Consultancy Services,3589550,2020-05-04,Supply and delivery of consultancy services items,Ministry of Book
3481,Cleaning & Sanitary Services,3995090,2025-03-10,Supply and delivery of cleaning & sanitary services items,Ministry of Far
3482,Office Stationery & Supplies,2865013,2025-01-19,Supply and delivery of office stationery & supplies items,Ministry of Significant
3483,ICT Equipment & Software,23439708,2021-08-27,Supply and delivery of ict equipment & software items,Ministry of Enter
3484,ICT Equipment & Software,8924990,2023-11-03,Supply and delivery of ict equipment & software items,Ministry of Get
3485,Office Stationery & Supplies,962219,2022-07-08,Supply and delivery of office stationery & supplies items,Ministry of Think
3486,Cleaning & Sanitary Services,8434750,2021-07-04,Supply and delivery of cleaning & sanitary services items,Ministry of Heavy
3487,Construction & Civil Works,277236538,2020-07-01,Supply and delivery of construction & civil works items,Ministry of Blood
3488,Consultancy Services,6796674,2024-04-11,Supply and delivery of consultancy services items,Ministry of Mention
3489,Consultancy Services,3305677,2021-06-15,Supply and delivery of consultancy services items,Ministry of Miss
3490,Consultancy Services,583075,2021-04-30,Supply and delivery of consultancy services items,Ministry of Leader
3491,Office Stationery & Supplies,8226198,2023-12-29,Supply and delivery of office stationery & supplies items,Ministry of Body
3492,Construction & Civil Works,149383646,2025-12-25,Supply and delivery of construction & civil works items,Ministry of The
3493,Office Stationery & Supplies,5551731,2024-04-01,Supply and delivery of office stationery & supplies items,Ministry of Option
3494,Medical Supplies & Pharmaceuticals,6846037,2023-08-22,Supply and delivery of medical supplies & pharmaceuticals items,Ministry of Others
3495,Cleaning & Sanitary Services,9321750,2022-04-03,Supply and delivery of cleaning & sanitary services items,Ministry of Natural
3496,Motor Vehicles & Spare Parts,3782796,2025-03-22,Supply and delivery of motor vehicles & spare parts items,Ministry of Region
3497,Office Stationery & Supplies,9331261,2022-04-18,Supply and delivery of office stationery & supplies items,Ministry of Play
3498,Office Stationery & Supplies,7941640,2020-08-24,Supply and delivery of office stationery & supplies items,Ministry of This
3499,Cleaning & Sanitary Services,8840245,2024-10-04,Supply and delivery of cleaning & sanitary services items,Ministry of Billion
3500,Consultancy Services,8666554,2023-06-15,Supply and delivery of consultancy services items,Ministry of Buy
3501,Consultancy Services,5374413,2025-10-19,Supply and delivery of consultancy services items,Ministry of Edge
3502,Construction & Civil Works,63056226,2022-03-01,Supply and delivery of construction & civil works items,Ministry of Remember
3503,Medical Supplies & Pharmaceuticals,8752111,2024-04-03,Supply and delivery of medical supplies & pharmaceuticals items,Ministry of Pm
3504,Consultancy Services,2126393,2022-07-13,Supply and delivery of consultancy services items,Ministry of Indeed
3505,Construction & Civil Works,49945123,2024-04-22,Supply and delivery of construction & civil works items,Ministry of Among
3506,Office Stationery & Supplies,2479897,2022-01-30,Supply and delivery of office stationery & supplies items,Ministry of Story
3507,Construction & Civil Works,308975084,2022-08-22,Supply and delivery of construction & civil works items,Ministry of Magazine
3508,ICT Equipment & Software,41757621,2023-06-10,Supply and delivery of ict equipment & software items,Ministry of Necessary
3509,Motor Vehicles & Spare Parts,1660121,2020-03-22,Supply and delivery of motor vehicles & spare parts items,Ministry of Inside
3510,Motor Vehicles & Spare Parts,5978263,2024-11-16,Supply and delivery of motor vehicles & spare parts items,Ministry of Production
3511,Medical Supplies & Pharmaceuticals,3199072,2024-06-18,Supply and delivery of medical supplies & pharmaceuticals items,Ministry of Lay
3512,Medical Supplies & Pharmaceuticals,6750723,2024-01-05,Supply and delivery of medical supplies & pharmaceuticals items,Ministry of Agree
3513,Office Stationery & Supplies,8449092,2021-04-18,Supply and delivery of office stationery & supplies items,Ministry of Course
3514,ICT Equipment & Software,49397936,2020-02-22,Supply and delivery of ict equipment & software items,Ministry of Young
3515,Cleaning & Sanitary Services,7847156,2021-12-21,Supply and delivery of cleaning & sanitary services items,Ministry of Final
3516,Consultancy Services,851240,2025-07-10,Supply and delivery of consultancy services items,Ministry of Suffer
3517,Consultancy Services,6875996,2020-03-03,Supply and delivery of consultancy services items,Ministry of Loss
3518,Office Stationery & Supplies,2060299,2025-02-04,Supply and delivery of office stationery & supplies items,Ministry of Environment
3519,Office Stationery & Supplies,2953501,2022-02-24,Supply and delivery of office stationery & supplies items,Ministry of Result
3520,ICT Equipment & Software,6782444,2022-01-23,Supply and delivery of ict equipment & software items,Ministry of Energy
3521,Construction & Civil Works,60945552,2021-08-29,Supply and delivery of construction & civil works items,Ministry of Step
3522,Motor Vehicles & Spare Parts,1997459,2020-04-14,Supply and delivery of motor vehicles & spare parts items,Ministry of Low
3523,Consultancy Services,1315442,2024-03-11,Supply and delivery of consultancy services items,Ministry of Prove
3524,Consultancy Services,8003797,2021-07-30,Supply and delivery of consultancy services items,Ministry of Student
3525,Cleaning & Sanitary Services,6525148,2020-12-17,Supply and delivery of cleaning & sanitary services items,Ministry of Open
3526,Motor Vehicles & Spare Parts,7149985,2024-08-15,Supply and delivery of motor vehicles & spare parts items,Ministry of Officer
3527,ICT Equipment & Software,41560593,2023-11-21,Supply and delivery of ict equipment & software items,Ministry of Sit
3528,Office Stationery & Supplies,7126206,2022-05-29,Supply and delivery of office stationery & supplies items,Ministry of Happen
3529,Construction & Civil Works,90337549,2024-09-07,Supply and delivery of construction & civil works items,Ministry of Consider
3530,Office Stationery & Supplies,4836416,2025-01-24,Supply and delivery of office stationery & supplies items,Ministry of Tough
3531,Cleaning & Sanitary Services,8402975,2020-07-13,Supply and delivery of cleaning & sanitary services items,Ministry of He
3532,Motor Vehicles & Spare Parts,6226463,2023-09-12,Supply and delivery of motor vehicles & spare parts items,Ministry of Sister
3533,Motor Vehicles & Spare Parts,5510812,2024-10-30,Supply and delivery of motor vehicles & spare parts items,Ministry of Drive
3534,Cleaning & Sanitary Services,6207182,2021-11-24,Supply and delivery of cleaning & sanitary services items,Ministry of Follow
3535,Cleaning & Sanitary Services,3851387,2020-08-09,Supply and delivery of cleaning & sanitary services items,Ministry of Seven
3536,Consultancy Services,583791,2020-07-17,Supply and delivery of consultancy services items,Ministry of Into
3537,Office Stationery & Supplies,2258714,2021-11-16,Supply and delivery of office stationery & supplies items,Ministry of Modern
3538,ICT Equipment & Software,9684874,2023-11-02,Supply and delivery of ict equipment & software items,Ministry of Something
3539,Construction & Civil Works,225726088,2022-04-18,Supply and delivery of construction & civil works items,Ministry of Evidence
3540,ICT Equipment & Software,4725872,2025-02-18,Supply and delivery of ict equipment & software items,Ministry of Mention
3541,Motor Vehicles & Spare Parts,9149867,2022-02-07,Supply and delivery of motor vehicles & spare parts items,Ministry of Sure
3542,Motor Vehicles & Spare Parts,1345749,2022-08-17,Supply and delivery of motor vehicles & spare parts items,Ministry of High
3543,Cleaning & Sanitary Services,2326941,2024-07-11,Supply and delivery of cleaning & sanitary services items,Ministry of Concern
3544,Consultancy Services,8563331,2021-12-08,Supply and delivery of consultancy services items,Ministry of Brother
3545,Office Stationery & Supplies,7154499,2021-02-19,Supply and delivery of office stationery & supplies items,Ministry of Force
3546,Office Stationery & Supplies,8337881,2025-06-14,Supply and delivery of office stationery & supplies items,Ministry of School
3547,Motor Vehicles & Spare Parts,3826904,2023-11-08,Supply and delivery of motor vehicles & spare parts items,Ministry of Fine
3548,Construction & Civil Works,389486310,2024-07-16,Supply and delivery of construction & civil works items,Ministry of Nothing
3549,ICT Equipment & Software,39965270,2021-01-24,Supply and delivery of ict equipment & software items,Ministry of Present
3550,Consultancy Services,1135211,2024-03-04,Supply and delivery of consultancy services items,Ministry of Decide
3551,Construction & Civil Works,327701844,2020-07-23,Supply and delivery of construction & civil works items,Ministry of Seek
3552,Office Stationery & Supplies,3882164,2023-08-03,Supply and delivery of office stationery & supplies items,Ministry of Under
3553,Medical Supplies & Pharmaceuticals,1977329,2023-12-24,Supply and delivery of medical supplies & pharmaceuticals items,Ministry of Together
3554,Office Stationery & Supplies,415315,2021-07-31,Supply and delivery of office stationery & supplies items,Ministry of Sense
3555,Office Stationery & Supplies,9209500,2022-01-15,Supply and delivery of office stationery & supplies items,Ministry of Health
3556,Construction & Civil Works,373982315,2022-05-19,Supply and delivery of construction & civil works items,Ministry of Will
3557,ICT Equipment & Software,30045279,2022-04-24,Supply and delivery of ict equipment & software items,Ministry of Through
3558,Motor Vehicles & Spare Parts,2314979,2025-09-25,Supply and delivery of motor vehicles & spare parts items,Ministry of Teacher
3559,ICT Equipment & Software,41408724,2025-04-04,Supply and delivery of ict equipment & software items,Ministry of Success
3560,Medical Supplies & Pharmaceuticals,1936082,2021-10-05,Supply and delivery of medical supplies & pharmaceuticals items,Ministry of Over
3561,Consultancy Services,2337699,2025-10-27,Supply and delivery of consultancy services items,Ministry of Game
3562,Motor Vehicles & Spare Parts,4558434,2025-12-29,Supply and delivery of motor vehicles & spare parts items,Ministry of Level
3563,ICT Equipment & Software,32645070,2024-12-15,Supply and delivery of ict equipment & software items,Ministry of Else
3564,ICT Equipment & Software,41449943,2023-04-15,Supply and delivery of ict equipment & software items,Ministry of Region
3565,Motor Vehicles & Spare Parts,4687281,2025-12-14,Supply and delivery of motor vehicles & spare parts items,Ministry of Agree
3566,Construction & Civil Works,370512994,2022-12-19,Supply and delivery of construction & civil works items,Ministry of These
3567,Consultancy Services,8572761,2024-03-02,Supply and delivery of consultancy services items,Ministry of Discuss
3568,Motor Vehicles & Spare Parts,5078234,2021-06-21,Supply and delivery of motor vehicles & spare parts items,Ministry of Draw
3569,Medical Supplies & Pharmaceuticals,9614626,2022-08-22,Supply and delivery of medical supplies & pharmaceuticals items,Ministry of Task
3570,Office Stationery & Supplies,6266994,2021-04-18,Supply and delivery of office stationery & supplies items,Ministry of Actually
3571,Consultancy Services,6703352,2021-10-12,Supply and delivery of consultancy services items,Ministry of Against
3572,Construction & Civil Works,156073891,2025-02-21,Supply and delivery of construction & civil works items,Ministry of Meeting
3573,Consultancy Services,7252604,2025-01-09,Supply and delivery of consultancy services items,Ministry of Join
3574,ICT Equipment & Software,42190969,2023-05-03,Supply and delivery of ict equipment & software items,Ministry of Out
3575,Medical Supplies & Pharmaceuticals,6487952,2021-02-25,Supply and delivery of medical supplies & pharmaceuticals items,Ministry of Cultural
3576,Cleaning & Sanitary Services,1068410,2025-01-31,Supply and delivery of cleaning & sanitary services items,Ministry of Partner
3577,Construction & Civil Works,390089429,2022-05-25,Supply and delivery of construction & civil works items,Ministry of Parent
3578,Office Stationery & Supplies,9183542,2025-04-30,Supply and delivery of office stationery & supplies items,Ministry of Impact
3579,Medical Supplies & Pharmaceuticals,6726532,2024-06-24,Supply and delivery of medical supplies & pharmaceuticals items,Ministry of Seat
3580,Office Stationery & Supplies,5486452,2024-10-11,Supply and delivery of office stationery & supplies items,Ministry of Himself
3581,ICT Equipment & Software,24229273,2024-10-26,Supply and delivery of ict equipment & software items,Ministry of Everyone
3582,Office Stationery & Supplies,5234629,2022-08-03,Supply and delivery of office stationery & supplies items,Ministry of His
3583,Office Stationery & Supplies,1130120,2025-05-26,Supply and delivery of office stationery & supplies items,Ministry of Write
3584,Consultancy Services,7228822,2021-05-29,Supply and delivery of consultancy services items,Ministry of Now
3585,Medical Supplies & Pharmaceuticals,849045,2022-02-21,Supply and delivery of medical supplies & pharmaceuticals items,Ministry of Room
3586,Office Stationery & Supplies,972109,2020-10-21,Supply and delivery of office stationery & supplies items,Ministry of Trade
3587,Construction & Civil Works,415389269,2024-12-17,Supply and delivery of construction & civil works items,Ministry of Scientist
3588,Cleaning & Sanitary Services,6905360,2021-06-24,Supply and delivery of cleaning & sanitary services items,Ministry of Nothing
3589,Construction & Civil Works,177333946,2023-06-22,Supply and delivery of construction & civil works items,Ministry of Big
3590,Cleaning & Sanitary Services,3201004,2025-11-19,Supply and delivery of cleaning & sanitary services items,Ministry of Still
3591,Cleaning & Sanitary Services,3032208,2025-11-29,Supply and delivery of cleaning & sanitary services items,Ministry of Section
3592,Medical Supplies & Pharmaceuticals,4287442,2022-11-08,Supply and delivery of medical supplies & pharmaceuticals items,Ministry of Former
3593,Cleaning & Sanitary Services,9169984,2020-08-17,Supply and delivery of cleaning & sanitary services items,Ministry of The
3594,Construction & Civil Works,296646236,2023-08-16,Supply and delivery of construction & civil works items,Ministry of Service
3595,Consultancy Services,2310846,2022-02-02,Supply and delivery of consultancy services items,Ministry of Science
3596,Construction & Civil Works,359630767,2023-11-14,Supply and delivery of construction & civil works items,Ministry of Once
3597,Cleaning & Sanitary Services,4710764,2024-12-03,Supply and delivery of cleaning & sanitary services items,Ministry of Door
3598,Medical Supplies & Pharmaceuticals,4595433,2022-10-16,Supply and delivery of medical supplies & pharmaceuticals items,Ministry of Paper
3599,Construction & Civil Works,39394700,2025-01-07,Supply and delivery of construction & civil works items,Ministry of Magazine
3600,Office Stationery & Supplies,5870938,2023-09-17,Supply and delivery of office stationery & supplies items,Ministry of Modern
3601,ICT Equipment & Software,32011091,2023-07-19,Supply and delivery of ict equipment & software items,Ministry of Attention
3602,ICT Equipment & Software,29396688,2025-09-19,Supply and delivery of ict equipment & software items,Ministry of Congress
3603,Medical Supplies & Pharmaceuticals,1083638,2020-02-18,Supply and delivery of medical supplies & pharmaceuticals items,Ministry of List
3604,Consultancy Services,5696127,2023-05-09,Supply and delivery of consultancy services items,Ministry of Art
3605,Consultancy Services,2891671,2025-05-16,Supply and delivery of consultancy services items,Ministry of Me
3606,Consultancy Services,3531543,2025-03-15,Supply and delivery of consultancy services items,Ministry of Choose
3607,Office Stationery & Supplies,4178140,2020-05-19,Supply and delivery of office stationery & supplies items,Ministry of Health
3608,Medical Supplies & Pharmaceuticals,8585356,2020-05-23,Supply and delivery of medical supplies & pharmaceuticals items,Ministry of Serve
3609,Consultancy Services,9937206,2021-08-27,Supply and delivery of consultancy services items,Ministry of Entire
3610,Cleaning & Sanitary Services,9447003,2025-09-06,Supply and delivery of cleaning & sanitary services items,Ministry of Should
3611,ICT Equipment & Software,41740159,2020-03-01,Supply and delivery of ict equipment & software items,Ministry of Piece
3612,Consultancy Services,9816486,2022-12-11,Supply and delivery of consultancy services items,Ministry of Sea
3613,Construction & Civil Works,435861252,2024-08-01,Supply and delivery of construction & civil works items,Ministry of Cell
3614,Construction & Civil Works,382313243,2025-11-30,Supply and delivery of construction & civil works items,Ministry of Dinner
3615,Consultancy Services,3469415,2023-12-21,Supply and delivery of consultancy services items,Ministry of Force
3616,Motor Vehicles & Spare Parts,3803713,2023-03-25,Supply and delivery of motor vehicles & spare parts items,Ministry of Represent
3617,Consultancy Services,481856,2021-10-29,Supply and delivery of consultancy services items,Ministry of Early
3618,Construction & Civil Works,25542660,2023-06-02,Supply and delivery of construction & civil works items,Ministry of Type
3619,Cleaning & Sanitary Services,9251969,2023-01-17,Supply and delivery of cleaning & sanitary services items,Ministry of Investment
3620,ICT Equipment & Software,38633529,2020-11-12,Supply and delivery of ict equipment & software items,Ministry of Notice
3621,Construction & Civil Works,176789059,2025-11-17,Supply and delivery of construction & civil works items,Ministry of Peace
3622,Motor Vehicles & Spare Parts,4055199,2021-11-19,Supply and delivery of motor vehicles & spare parts items,Ministry of According
3623,ICT Equipment & Software,37323328,2025-10-28,Supply and delivery of ict equipment & software items,Ministry of Argue
3624,Medical Supplies & Pharmaceuticals,7456943,2024-04-09,Supply and delivery of medical supplies & pharmaceuticals items,Ministry of Help
3625,Consultancy Services,7236940,2023-07-11,Supply and delivery of consultancy services items,Ministry of Stage
3626,Motor Vehicles & Spare Parts,2954135,2025-11-11,Supply and delivery of motor vehicles & spare parts items,Ministry of Positive
3627,Motor Vehicles & Spare Parts,576377,2020-05-19,Supply and delivery of motor vehicles & spare parts items,Ministry of Job
3628,Motor Vehicles & Spare Parts,221937,2024-05-19,Supply and delivery of motor vehicles & spare parts items,Ministry of Significant
3629,Cleaning & Sanitary Services,7752126,2021-03-02,Supply and delivery of cleaning & sanitary services items,Ministry of Plant
3630,Medical Supplies & Pharmaceuticals,4093611,2024-08-22,Supply and delivery of medical supplies & pharmaceuticals items,Ministry of Country
3631,Construction & Civil Works,163809833,2025-01-05,Supply and delivery of construction & civil works items,Ministry of All
3632,Construction & Civil Works,247158210,2023-11-23,Supply and delivery of construction & civil works items,Ministry of Miss
3633,Medical Supplies & Pharmaceuticals,9528082,2024-05-15,Supply and delivery of medical supplies & pharmaceuticals items,Ministry of Glass
3634,ICT Equipment & Software,25450408,2020-07-14,Supply and delivery of ict equipment & software items,Ministry of Young
3635,ICT Equipment & Software,26215215,2022-06-03,Supply and delivery of ict equipment & software items,Ministry of School
3636,ICT Equipment & Software,48155757,2025-09-10,Supply and delivery of ict equipment & software items,Ministry of Impact
3637,Consultancy Services,3271553,2024-10-29,Supply and delivery of consultancy services items,Ministry of I
3638,Construction & Civil Works,108257841,2024-03-05,Supply and delivery of construction & civil works items,Ministry of Certainly
3639,Construction & Civil Works,71500236,2025-01-30,Supply and delivery of construction & civil works items,Ministry of Cover
3640,ICT Equipment & Software,41083878,2020-07-29,Supply and delivery of ict equipment & software items,Ministry of Hear
3641,Motor Vehicles & Spare Parts,5890740,2021-01-23,Supply and delivery of motor vehicles & spare parts items,Ministry of Law
3642,Office Stationery & Supplies,8372686,2025-04-10,Supply and delivery of office stationery & supplies items,Ministry of Money
3643,Cleaning & Sanitary Services,950122,2020-07-17,Supply and delivery of cleaning & sanitary services items,Ministry of Ever
3644,Construction & Civil Works,393448671,2022-05-29,Supply and delivery of construction & civil works items,Ministry of Dream
3645,Consultancy Services,1962015,2022-02-08,Supply and delivery of consultancy services items,Ministry of Radio
3646,Medical Supplies & Pharmaceuticals,2105464,2023-10-18,Supply and delivery of medical supplies & pharmaceuticals items,Ministry of Group
3647,Construction & Civil Works,267923521,2022-09-16,Supply and delivery of construction & civil works items,Ministry of Between
3648,Office Stationery & Supplies,4705677,2023-02-21,Supply and delivery of office stationery & supplies items,Ministry of Again
3649,Medical Supplies & Pharmaceuticals,4117641,2025-04-10,Supply and delivery of medical supplies & pharmaceuticals items,Ministry of Ask
3650,Construction & Civil Works,184657193,2025-11-21,Supply and delivery of construction & civil works items,Ministry of Artist
3651,Consultancy Services,8425648,2024-02-04,Supply and delivery of consultancy services items,Ministry of Beyond
3652,Medical Supplies & Pharmaceuticals,726776,2021-01-04,Supply and delivery of medical supplies & pharmaceuticals items,Ministry of Newspaper
3653,Cleaning & Sanitary Services,1861987,2020-01-28,Supply and delivery of cleaning & sanitary services items,Ministry of General
3654,Cleaning & Sanitary Services,9470707,2022-04-22,Supply and delivery of cleaning & sanitary services items,Ministry of Ahead
3655,Office Stationery & Supplies,1650642,2024-10-18,Supply and delivery of office stationery & supplies items,Ministry of Out
3656,ICT Equipment & Software,11998649,2023-05-19,Supply and delivery of ict equipment & software items,Ministry of Town
3657,Medical Supplies & Pharmaceuticals,616031,2020-06-01,Supply and delivery of medical supplies & pharmaceuticals items,Ministry of Consider
3658,Construction & Civil Works,29003294,2021-02-16,Supply and delivery of construction & civil works items,Ministry of Pressure
3659,Consultancy Services,1732748,2022-12-27,Supply and delivery of consultancy services items,Ministry of North
3660,Construction & Civil Works,278298400,2021-04-23,Supply and delivery of construction & civil works items,Ministry of Hair
3661,Office Stationery & Supplies,464716,2020-07-31,Supply and delivery of office stationery & supplies items,Ministry of Result
3662,Medical Supplies & Pharmaceuticals,5427701,2025-06-22,Supply and delivery of medical supplies & pharmaceuticals items,Ministry of Plan
3663,ICT Equipment & Software,39307519,2022-03-30,Supply and delivery of ict equipment & software items,Ministry of Cost
3664,Cleaning & Sanitary Services,8452804,2025-05-07,Supply and delivery of cleaning & sanitary services items,Ministry of Seat
3665,Motor Vehicles & Spare Parts,8115648,2025-01-27,Supply and delivery of motor vehicles & spare parts items,Ministry of Sport
3666,Motor Vehicles & Spare Parts,1410646,2021-01-23,Supply and delivery of motor vehicles & spare parts items,Ministry of Church
3667,Consultancy Services,9458346,2024-11-19,Supply and delivery of consultancy services items,Ministry of Light
3668,Construction & Civil Works,308403173,2020-03-07,Supply and delivery of construction & civil works items,Ministry of American
3669,Medical Supplies & Pharmaceuticals,1430657,2025-08-11,Supply and delivery of medical supplies & pharmaceuticals items,Ministry of View
3670,Office Stationery & Supplies,9452819,2025-09-30,Supply and delivery of office stationery & supplies items,Ministry of Yeah
3671,Medical Supplies & Pharmaceuticals,5352279,2020-09-20,Supply and delivery of medical supplies & pharmaceuticals items,Ministry of World
3672,Cleaning & Sanitary Services,1045161,2021-11-13,Supply and delivery of cleaning & sanitary services items,Ministry of Film
3673,Cleaning & Sanitary Services,4919523,2020-08-24,Supply and delivery of cleaning & sanitary services items,Ministry of Result
3674,Office Stationery & Supplies,6722266,2021-01-30,Supply and delivery of office stationery & supplies items,Ministry of National
3675,Medical Supplies & Pharmaceuticals,153010,2021-01-01,Supply and delivery of medical supplies & pharmaceuticals items,Ministry of Black
3676,Consultancy Services,5905333,2022-12-26,Supply and delivery of consultancy services items,Ministry of Player
3677,Construction & Civil Works,224011080,2020-12-06,Supply and delivery of construction & civil works items,Ministry of Position
3678,Construction & Civil Works,351429210,2025-07-08,Supply and delivery of construction & civil works items,Ministry of Writer
3679,Construction & Civil Works,495613675,2022-09-23,Supply and delivery of construction & civil works items,Ministry of Reason
3680,Construction & Civil Works,39090796,2023-04-15,Supply and delivery of construction & civil works items,Ministry of Improve
3681,ICT Equipment & Software,27288986,2024-09-13,Supply and delivery of ict equipment & software items,Ministry of Yet
3682,Construction & Civil Works,323584320,2020-09-11,Supply and delivery of construction & civil works items,Ministry of Once
3683,Medical Supplies & Pharmaceuticals,2719909,2020-05-23,Supply and delivery of medical supplies & pharmaceuticals items,Ministry of Employee
3684,Construction & Civil Works,391539446,2022-03-12,Supply and delivery of construction & civil works items,Ministry of Education
3685,Consultancy Services,9791578,2025-10-05,Supply and delivery of consultancy services items,Ministry of Military
3686,ICT Equipment & Software,35642481,2021-02-16,Supply and delivery of ict equipment & software items,Ministry of International
3687,Construction & Civil Works,499877010,2020-04-01,Supply and delivery of construction & civil works items,Ministry of Artist
3688,Cleaning & Sanitary Services,362530,2025-07-01,Supply and delivery of cleaning & sanitary services items,Ministry of Will
3689,ICT Equipment & Software,2542361,2022-11-18,Supply and delivery of ict equipment & software items,Ministry of Threat
3690,Consultancy Services,317767,2025-06-16,Supply and delivery of consultancy services items,Ministry of Second
3691,Office Stationery & Supplies,3970033,2024-07-11,Supply and delivery of office stationery & supplies items,Ministry of Perhaps
3692,ICT Equipment & Software,9534612,2020-08-04,Supply and delivery of ict equipment & software items,Ministry of Nature
3693,Motor Vehicles & Spare Parts,7363776,2020-07-18,Supply and delivery of motor vehicles & spare parts items,Ministry of Real
3694,Motor Vehicles & Spare Parts,3488284,2021-12-03,Supply and delivery of motor vehicles & spare parts items,Ministry of New
3695,Construction & Civil Works,424362022,2023-05-18,Supply and delivery of construction & civil works items,Ministry of Scientist
3696,Motor Vehicles & Spare Parts,8583310,2023-03-11,Supply and delivery of motor vehicles & spare parts items,Ministry of Indeed
3697,Cleaning & Sanitary Services,4650056,2024-07-16,Supply and delivery of cleaning & sanitary services items,Ministry of Question
3698,Motor Vehicles & Spare Parts,4175341,2021-03-16,Supply and delivery of motor vehicles & spare parts items,Ministry of Full
3699,Office Stationery & Supplies,6501391,2020-10-23,Supply and delivery of office stationery & supplies items,Ministry of Source
3700,Construction & Civil Works,394139615,2021-03-09,Supply and delivery of construction & civil works items,Ministry of Yet
3701,Cleaning & Sanitary Services,1058101,2023-10-04,Supply and delivery of cleaning & sanitary services items,Ministry of International
3702,Office Stationery & Supplies,169519,2022-08-11,Supply and delivery of office stationery & supplies items,Ministry of Beautiful
3703,Medical Supplies & Pharmaceuticals,7938236,2022-12-10,Supply and delivery of medical supplies & pharmaceuticals items,Ministry of Million
3704,Medical Supplies & Pharmaceuticals,9685296,2020-08-16,Supply and delivery of medical supplies & pharmaceuticals items,Ministry of Option
3705,Consultancy Services,3079674,2022-11-26,Supply and delivery of consultancy services items,Ministry of Improve
3706,Construction & Civil Works,281983052,2021-11-01,Supply and delivery of construction & civil works items,Ministry of Stop
3707,Consultancy Services,4333384,2024-08-15,Supply and delivery of consultancy services items,Ministry of Spend
3708,Office Stationery & Supplies,7469080,2024-02-07,Supply and delivery of office stationery & supplies items,Ministry of Around
3709,Cleaning & Sanitary Services,9415889,2023-03-01,Supply and delivery of cleaning & sanitary services items,Ministry of Analysis
3710,Medical Supplies & Pharmaceuticals,4550696,2021-02-16,Supply and delivery of medical supplies & pharmaceuticals items,Ministry of Behind
3711,Construction & Civil Works,138616337,2021-11-03,Supply and delivery of construction & civil works items,Ministry of People
3712,ICT Equipment & Software,14667068,2024-06-26,Supply and delivery of ict equipment & software items,Ministry of Own
3713,Motor Vehicles & Spare Parts,1490179,2023-04-04,Supply and delivery of motor vehicles & spare parts items,Ministry of Put
3714,Consultancy Services,7228080,2021-11-18,Supply and delivery of consultancy services items,Ministry of Anything
3715,ICT Equipment & Software,49327949,2023-03-16,Supply and delivery of ict equipment & software items,Ministry of Anyone
3716,Office Stationery & Supplies,8414052,2025-10-19,Supply and delivery of office stationery & supplies items,Ministry of Image
3717,Cleaning & Sanitary Services,3871414,2021-02-16,Supply and delivery of cleaning & sanitary services items,Ministry of Note
3718,Motor Vehicles & Spare Parts,9637772,2020-04-24,Supply and delivery of motor vehicles & spare parts items,Ministry of That
3719,Consultancy Services,7168566,2024-02-08,Supply and delivery of consultancy services items,Ministry of Leader
3720,Office Stationery & Supplies,2018517,2024-06-06,Supply and delivery of office stationery & supplies items,Ministry of Need
3721,ICT Equipment & Software,24549484,2025-02-03,Supply and delivery of ict equipment & software items,Ministry of Movie
3722,Construction & Civil Works,276865441,2022-03-23,Supply and delivery of construction & civil works items,Ministry of Say
3723,Motor Vehicles & Spare Parts,4285727,2020-04-07,Supply and delivery of motor vehicles & spare parts items,Ministry of Difficult
3724,Consultancy Services,2914268,2020-08-04,Supply and delivery of consultancy services items,Ministry of Cultural
3725,Cleaning & Sanitary Services,7158175,2025-05-09,Supply and delivery of cleaning & sanitary services items,Ministry of Seem
3726,Construction & Civil Works,67582486,2021-12-02,Supply and delivery of construction & civil works items,Ministry of Send
3727,Cleaning & Sanitary Services,4117763,2021-03-22,Supply and delivery of cleaning & sanitary services items,Ministry of Design
3728,Construction & Civil Works,303884296,2023-06-05,Supply and delivery of construction & civil works items,Ministry of Position
3729,Medical Supplies & Pharmaceuticals,8535969,2020-02-04,Supply and delivery of medical supplies & pharmaceuticals items,Ministry of Win
3730,ICT Equipment & Software,29826068,2022-04-15,Supply and delivery of ict equipment & software items,Ministry of We
3731,Office Stationery & Supplies,6463395,2024-02-19,Supply and delivery of office stationery & supplies items,Ministry of Window
3732,Consultancy Services,6184556,2021-09-28,Supply and delivery of consultancy services items,Ministry of West
3733,Motor Vehicles & Spare Parts,1944348,2021-06-10,Supply and delivery of motor vehicles & spare parts items,Ministry of Teach
3734,Construction & Civil Works,79209146,2025-06-28,Supply and delivery of construction & civil works items,Ministry of Give
3735,Cleaning & Sanitary Services,1692023,2025-11-26,Supply and delivery of cleaning & sanitary services items,Ministry of In
3736,Motor Vehicles & Spare Parts,2393316,2024-12-16,Supply and delivery of motor vehicles & spare parts items,Ministry of Hot
3737,Consultancy Services,1639152,2025-07-03,Supply and delivery of consultancy services items,Ministry of Interest
3738,Cleaning & Sanitary Services,8881384,2020-04-08,Supply and delivery of cleaning & sanitary services items,Ministry of Change
3739,Cleaning & Sanitary Services,456440,2023-08-04,Supply and delivery of cleaning & sanitary services items,Ministry of Pretty
3740,Office Stationery & Supplies,9450351,2024-01-04,Supply and delivery of office stationery & supplies items,Ministry of Us
3741,Consultancy Services,6091233,2025-07-13,Supply and delivery of consultancy services items,Ministry of Response
3742,ICT Equipment & Software,38783556,2023-06-04,Supply and delivery of ict equipment & software items,Ministry of Treat
3743,Motor Vehicles & Spare Parts,1135340,2025-05-30,Supply and delivery of motor vehicles & spare parts items,Ministry of Force
3744,Consultancy Services,8466126,2021-03-24,Supply and delivery of consultancy services items,Ministry of Unit
3745,Cleaning & Sanitary Services,7181159,2023-12-02,Supply and delivery of cleaning & sanitary services items,Ministry of White
3746,Office Stationery & Supplies,8488817,2021-08-20,Supply and delivery of office stationery & supplies items,Ministry of Road
3747,Medical Supplies & Pharmaceuticals,3003561,2020-01-23,Supply and delivery of medical supplies & pharmaceuticals items,Ministry of Than
3748,Motor Vehicles & Spare Parts,5573024,2022-06-25,Supply and delivery of motor vehicles & spare parts items,Ministry of Fall
3749,Motor Vehicles & Spare Parts,316194,2025-01-20,Supply and delivery of motor vehicles & spare parts items,Ministry of Customer
3750,Office Stationery & Supplies,6574467,2024-11-24,Supply and delivery of office stationery & supplies items,Ministry of Method
3751,Office Stationery & Supplies,3697326,2021-07-09,Supply and delivery of office stationery & supplies items,Ministry of Action
3752,Office Stationery & Supplies,4957162,2023-10-04,Supply and delivery of office stationery & supplies items,Ministry of Indicate
3753,Office Stationery & Supplies,6764677,2020-04-01,Supply and delivery of office stationery & supplies items,Ministry of Speak
3754,Construction & Civil Works,303591644,2022-09-11,Supply and delivery of construction & civil works items,Ministry of Recognize
3755,ICT Equipment & Software,17577979,2024-02-19,Supply and delivery of ict equipment & software items,Ministry of Avoid
3756,Construction & Civil Works,75958046,2023-10-28,Supply and delivery of construction & civil works items,Ministry of Business
3757,Office Stationery & Supplies,1664458,2020-12-14,Supply and delivery of office stationery & supplies items,Ministry of Strong
3758,Motor Vehicles & Spare Parts,8019584,2022-12-06,Supply and delivery of motor vehicles & spare parts items,Ministry of Cover
3759,Construction & Civil Works,378340906,2023-03-22,Supply and delivery of construction & civil works items,Ministry of Computer
3760,Office Stationery & Supplies,4574220,2025-08-29,Supply and delivery of office stationery & supplies items,Ministry of Establish
3761,ICT Equipment & Software,30295023,2025-09-24,Supply and delivery of ict equipment & software items,Ministry of Senior
3762,Medical Supplies & Pharmaceuticals,1510124,2025-07-31,Supply and delivery of medical supplies & pharmaceuticals items,Ministry of Information
3763,Construction & Civil Works,434433348,2021-09-16,Supply and delivery of construction & civil works items,Ministry of Few
3764,Consultancy Services,9960685,2021-09-15,Supply and delivery of consultancy services items,Ministry of Over
3765,Office Stationery & Supplies,7853302,2021-07-26,Supply and delivery of office stationery & supplies items,Ministry of Sort
3766,Cleaning & Sanitary Services,9917539,2020-09-18,Supply and delivery of cleaning & sanitary services items,Ministry of Test
3767,Motor Vehicles & Spare Parts,1699826,2025-04-24,Supply and delivery of motor vehicles & spare parts items,Ministry of Defense
3768,Motor Vehicles & Spare Parts,1448483,2025-09-12,Supply and delivery of motor vehicles & spare parts items,Ministry of One
3769,Cleaning & Sanitary Services,9647474,2025-01-28,Supply and delivery of cleaning & sanitary services items,Ministry of Deep
3770,Motor Vehicles & Spare Parts,4142974,2020-10-05,Supply and delivery of motor vehicles & spare parts items,Ministry of Also
3771,Construction & Civil Works,148565876,2022-10-24,Supply and delivery of construction & civil works items,Ministry of Boy
3772,Consultancy Services,9229773,2020-09-01,Supply and delivery of consultancy services items,Ministry of Always
3773,Cleaning & Sanitary Services,8964367,2024-12-30,Supply and delivery of cleaning & sanitary services items,Ministry of Create
3774,Motor Vehicles & Spare Parts,4423492,2020-07-02,Supply and delivery of motor vehicles & spare parts items,Ministry of Rule
3775,Motor Vehicles & Spare Parts,2673338,2024-11-01,Supply and delivery of motor vehicles & spare parts items,Ministry of Effort
3776,Cleaning & Sanitary Services,1958777,2022-08-13,Supply and delivery of cleaning & sanitary services items,Ministry of Hospital
3777,ICT Equipment & Software,17757836,2022-08-17,Supply and delivery of ict equipment & software items,Ministry of Character
3778,Consultancy Services,5035500,2022-08-26,Supply and delivery of consultancy services items,Ministry of Specific
3779,Office Stationery & Supplies,4963099,2020-03-30,Supply and delivery of office stationery & supplies items,Ministry of World
3780,Office Stationery & Supplies,7093152,2023-01-08,Supply and delivery of office stationery & supplies items,Ministry of Current
3781,Cleaning & Sanitary Services,2790927,2024-08-10,Supply and delivery of cleaning & sanitary services items,Ministry of Share
3782,Consultancy Services,527557,2021-11-27,Supply and delivery of consultancy services items,Ministry of Outside
3783,Motor Vehicles & Spare Parts,2265456,2020-02-01,Supply and delivery of motor vehicles & spare parts items,Ministry of Claim
3784,Motor Vehicles & Spare Parts,7617618,2022-01-17,Supply and delivery of motor vehicles & spare parts items,Ministry of Enough
3785,Office Stationery & Supplies,7867227,2025-07-12,Supply and delivery of office stationery & supplies items,Ministry of Hard
3786,Cleaning & Sanitary Services,2252259,2022-10-09,Supply and delivery of cleaning & sanitary services items,Ministry of Week
3787,Office Stationery & Supplies,3490919,2023-11-12,Supply and delivery of office stationery & supplies items,Ministry of Include
3788,Construction & Civil Works,263299737,2022-04-12,Supply and delivery of construction & civil works items,Ministry of Your
3789,ICT Equipment & Software,41085551,2021-10-01,Supply and delivery of ict equipment & software items,Ministry of Attack
3790,Motor Vehicles & Spare Parts,4555237,2021-05-08,Supply and delivery of motor vehicles & spare parts items,Ministry of Product
3791,Consultancy Services,2479220,2021-03-01,Supply and delivery of consultancy services items,Ministry of Really
3792,ICT Equipment & Software,24237914,2024-04-29,Supply and delivery of ict equipment & software items,Ministry of Ago
3793,Office Stationery & Supplies,5298363,2025-03-24,Supply and delivery of office stationery & supplies items,Ministry of Available
3794,Cleaning & Sanitary Services,9517327,2025-01-21,Supply and delivery of cleaning & sanitary services items,Ministry of Play
3795,Medical Supplies & Pharmaceuticals,2919127,2023-03-04,Supply and delivery of medical supplies & pharmaceuticals items,Ministry of Onto
3796,ICT Equipment & Software,39080446,2020-12-18,Supply and delivery of ict equipment & software items,Ministry of Officer
3797,Office Stationery & Supplies,7720520,2025-10-13,Supply and delivery of office stationery & supplies items,Ministry of Art
3798,ICT Equipment & Software,31693579,2020-09-01,Supply and delivery of ict equipment & software items,Ministry of Attention
3799,Consultancy Services,8084705,2022-06-17,Supply and delivery of consultancy services items,Ministry of Nor
3800,ICT Equipment & Software,26793184,2020-02-08,Supply and delivery of ict equipment & software items,Ministry of Service
3801,Medical Supplies & Pharmaceuticals,8831896,2021-01-07,Supply and delivery of medical supplies & pharmaceuticals items,Ministry of Worker
3802,Medical Supplies & Pharmaceuticals,2752808,2021-12-05,Supply and delivery of medical supplies & pharmaceuticals items,Ministry of American
3803,Medical Supplies & Pharmaceuticals,4877376,2020-11-10,Supply and delivery of medical supplies & pharmaceuticals items,Ministry of Body
3804,ICT Equipment & Software,35965560,2024-02-08,Supply and delivery of ict equipment & software items,Ministry of According
3805,Consultancy Services,4856497,2022-04-15,Supply and delivery of consultancy services items,Ministry of Order
3806,Cleaning & Sanitary Services,3886065,2020-05-07,Supply and delivery of cleaning & sanitary services items,Ministry of Impact
3807,Medical Supplies & Pharmaceuticals,2525358,2024-08-11,Supply and delivery of medical supplies & pharmaceuticals items,Ministry of Call
3808,Consultancy Services,4017430,2025-02-20,Supply and delivery of consultancy services items,Ministry of Sound
3809,Office Stationery & Supplies,9163110,2023-10-08,Supply and delivery of office stationery & supplies items,Ministry of Organization
3810,Construction & Civil Works,124546289,2023-04-10,Supply and delivery of construction & civil works items,Ministry of Again
3811,Cleaning & Sanitary Services,2490514,2023-11-22,Supply and delivery of cleaning & sanitary services items,Ministry of Whether
3812,Construction & Civil Works,103920204,2022-11-09,Supply and delivery of construction & civil works items,Ministry of Owner
3813,Motor Vehicles & Spare Parts,5376085,2023-11-13,Supply and delivery of motor vehicles & spare parts items,Ministry of Fear
3814,Consultancy Services,7285180,2024-02-11,Supply and delivery of consultancy services items,Ministry of Impact
3815,Consultancy Services,9480601,2022-09-12,Supply and delivery of consultancy services items,Ministry of Smile
3816,Office Stationery & Supplies,9999510,2021-06-04,Supply and delivery of office stationery & supplies items,Ministry of Military
3817,ICT Equipment & Software,24376708,2023-09-04,Supply and delivery of ict equipment & software items,Ministry of Hair
3818,Motor Vehicles & Spare Parts,1380280,2025-11-17,Supply and delivery of motor vehicles & spare parts items,Ministry of Provide
3819,Medical Supplies & Pharmaceuticals,5646811,2022-09-23,Supply and delivery of medical supplies & pharmaceuticals items,Ministry of Wide
3820,Motor Vehicles & Spare Parts,2950310,2025-05-22,Supply and delivery of motor vehicles & spare parts items,Ministry of Look
3821,Cleaning & Sanitary Services,5086518,2023-03-21,Supply and delivery of cleaning & sanitary services items,Ministry of Here
3822,Office Stationery & Supplies,3827661,2021-05-05,Supply and delivery of office stationery & supplies items,Ministry of Few
3823,Cleaning & Sanitary Services,1379372,2023-10-27,Supply and delivery of cleaning & sanitary services items,Ministry of Contain
3824,Consultancy Services,5867034,2025-10-11,Supply and delivery of consultancy services items,Ministry of Important
3825,Office Stationery & Supplies,8203292,2025-12-29,Supply and delivery of office stationery & supplies items,Ministry of Us
3826,Medical Supplies & Pharmaceuticals,6607552,2020-12-17,Supply and delivery of medical supplies & pharmaceuticals items,Ministry of Sister
3827,Medical Supplies & Pharmaceuticals,8770441,2020-02-15,Supply and delivery of medical supplies & pharmaceuticals items,Ministry of Support
3828,Office Stationery & Supplies,1635834,2021-10-18,Supply and delivery of office stationery & supplies items,Ministry of And
3829,Medical Supplies & Pharmaceuticals,1336968,2022-10-04,Supply and delivery of medical supplies & pharmaceuticals items,Ministry of See
3830,Office Stationery & Supplies,1621093,2025-04-11,Supply and delivery of office stationery & supplies items,Ministry of Together
3831,Motor Vehicles & Spare Parts,5381592,2021-05-12,Supply and delivery of motor vehicles & spare parts items,Ministry of Interest
3832,Medical Supplies & Pharmaceuticals,7636381,2020-09-30,Supply and delivery of medical supplies & pharmaceuticals items,Ministry of Produce
3833,Construction & Civil Works,167436239,2022-02-12,Supply and delivery of construction & civil works items,Ministry of Year
3834,Motor Vehicles & Spare Parts,8511159,2022-06-08,Supply and delivery of motor vehicles & spare parts items,Ministry of Use
3835,Consultancy Services,8582216,2022-07-04,Supply and delivery of consultancy services items,Ministry of Similar
3836,ICT Equipment & Software,12168300,2022-09-18,Supply and delivery of ict equipment & software items,Ministry of Important
3837,Motor Vehicles & Spare Parts,8775147,2022-10-12,Supply and delivery of motor vehicles & spare parts items,Ministry of Green
3838,Consultancy Services,6639108,2021-12-15,Supply and delivery of consultancy services items,Ministry of Inside
3839,Motor Vehicles & Spare Parts,3149307,2020-10-18,Supply and delivery of motor vehicles & spare parts items,Ministry of Next
3840,Medical Supplies & Pharmaceuticals,2901818,2021-03-27,Supply and delivery of medical supplies & pharmaceuticals items,Ministry of Director
3841,Office Stationery & Supplies,4145721,2024-04-10,Supply and delivery of office stationery & supplies items,Ministry of Outside
3842,Construction & Civil Works,177716774,2021-03-02,Supply and delivery of construction & civil works items,Ministry of Tv
3843,Construction & Civil Works,499313330,2024-05-16,Supply and delivery of construction & civil works items,Ministry of Step
3844,Medical Supplies & Pharmaceuticals,3189809,2023-09-17,Supply and delivery of medical supplies & pharmaceuticals items,Ministry of We
3845,Construction & Civil Works,367934488,2022-10-12,Supply and delivery of construction & civil works items,Ministry of Travel
3846,Motor Vehicles & Spare Parts,1478148,2024-07-31,Supply and delivery of motor vehicles & spare parts items,Ministry of Issue
3847,Office Stationery & Supplies,4162118,2022-04-01,Supply and delivery of office stationery & supplies items,Ministry of Food
3848,Consultancy Services,338826,2021-04-12,Supply and delivery of consultancy services items,Ministry of Chance
3849,Office Stationery & Supplies,9239390,2022-10-27,Supply and delivery of office stationery & supplies items,Ministry of Occur
3850,ICT Equipment & Software,26900656,2023-11-30,Supply and delivery of ict equipment & software items,Ministry of First
3851,ICT Equipment & Software,24561606,2025-06-05,Supply and delivery of ict equipment & software items,Ministry of Stage
3852,Motor Vehicles & Spare Parts,4467209,2025-03-21,Supply and delivery of motor vehicles & spare parts items,Ministry of Itself
3853,Cleaning & Sanitary Services,5516797,2020-04-21,Supply and delivery of cleaning & sanitary services items,Ministry of Director
3854,Medical Supplies & Pharmaceuticals,2789290,2022-01-09,Supply and delivery of medical supplies & pharmaceuticals items,Ministry of Voice
3855,Consultancy Services,9122584,2020-12-09,Supply and delivery of consultancy services items,Ministry of If
3856,Medical Supplies & Pharmaceuticals,5711544,2025-08-15,Supply and delivery of medical supplies & pharmaceuticals items,Ministry of Lay
3857,Medical Supplies & Pharmaceuticals,4892030,2021-01-30,Supply and delivery of medical supplies & pharmaceuticals items,Ministry of Level
3858,Medical Supplies & Pharmaceuticals,2719893,2020-02-22,Supply and delivery of medical supplies & pharmaceuticals items,Ministry of Design
3859,Cleaning & Sanitary Services,3891860,2022-04-25,Supply and delivery of cleaning & sanitary services items,Ministry of Region
3860,Motor Vehicles & Spare Parts,7496526,2021-01-12,Supply and delivery of motor vehicles & spare parts items,Ministry of Skill
3861,Construction & Civil Works,359203522,2024-01-31,Supply and delivery of construction & civil works items,Ministry of Specific
3862,Consultancy Services,2065629,2020-12-07,Supply and delivery of consultancy services items,Ministry of Interest
3863,Construction & Civil Works,417676477,2023-06-13,Supply and delivery of construction & civil works items,Ministry of Suddenly
3864,Cleaning & Sanitary Services,4363528,2021-03-09,Supply and delivery of cleaning & sanitary services items,Ministry of Its
3865,Cleaning & Sanitary Services,9518530,2021-11-24,Supply and delivery of cleaning & sanitary services items,Ministry of Else
3866,ICT Equipment & Software,48789292,2025-03-16,Supply and delivery of ict equipment & software items,Ministry of Case
3867,Office Stationery & Supplies,2463319,2024-07-28,Supply and delivery of office stationery & supplies items,Ministry of Message
3868,Motor Vehicles & Spare Parts,5510687,2021-11-23,Supply and delivery of motor vehicles & spare parts items,Ministry of Worker
3869,Office Stationery & Supplies,7934767,2024-07-30,Supply and delivery of office stationery & supplies items,Ministry of Nice
3870,ICT Equipment & Software,39527078,2024-05-30,Supply and delivery of ict equipment & software items,Ministry of Type
3871,Consultancy Services,8351043,2020-03-18,Supply and delivery of consultancy services items,Ministry of Bill
3872,Construction & Civil Works,233576221,2024-09-20,Supply and delivery of construction & civil works items,Ministry of Bed
3873,ICT Equipment & Software,45556232,2020-02-17,Supply and delivery of ict equipment & software items,Ministry of Wife
3874,Motor Vehicles & Spare Parts,5242798,2025-03-04,Supply and delivery of motor vehicles & spare parts items,Ministry of Argue
3875,Medical Supplies & Pharmaceuticals,2598002,2021-12-27,Supply and delivery of medical supplies & pharmaceuticals items,Ministry of Believe
3876,Office Stationery & Supplies,3016585,2021-11-17,Supply and delivery of office stationery & supplies items,Ministry of Week
3877,Motor Vehicles & Spare Parts,3879404,2022-02-20,Supply and delivery of motor vehicles & spare parts items,Ministry of Six
3878,Construction & Civil Works,34649386,2020-11-25,Supply and delivery of construction & civil works items,Ministry of Different
3879,Office Stationery & Supplies,2869785,2021-11-04,Supply and delivery of office stationery & supplies items,Ministry of Attorney
3880,Motor Vehicles & Spare Parts,6063132,2022-03-06,Supply and delivery of motor vehicles & spare parts items,Ministry of Where
3881,Medical Supplies & Pharmaceuticals,2197951,2021-11-22,Supply and delivery of medical supplies & pharmaceuticals items,Ministry of West
3882,Medical Supplies & Pharmaceuticals,1679889,2024-12-19,Supply and delivery of medical supplies & pharmaceuticals items,Ministry of May
3883,ICT Equipment & Software,787555,2022-01-11,Supply and delivery of ict equipment & software items,Ministry of Continue
3884,Motor Vehicles & Spare Parts,3875944,2021-09-26,Supply and delivery of motor vehicles & spare parts items,Ministry of Blood
3885,Motor Vehicles & Spare Parts,8896785,2024-10-23,Supply and delivery of motor vehicles & spare parts items,Ministry of Collection
3886,Office Stationery & Supplies,2888647,2025-05-27,Supply and delivery of office stationery & supplies items,Ministry of Civil
3887,Office Stationery & Supplies,6478384,2020-12-23,Supply and delivery of office stationery & supplies items,Ministry of By
3888,ICT Equipment & Software,24222901,2023-03-12,Supply and delivery of ict equipment & software items,Ministry of Present
3889,Medical Supplies & Pharmaceuticals,8318616,2022-06-16,Supply and delivery of medical supplies & pharmaceuticals items,Ministry of Or
3890,Medical Supplies & Pharmaceuticals,8376869,2023-04-25,Supply and delivery of medical supplies & pharmaceuticals items,Ministry of Manager
3891,Cleaning & Sanitary Services,2579129,2024-03-13,Supply and delivery of cleaning & sanitary services items,Ministry of Fast
3892,Office Stationery & Supplies,408697,2024-02-20,Supply and delivery of office stationery & supplies items,Ministry of Well
3893,Construction & Civil Works,59047447,2021-06-30,Supply and delivery of construction & civil works items,Ministry of Build
3894,Medical Supplies & Pharmaceuticals,7379074,2023-12-25,Supply and delivery of medical supplies & pharmaceuticals items,Ministry of Choice
3895,Motor Vehicles & Spare Parts,8561516,2025-06-15,Supply and delivery of motor vehicles & spare parts items,Ministry of Bill
3896,Cleaning & Sanitary Services,6132290,2024-07-13,Supply and delivery of cleaning & sanitary services items,Ministry of Central
3897,Motor Vehicles & Spare Parts,942606,2025-04-12,Supply and delivery of motor vehicles & spare parts items,Ministry of Material
3898,Consultancy Services,7477775,2022-04-11,Supply and delivery of consultancy services items,Ministry of Conference
3899,Cleaning & Sanitary Services,8939023,2024-08-07,Supply and delivery of cleaning & sanitary services items,Ministry of Peace
3900,Construction & Civil Works,20333352,2024-02-16,Supply and delivery of construction & civil works items,Ministry of Television
3901,Office Stationery & Supplies,3799446,2022-03-04,Supply and delivery of office stationery & supplies items,Ministry of Let
3902,Office Stationery & Supplies,648723,2023-07-05,Supply and delivery of office stationery & supplies items,Ministry of Court
3903,Consultancy Services,4873147,2022-09-07,Supply and delivery of consultancy services items,Ministry of Again
3904,Motor Vehicles & Spare Parts,9597445,2025-10-26,Supply and delivery of motor vehicles & spare parts items,Ministry of Your
3905,Construction & Civil Works,108548875,2024-01-11,Supply and delivery of construction & civil works items,Ministry of Guy
3906,Motor Vehicles & Spare Parts,6012084,2025-04-24,Supply and delivery of motor vehicles & spare parts items,Ministry of Bed
3907,Medical Supplies & Pharmaceuticals,7455554,2025-04-26,Supply and delivery of medical supplies & pharmaceuticals items,Ministry of Authority
3908,ICT Equipment & Software,10797650,2021-01-23,Supply and delivery of ict equipment & software items,Ministry of Probably
3909,Office Stationery & Supplies,5182070,2021-10-19,Supply and delivery of office stationery & supplies items,Ministry of Indeed
3910,Consultancy Services,9043742,2025-07-01,Supply and delivery of consultancy services items,Ministry of Bring
3911,Medical Supplies & Pharmaceuticals,7369056,2025-12-15,Supply and delivery of medical supplies & pharmaceuticals items,Ministry of Street
3912,Office Stationery & Supplies,4247036,2025-10-05,Supply and delivery of office stationery & supplies items,Ministry of Debate
3913,Construction & Civil Works,267367734,2025-10-07,Supply and delivery of construction & civil works items,Ministry of Full
3914,Motor Vehicles & Spare Parts,7135483,2021-10-02,Supply and delivery of motor vehicles & spare parts items,Ministry of Structure
3915,Motor Vehicles & Spare Parts,4342895,2025-09-09,Supply and delivery of motor vehicles & spare parts items,Ministry of Because
3916,Office Stationery & Supplies,5317975,2022-02-16,Supply and delivery of office stationery & supplies items,Ministry of Successful
3917,Cleaning & Sanitary Services,8572714,2022-12-19,Supply and delivery of cleaning & sanitary services items,Ministry of Pretty
3918,Office Stationery & Supplies,264486,2025-05-06,Supply and delivery of office stationery & supplies items,Ministry of Key
3919,Construction & Civil Works,473275760,2025-12-12,Supply and delivery of construction & civil works items,Ministry of His
3920,Construction & Civil Works,243727580,2025-02-08,Supply and delivery of construction & civil works items,Ministry of Dark
3921,ICT Equipment & Software,18004684,2023-01-29,Supply and delivery of ict equipment & software items,Ministry of Nature
3922,Office Stationery & Supplies,3554707,2025-06-04,Supply and delivery of office stationery & supplies items,Ministry of Agent
3923,Cleaning & Sanitary Services,4972587,2022-12-08,Supply and delivery of cleaning & sanitary services items,Ministry of Western
3924,Motor Vehicles & Spare Parts,6384179,2020-12-31,Supply and delivery of motor vehicles & spare parts items,Ministry of Range
3925,Motor Vehicles & Spare Parts,7014128,2021-06-07,Supply and delivery of motor vehicles & spare parts items,Ministry of Follow
3926,Medical Supplies & Pharmaceuticals,2898658,2021-07-30,Supply and delivery of medical supplies & pharmaceuticals items,Ministry of Lead
3927,Construction & Civil Works,459409073,2022-01-09,Supply and delivery of construction & civil works items,Ministry of Explain
3928,Office Stationery & Supplies,5641543,2024-07-01,Supply and delivery of office stationery & supplies items,Ministry of Song
3929,Construction & Civil Works,412822803,2023-12-09,Supply and delivery of construction & civil works items,Ministry of Receive
3930,Cleaning & Sanitary Services,7061507,2020-06-24,Supply and delivery of cleaning & sanitary services items,Ministry of Ok
3931,Consultancy Services,3795611,2020-03-09,Supply and delivery of consultancy services items,Ministry of Try
3932,Motor Vehicles & Spare Parts,3492389,2025-11-13,Supply and delivery of motor vehicles & spare parts items,Ministry of Probably
3933,Construction & Civil Works,490915154,2020-01-24,Supply and delivery of construction & civil works items,Ministry of Painting
3934,Motor Vehicles & Spare Parts,9242716,2020-02-12,Supply and delivery of motor vehicles & spare parts items,Ministry of Husband
3935,Cleaning & Sanitary Services,9221486,2021-03-13,Supply and delivery of cleaning & sanitary services items,Ministry of Many
3936,Motor Vehicles & Spare Parts,3346319,2022-04-12,Supply and delivery of motor vehicles & spare parts items,Ministry of Also
3937,ICT Equipment & Software,31412181,2024-03-03,Supply and delivery of ict equipment & software items,Ministry of Expect
3938,Construction & Civil Works,368073448,2024-03-06,Supply and delivery of construction & civil works items,Ministry of Government
3939,Construction & Civil Works,91352784,2022-03-14,Supply and delivery of construction & civil works items,Ministry of Music
3940,Construction & Civil Works,131191031,2025-02-13,Supply and delivery of construction & civil works items,Ministry of Step
3941,Medical Supplies & Pharmaceuticals,385356,2022-07-19,Supply and delivery of medical supplies & pharmaceuticals items,Ministry of Second
3942,Cleaning & Sanitary Services,3103337,2022-01-19,Supply and delivery of cleaning & sanitary services items,Ministry of Yes
3943,Motor Vehicles & Spare Parts,6663484,2022-01-28,Supply and delivery of motor vehicles & spare parts items,Ministry of Every
3944,ICT Equipment & Software,3775654,2023-04-25,Supply and delivery of ict equipment & software items,Ministry of Middle
3945,ICT Equipment & Software,40287982,2021-09-09,Supply and delivery of ict equipment & software items,Ministry of Because
3946,Motor Vehicles & Spare Parts,9698821,2025-06-24,Supply and delivery of motor vehicles & spare parts items,Ministry of Why
3947,Motor Vehicles & Spare Parts,6025313,2024-01-11,Supply and delivery of motor vehicles & spare parts items,Ministry of Support
3948,Motor Vehicles & Spare Parts,8145021,2023-12-30,Supply and delivery of motor vehicles & spare parts items,Ministry of From
3949,Office Stationery & Supplies,6924125,2025-03-02,Supply and delivery of office stationery & supplies items,Ministry of War
3950,Motor Vehicles & Spare Parts,2342019,2020-09-05,Supply and delivery of motor vehicles & spare parts items,Ministry of Talk
3951,Consultancy Services,412051,2020-10-08,Supply and delivery of consultancy services items,Ministry of Sound
3952,Motor Vehicles & Spare Parts,2891004,2020-08-22,Supply and delivery of motor vehicles & spare parts items,Ministry of Bad
3953,Medical Supplies & Pharmaceuticals,6362748,2021-01-23,Supply and delivery of medical supplies & pharmaceuticals items,Ministry of Attention
3954,Cleaning & Sanitary Services,6756669,2020-12-03,Supply and delivery of cleaning & sanitary services items,Ministry of Suddenly
3955,Consultancy Services,9642866,2021-06-03,Supply and delivery of consultancy services items,Ministry of Begin
3956,ICT Equipment & Software,27399165,2025-03-07,Supply and delivery of ict equipment & software items,Ministry of Act
3957,Office Stationery & Supplies,6125140,2024-05-03,Supply and delivery of office stationery & supplies items,Ministry of Since
3958,Cleaning & Sanitary Services,3263257,2024-11-03,Supply and delivery of cleaning & sanitary services items,Ministry of Truth
3959,Office Stationery & Supplies,3515814,2025-06-14,Supply and delivery of office stationery & supplies items,Ministry of Avoid
3960,Consultancy Services,2050256,2020-12-08,Supply and delivery of consultancy services items,Ministry of Produce
3961,Construction & Civil Works,158798472,2025-10-16,Supply and delivery of construction & civil works items,Ministry of Magazine
3962,Consultancy Services,5410825,2023-10-14,Supply and delivery of consultancy services items,Ministry of Give
3963,Consultancy Services,9331822,2024-09-18,Supply and delivery of consultancy services items,Ministry of Born
3964,Cleaning & Sanitary Services,4914974,2023-09-04,Supply and delivery of cleaning & sanitary services items,Ministry of Arrive
3965,Consultancy Services,397180,2024-03-22,Supply and delivery of consultancy services items,Ministry of Decision
3966,Office Stationery & Supplies,3505914,2025-07-04,Supply and delivery of office stationery & supplies items,Ministry of With
3967,Office Stationery & Supplies,4277927,2020-06-26,Supply and delivery of office stationery & supplies items,Ministry of Benefit
3968,Medical Supplies & Pharmaceuticals,3329065,2024-04-22,Supply and delivery of medical supplies & pharmaceuticals items,Ministry of Benefit
3969,Consultancy Services,687426,2020-01-09,Supply and delivery of consultancy services items,Ministry of Strong
3970,Consultancy Services,1231614,2024-02-11,Supply and delivery of consultancy services items,Ministry of Develop
3971,Construction & Civil Works,270714589,2020-04-19,Supply and delivery of construction & civil works items,Ministry of Base
3972,Cleaning & Sanitary Services,2566507,2022-04-27,Supply and delivery of cleaning & sanitary services items,Ministry of Process
3973,Office Stationery & Supplies,5518673,2023-03-05,Supply and delivery of office stationery & supplies items,Ministry of Maybe
3974,Construction & Civil Works,374875137,2024-11-26,Supply and delivery of construction & civil works items,Ministry of Section
3975,ICT Equipment & Software,10793122,2025-12-04,Supply and delivery of ict equipment & software items,Ministry of Point
3976,Office Stationery & Supplies,9565027,2024-03-27,Supply and delivery of office stationery & supplies items,Ministry of Manager
3977,Motor Vehicles & Spare Parts,9495448,2021-09-23,Supply and delivery of motor vehicles & spare parts items,Ministry of Require
3978,ICT Equipment & Software,46586355,2023-07-20,Supply and delivery of ict equipment & software items,Ministry of Traditional
3979,Construction & Civil Works,414172637,2020-05-14,Supply and delivery of construction & civil works items,Ministry of Crime
3980,ICT Equipment & Software,7346090,2023-01-17,Supply and delivery of ict equipment & software items,Ministry of Base
3981,Consultancy Services,3095353,2021-01-20,Supply and delivery of consultancy services items,Ministry of Decade
3982,Construction & Civil Works,132324438,2021-07-30,Supply and delivery of construction & civil works items,Ministry of Unit
3983,Medical Supplies & Pharmaceuticals,3389363,2023-04-02,Supply and delivery of medical supplies & pharmaceuticals items,Ministry of Current
3984,Consultancy Services,9134839,2024-03-13,Supply and delivery of consultancy services items,Ministry of Scientist
3985,Motor Vehicles & Spare Parts,2886202,2024-07-26,Supply and delivery of motor vehicles & spare parts items,Ministry of Cup
3986,ICT Equipment & Software,48960280,2021-02-13,Supply and delivery of ict equipment & software items,Ministry of Fund
3987,Cleaning & Sanitary Services,1749379,2024-07-15,Supply and delivery of cleaning & sanitary services items,Ministry of Drive
3988,Office Stationery & Supplies,5651093,2020-12-21,Supply and delivery of office stationery & supplies items,Ministry of Prove
3989,Motor Vehicles & Spare Parts,2492001,2025-01-05,Supply and delivery of motor vehicles & spare parts items,Ministry of Fine
3990,Cleaning & Sanitary Services,2416830,2023-08-11,Supply and delivery of cleaning & sanitary services items,Ministry of Move
3991,Cleaning & Sanitary Services,1333387,2023-11-04,Supply and delivery of cleaning & sanitary services items,Ministry of Discover
3992,Consultancy Services,7725417,2022-07-23,Supply and delivery of consultancy services items,Ministry of Thank
3993,Motor Vehicles & Spare Parts,8539426,2022-01-25,Supply and delivery of motor vehicles & spare parts items,Ministry of Effect
3994,Medical Supplies & Pharmaceuticals,1597116,2023-03-08,Supply and delivery of medical supplies & pharmaceuticals items,Ministry of Real
3995,Construction & Civil Works,456334451,2025-05-05,Supply and delivery of construction & civil works items,Ministry of Result
3996,Office Stationery & Supplies,8684036,2021-07-05,Supply and delivery of office stationery & supplies items,Ministry of Somebody
3997,Medical Supplies & Pharmaceuticals,4695772,2020-12-19,Supply and delivery of medical supplies & pharmaceuticals items,Ministry of Assume
3998,Consultancy Services,4389991,2020-05-17,Supply and delivery of consultancy services items,Ministry of Guy
3999,Motor Vehicles & Spare Parts,6152677,2025-05-31,Supply and delivery of motor vehicles & spare parts items,Ministry of As
4000,Office Stationery & Supplies,8324767,2023-09-20,Supply and delivery of office stationery & supplies items,Ministry of Television
4001,Medical Supplies & Pharmaceuticals,6905969,2022-07-31,Supply and delivery of medical supplies & pharmaceuticals items,Ministry of Represent
4002,Office Stationery & Supplies,4081048,2024-08-01,Supply and delivery of office stationery & supplies items,Ministry of Sense
4003,Consultancy Services,6179422,2022-09-04,Supply and delivery of consultancy services items,Ministry of Size
4004,Consultancy Services,5736589,2024-01-17,Supply and delivery of consultancy services items,Ministry of From
4005,Office Stationery & Supplies,8046321,2023-07-12,Supply and delivery of office stationery & supplies items,Ministry of Whom
4006,Motor Vehicles & Spare Parts,9671226,2025-06-26,Supply and delivery of motor vehicles & spare parts items,Ministry of Save
4007,Medical Supplies & Pharmaceuticals,8584102,2024-02-01,Supply and delivery of medical supplies & pharmaceuticals items,Ministry of Resource
4008,Construction & Civil Works,356924672,2025-10-02,Supply and delivery of construction & civil works items,Ministry of Outside
4009,ICT Equipment & Software,42282385,2021-07-29,Supply and delivery of ict equipment & software items,Ministry of Those
4010,ICT Equipment & Software,8824878,2021-11-30,Supply and delivery of ict equipment & software items,Ministry of Help
4011,Office Stationery & Supplies,7692443,2024-06-14,Supply and delivery of office stationery & supplies items,Ministry of Media
4012,Construction & Civil Works,437730173,2022-03-22,Supply and delivery of construction & civil works items,Ministry of First
4013,Consultancy Services,2211278,2024-07-30,Supply and delivery of consultancy services items,Ministry of Form
4014,Motor Vehicles & Spare Parts,316651,2023-04-11,Supply and delivery of motor vehicles & spare parts items,Ministry of Size
4015,Office Stationery & Supplies,6720661,2021-02-20,Supply and delivery of office stationery & supplies items,Ministry of People
4016,Construction & Civil Works,489459090,2021-01-08,Supply and delivery of construction & civil works items,Ministry of Rock
4017,Construction & Civil Works,352387448,2022-02-12,Supply and delivery of construction & civil works items,Ministry of Make
4018,Motor Vehicles & Spare Parts,7672491,2025-04-12,Supply and delivery of motor vehicles & spare parts items,Ministry of Garden
4019,Motor Vehicles & Spare Parts,2635244,2025-07-16,Supply and delivery of motor vehicles & spare parts items,Ministry of Throughout
4020,Medical Supplies & Pharmaceuticals,1711589,2025-09-01,Supply and delivery of medical supplies & pharmaceuticals items,Ministry of Interesting
4021,Medical Supplies & Pharmaceuticals,9328420,2022-10-12,Supply and delivery of medical supplies & pharmaceuticals items,Ministry of Way
4022,Construction & Civil Works,339024789,2022-10-14,Supply and delivery of construction & civil works items,Ministry of Claim
4023,Medical Supplies & Pharmaceuticals,3100102,2020-11-07,Supply and delivery of medical supplies & pharmaceuticals items,Ministry of Social
4024,Motor Vehicles & Spare Parts,6689763,2022-04-24,Supply and delivery of motor vehicles & spare parts items,Ministry of Ago
4025,Medical Supplies & Pharmaceuticals,9533262,2025-03-28,Supply and delivery of medical supplies & pharmaceuticals items,Ministry of Story
4026,Office Stationery & Supplies,2478772,2021-11-24,Supply and delivery of office stationery & supplies items,Ministry of Truth
4027,Consultancy Services,3497559,2023-10-17,Supply and delivery of consultancy services items,Ministry of Instead
4028,Construction & Civil Works,47291777,2022-03-12,Supply and delivery of construction & civil works items,Ministry of Leader
4029,Office Stationery & Supplies,5840592,2024-09-29,Supply and delivery of office stationery & supplies items,Ministry of Recently
4030,Construction & Civil Works,367159443,2025-06-06,Supply and delivery of construction & civil works items,Ministry of City
4031,ICT Equipment & Software,28430454,2023-07-23,Supply and delivery of ict equipment & software items,Ministry of Create
4032,ICT Equipment & Software,21540202,2021-04-20,Supply and delivery of ict equipment & software items,Ministry of Admit
4033,ICT Equipment & Software,29165409,2022-05-07,Supply and delivery of ict equipment & software items,Ministry of Citizen
4034,Consultancy Services,5425910,2021-08-16,Supply and delivery of consultancy services items,Ministry of Decade
4035,Construction & Civil Works,241909241,2020-02-17,Supply and delivery of construction & civil works items,Ministry of Including
4036,ICT Equipment & Software,30864494,2020-12-12,Supply and delivery of ict equipment & software items,Ministry of Themselves
4037,ICT Equipment & Software,45007918,2025-09-23,Supply and delivery of ict equipment & software items,Ministry of Often
4038,ICT Equipment & Software,7726460,2021-08-31,Supply and delivery of ict equipment & software items,Ministry of Customer
4039,Construction & Civil Works,278942230,2022-12-01,Supply and delivery of construction & civil works items,Ministry of Shake
4040,Office Stationery & Supplies,5337264,2022-12-29,Supply and delivery of office stationery & supplies items,Ministry of Learn
4041,Medical Supplies & Pharmaceuticals,2333969,2025-09-06,Supply and delivery of medical supplies & pharmaceuticals items,Ministry of Collection
4042,Medical Supplies & Pharmaceuticals,2553039,2022-12-03,Supply and delivery of medical supplies & pharmaceuticals items,Ministry of Reduce
4043,Office Stationery & Supplies,6059776,2020-05-10,Supply and delivery of office stationery & supplies items,Ministry of Born
4044,Motor Vehicles & Spare Parts,5531369,2020-05-26,Supply and delivery of motor vehicles & spare parts items,Ministry of Game
4045,Medical Supplies & Pharmaceuticals,6232469,2024-03-26,Supply and delivery of medical supplies & pharmaceuticals items,Ministry of Political
4046,Cleaning & Sanitary Services,6591212,2021-09-25,Supply and delivery of cleaning & sanitary services items,Ministry of Easy
4047,Medical Supplies & Pharmaceuticals,7305273,2023-02-10,Supply and delivery of medical supplies & pharmaceuticals items,Ministry of Miss
4048,Office Stationery & Supplies,4427219,2024-10-26,Supply and delivery of office stationery & supplies items,Ministry of Keep
4049,ICT Equipment & Software,15755164,2022-12-10,Supply and delivery of ict equipment & software items,Ministry of Foot
4050,Medical Supplies & Pharmaceuticals,877150,2023-10-15,Supply and delivery of medical supplies & pharmaceuticals items,Ministry of Ground
4051,Construction & Civil Works,289446442,2023-10-13,Supply and delivery of construction & civil works items,Ministry of Return
4052,ICT Equipment & Software,17195033,2023-09-17,Supply and delivery of ict equipment & software items,Ministry of Population
4053,Medical Supplies & Pharmaceuticals,9260077,2020-09-23,Supply and delivery of medical supplies & pharmaceuticals items,Ministry of Carry
4054,Construction & Civil Works,208648583,2023-03-06,Supply and delivery of construction & civil works items,Ministry of Growth
4055,Office Stationery & Supplies,1776099,2024-05-06,Supply and delivery of office stationery & supplies items,Ministry of Surface
4056,Medical Supplies & Pharmaceuticals,5955113,2024-02-17,Supply and delivery of medical supplies & pharmaceuticals items,Ministry of Career
4057,Office Stationery & Supplies,9263064,2022-03-20,Supply and delivery of office stationery & supplies items,Ministry of Material
4058,ICT Equipment & Software,43336195,2020-05-18,Supply and delivery of ict equipment & software items,Ministry of Likely
4059,ICT Equipment & Software,7623801,2022-03-21,Supply and delivery of ict equipment & software items,Ministry of Employee
4060,Consultancy Services,5165521,2021-04-03,Supply and delivery of consultancy services items,Ministry of General
4061,Cleaning & Sanitary Services,1997465,2024-02-17,Supply and delivery of cleaning & sanitary services items,Ministry of Where
4062,Cleaning & Sanitary Services,4765770,2025-03-25,Supply and delivery of cleaning & sanitary services items,Ministry of Form
4063,ICT Equipment & Software,31048432,2023-10-20,Supply and delivery of ict equipment & software items,Ministry of Week
4064,Cleaning & Sanitary Services,8636341,2025-10-31,Supply and delivery of cleaning & sanitary services items,Ministry of Stop
4065,Medical Supplies & Pharmaceuticals,8783585,2021-09-06,Supply and delivery of medical supplies & pharmaceuticals items,Ministry of Grow
4066,Motor Vehicles & Spare Parts,1219816,2023-06-18,Supply and delivery of motor vehicles & spare parts items,Ministry of Glass
4067,Medical Supplies & Pharmaceuticals,5268949,2024-03-10,Supply and delivery of medical supplies & pharmaceuticals items,Ministry of Week
4068,Construction & Civil Works,193520559,2020-10-05,Supply and delivery of construction & civil works items,Ministry of Fund
4069,ICT Equipment & Software,21827254,2024-09-08,Supply and delivery of ict equipment & software items,Ministry of Page
4070,Consultancy Services,3326250,2025-10-28,Supply and delivery of consultancy services items,Ministry of Drop
4071,Motor Vehicles & Spare Parts,6510563,2024-03-31,Supply and delivery of motor vehicles & spare parts items,Ministry of Poor
4072,Construction & Civil Works,383558398,2021-06-03,Supply and delivery of construction & civil works items,Ministry of Ten
4073,Cleaning & Sanitary Services,8415308,2021-06-29,Supply and delivery of cleaning & sanitary services items,Ministry of Order
4074,Office Stationery & Supplies,192889,2022-10-26,Supply and delivery of office stationery & supplies items,Ministry of After
4075,Construction & Civil Works,143827363,2021-11-17,Supply and delivery of construction & civil works items,Ministry of Up
4076,Office Stationery & Supplies,2898945,2020-07-28,Supply and delivery of office stationery & supplies items,Ministry of Social
4077,Construction & Civil Works,293315595,2020-11-21,Supply and delivery of construction & civil works items,Ministry of Fund
4078,ICT Equipment & Software,9754404,2020-06-27,Supply and delivery of ict equipment & software items,Ministry of Military
4079,Cleaning & Sanitary Services,6716243,2022-10-10,Supply and delivery of cleaning & sanitary services items,Ministry of Wear
4080,Cleaning & Sanitary Services,4548388,2025-05-05,Supply and delivery of cleaning & sanitary services items,Ministry of Should
4081,Office Stationery & Supplies,7470563,2021-08-05,Supply and delivery of office stationery & supplies items,Ministry of Listen
4082,Consultancy Services,7851066,2022-05-03,Supply and delivery of consultancy services items,Ministry of Data
4083,ICT Equipment & Software,2094575,2024-09-29,Supply and delivery of ict equipment & software items,Ministry of Fact
4084,ICT Equipment & Software,40200092,2024-04-08,Supply and delivery of ict equipment & software items,Ministry of Himself
4085,ICT Equipment & Software,18672210,2025-01-31,Supply and delivery of ict equipment & software items,Ministry of Artist
4086,ICT Equipment & Software,18823773,2022-11-03,Supply and delivery of ict equipment & software items,Ministry of Dog
4087,Construction & Civil Works,364406468,2023-10-19,Supply and delivery of construction & civil works items,Ministry of Generation
4088,ICT Equipment & Software,22246117,2022-02-19,Supply and delivery of ict equipment & software items,Ministry of Pressure
4089,Motor Vehicles & Spare Parts,3300890,2022-11-23,Supply and delivery of motor vehicles & spare parts items,Ministry of Child
4090,Office Stationery & Supplies,2775518,2024-09-13,Supply and delivery of office stationery & supplies items,Ministry of Front
4091,Motor Vehicles & Spare Parts,9775864,2022-11-27,Supply and delivery of motor vehicles & spare parts items,Ministry of Former
4092,Office Stationery & Supplies,1498705,2023-08-18,Supply and delivery of office stationery & supplies items,Ministry of Not
4093,Consultancy Services,6311715,2021-03-14,Supply and delivery of consultancy services items,Ministry of Talk
4094,Office Stationery & Supplies,7034063,2023-11-16,Supply and delivery of office stationery & supplies items,Ministry of Wind
4095,Office Stationery & Supplies,6811987,2023-08-02,Supply and delivery of office stationery & supplies items,Ministry of Camera
4096,Office Stationery & Supplies,4697577,2021-10-09,Supply and delivery of office stationery & supplies items,Ministry of Ask
4097,ICT Equipment & Software,43272387,2024-05-30,Supply and delivery of ict equipment & software items,Ministry of Day
4098,Cleaning & Sanitary Services,9178125,2023-02-20,Supply and delivery of cleaning & sanitary services items,Ministry of Mother
4099,Office Stationery & Supplies,8034132,2021-09-10,Supply and delivery of office stationery & supplies items,Ministry of Street
4100,Office Stationery & Supplies,7211905,2022-04-03,Supply and delivery of office stationery & supplies items,Ministry of School
4101,Construction & Civil Works,200980382,2024-11-28,Supply and delivery of construction & civil works items,Ministry of Activity
4102,Construction & Civil Works,460015720,2021-10-15,Supply and delivery of construction & civil works items,Ministry of Democratic
4103,Construction & Civil Works,10634222,2020-11-11,Supply and delivery of construction & civil works items,Ministry of Ago
4104,Cleaning & Sanitary Services,6488406,2020-03-04,Supply and delivery of cleaning & sanitary services items,Ministry of Quickly
4105,Motor Vehicles & Spare Parts,8453170,2024-07-28,Supply and delivery of motor vehicles & spare parts items,Ministry of Bar
4106,Cleaning & Sanitary Services,9380320,2022-03-18,Supply and delivery of cleaning & sanitary services items,Ministry of Stand
4107,Medical Supplies & Pharmaceuticals,7742897,2025-06-16,Supply and delivery of medical supplies & pharmaceuticals items,Ministry of Choose
4108,ICT Equipment & Software,9161351,2022-09-05,Supply and delivery of ict equipment & software items,Ministry of Idea
4109,Office Stationery & Supplies,6867414,2023-05-01,Supply and delivery of office stationery & supplies items,Ministry of Phone
4110,Motor Vehicles & Spare Parts,6001179,2022-08-31,Supply and delivery of motor vehicles & spare parts items,Ministry of Former
4111,Construction & Civil Works,168862149,2020-08-24,Supply and delivery of construction & civil works items,Ministry of Eye
4112,Construction & Civil Works,481775431,2022-09-25,Supply and delivery of construction & civil works items,Ministry of Decade
4113,Construction & Civil Works,458182002,2024-03-27,Supply and delivery of construction & civil works items,Ministry of Long
4114,Office Stationery & Supplies,5523444,2021-09-15,Supply and delivery of office stationery & supplies items,Ministry of Peace
4115,Construction & Civil Works,34154998,2020-10-08,Supply and delivery of construction & civil works items,Ministry of Adult
4116,Construction & Civil Works,12782634,2020-09-28,Supply and delivery of construction & civil works items,Ministry of Trip
4117,Office Stationery & Supplies,5090044,2021-12-16,Supply and delivery of office stationery & supplies items,Ministry of Me
4118,Consultancy Services,2665513,2022-03-19,Supply and delivery of consultancy services items,Ministry of Forward
4119,Medical Supplies & Pharmaceuticals,3667008,2024-12-27,Supply and delivery of medical supplies & pharmaceuticals items,Ministry of How
4120,Motor Vehicles & Spare Parts,6924464,2023-04-20,Supply and delivery of motor vehicles & spare parts items,Ministry of Production
4121,Consultancy Services,2801433,2022-08-09,Supply and delivery of consultancy services items,Ministry of Game
4122,Medical Supplies & Pharmaceuticals,6700713,2022-05-16,Supply and delivery of medical supplies & pharmaceuticals items,Ministry of General
4123,Motor Vehicles & Spare Parts,9968603,2023-09-05,Supply and delivery of motor vehicles & spare parts items,Ministry of Soon
4124,Cleaning & Sanitary Services,2071472,2020-03-16,Supply and delivery of cleaning & sanitary services items,Ministry of Fear
4125,ICT Equipment & Software,30064708,2021-12-10,Supply and delivery of ict equipment & software items,Ministry of Something
4126,ICT Equipment & Software,18356445,2023-05-30,Supply and delivery of ict equipment & software items,Ministry of Use
4127,ICT Equipment & Software,12512272,2023-01-26,Supply and delivery of ict equipment & software items,Ministry of Several
4128,Cleaning & Sanitary Services,1294447,2024-04-20,Supply and delivery of cleaning & sanitary services items,Ministry of Cause
4129,Consultancy Services,2334268,2022-12-24,Supply and delivery of consultancy services items,Ministry of Within
4130,Office Stationery & Supplies,5061826,2020-05-28,Supply and delivery of office stationery & supplies items,Ministry of Civil
4131,Construction & Civil Works,271070033,2020-08-12,Supply and delivery of construction & civil works items,Ministry of Common
4132,Consultancy Services,9772204,2025-08-21,Supply and delivery of consultancy services items,Ministry of Easy
4133,ICT Equipment & Software,34104324,2020-07-20,Supply and delivery of ict equipment & software items,Ministry of Here
4134,ICT Equipment & Software,22349453,2025-10-31,Supply and delivery of ict equipment & software items,Ministry of Ground
4135,Construction & Civil Works,13734143,2020-06-26,Supply and delivery of construction & civil works items,Ministry of Gun
4136,Construction & Civil Works,256412798,2024-07-03,Supply and delivery of construction & civil works items,Ministry of Mind
4137,Construction & Civil Works,242999137,2022-05-27,Supply and delivery of construction & civil works items,Ministry of Assume
4138,Motor Vehicles & Spare Parts,6160297,2023-02-23,Supply and delivery of motor vehicles & spare parts items,Ministry of Quality
4139,Medical Supplies & Pharmaceuticals,2322854,2024-09-26,Supply and delivery of medical supplies & pharmaceuticals items,Ministry of Run
4140,Consultancy Services,4977323,2020-12-05,Supply and delivery of consultancy services items,Ministry of Test
4141,Construction & Civil Works,33132051,2020-07-15,Supply and delivery of construction & civil works items,Ministry of Despite
4142,ICT Equipment & Software,1918351,2022-09-09,Supply and delivery of ict equipment & software items,Ministry of Business
4143,Office Stationery & Supplies,3826713,2024-07-29,Supply and delivery of office stationery & supplies items,Ministry of Trouble
4144,Motor Vehicles & Spare Parts,9291691,2021-07-25,Supply and delivery of motor vehicles & spare parts items,Ministry of Education
4145,Consultancy Services,887001,2020-05-03,Supply and delivery of consultancy services items,Ministry of Result
4146,Consultancy Services,5148245,2023-05-06,Supply and delivery of consultancy services items,Ministry of Area
4147,ICT Equipment & Software,17116198,2023-11-09,Supply and delivery of ict equipment & software items,Ministry of Save
4148,Consultancy Services,8783790,2021-05-09,Supply and delivery of consultancy services items,Ministry of And
4149,Construction & Civil Works,190802201,2020-04-02,Supply and delivery of construction & civil works items,Ministry of Son
4150,Office Stationery & Supplies,822153,2021-05-24,Supply and delivery of office stationery & supplies items,Ministry of Claim
4151,Office Stationery & Supplies,3546010,2025-09-22,Supply and delivery of office stationery & supplies items,Ministry of Certain
4152,Motor Vehicles & Spare Parts,6592922,2023-01-01,Supply and delivery of motor vehicles & spare parts items,Ministry of Future
4153,Cleaning & Sanitary Services,2669395,2022-04-29,Supply and delivery of cleaning & sanitary services items,Ministry of Protect
4154,Motor Vehicles & Spare Parts,3432951,2024-01-08,Supply and delivery of motor vehicles & spare parts items,Ministry of After
4155,Consultancy Services,411416,2023-01-22,Supply and delivery of consultancy services items,Ministry of Figure
4156,Consultancy Services,2601212,2022-12-14,Supply and delivery of consultancy services items,Ministry of Relationship
4157,Cleaning & Sanitary Services,5935615,2024-04-15,Supply and delivery of cleaning & sanitary services items,Ministry of Join
4158,Consultancy Services,924765,2023-04-20,Supply and delivery of consultancy services items,Ministry of Amount
4159,Medical Supplies & Pharmaceuticals,9882357,2021-03-14,Supply and delivery of medical supplies & pharmaceuticals items,Ministry of Also
4160,ICT Equipment & Software,23324162,2021-04-02,Supply and delivery of ict equipment & software items,Ministry of Pass
4161,Construction & Civil Works,340306737,2022-12-12,Supply and delivery of construction & civil works items,Ministry of Happy
4162,ICT Equipment & Software,18267607,2024-03-17,Supply and delivery of ict equipment & software items,Ministry of Party
4163,ICT Equipment & Software,24112300,2025-04-15,Supply and delivery of ict equipment & software items,Ministry of Mr
4164,Cleaning & Sanitary Services,4047061,2025-05-22,Supply and delivery of cleaning & sanitary services items,Ministry of Community
4165,Motor Vehicles & Spare Parts,6298980,2022-05-20,Supply and delivery of motor vehicles & spare parts items,Ministry of Civil
4166,Office Stationery & Supplies,5649348,2023-03-20,Supply and delivery of office stationery & supplies items,Ministry of Whole
4167,Consultancy Services,4515972,2023-10-07,Supply and delivery of consultancy services items,Ministry of Prevent
4168,Office Stationery & Supplies,649666,2021-09-08,Supply and delivery of office stationery & supplies items,Ministry of Only
4169,Medical Supplies & Pharmaceuticals,7775862,2022-03-31,Supply and delivery of medical supplies & pharmaceuticals items,Ministry of Important
4170,Medical Supplies & Pharmaceuticals,9655355,2020-12-16,Supply and delivery of medical supplies & pharmaceuticals items,Ministry of Defense
4171,Medical Supplies & Pharmaceuticals,5705085,2024-07-10,Supply and delivery of medical supplies & pharmaceuticals items,Ministry of Establish
4172,ICT Equipment & Software,5282969,2022-01-02,Supply and delivery of ict equipment & software items,Ministry of General
4173,Medical Supplies & Pharmaceuticals,4873283,2025-05-21,Supply and delivery of medical supplies & pharmaceuticals items,Ministry of Increase
4174,Construction & Civil Works,476821465,2020-09-18,Supply and delivery of construction & civil works items,Ministry of Feeling
4175,Construction & Civil Works,460393191,2022-09-16,Supply and delivery of construction & civil works items,Ministry of Like
4176,Motor Vehicles & Spare Parts,1932760,2023-08-14,Supply and delivery of motor vehicles & spare parts items,Ministry of Reach
4177,Consultancy Services,6947101,2024-01-12,Supply and delivery of consultancy services items,Ministry of Speech
4178,Motor Vehicles & Spare Parts,2639065,2022-06-07,Supply and delivery of motor vehicles & spare parts items,Ministry of Crime
4179,Medical Supplies & Pharmaceuticals,2126091,2020-09-03,Supply and delivery of medical supplies & pharmaceuticals items,Ministry of Impact
4180,Office Stationery & Supplies,9678942,2024-10-28,Supply and delivery of office stationery & supplies items,Ministry of Situation
4181,ICT Equipment & Software,4231622,2025-08-06,Supply and delivery of ict equipment & software items,Ministry of Describe
4182,Medical Supplies & Pharmaceuticals,7885363,2021-03-14,Supply and delivery of medical supplies & pharmaceuticals items,Ministry of Over
4183,Consultancy Services,9204687,2024-05-30,Supply and delivery of consultancy services items,Ministry of Fire
4184,Construction & Civil Works,310077574,2024-12-29,Supply and delivery of construction & civil works items,Ministry of Represent
4185,Medical Supplies & Pharmaceuticals,4172476,2021-04-14,Supply and delivery of medical supplies & pharmaceuticals items,Ministry of Personal
4186,ICT Equipment & Software,46464380,2024-11-26,Supply and delivery of ict equipment & software items,Ministry of Herself
4187,Construction & Civil Works,109061795,2022-10-13,Supply and delivery of construction & civil works items,Ministry of Raise
4188,ICT Equipment & Software,42313714,2023-10-03,Supply and delivery of ict equipment & software items,Ministry of Our
4189,Motor Vehicles & Spare Parts,2181552,2025-05-04,Supply and delivery of motor vehicles & spare parts items,Ministry of Threat
4190,Construction & Civil Works,472283692,2021-07-06,Supply and delivery of construction & civil works items,Ministry of Much
4191,Construction & Civil Works,238200545,2020-02-22,Supply and delivery of construction & civil works items,Ministry of Actually
4192,Consultancy Services,7410982,2021-04-19,Supply and delivery of consultancy services items,Ministry of Course
4193,Office Stationery & Supplies,5481862,2025-02-28,Supply and delivery of office stationery & supplies items,Ministry of Design
4194,Cleaning & Sanitary Services,8079633,2022-12-30,Supply and delivery of cleaning & sanitary services items,Ministry of Service
4195,Office Stationery & Supplies,4211932,2022-05-01,Supply and delivery of office stationery & supplies items,Ministry of Generation
4196,ICT Equipment & Software,2234441,2022-09-30,Supply and delivery of ict equipment & software items,Ministry of Include
4197,Consultancy Services,8037108,2023-08-11,Supply and delivery of consultancy services items,Ministry of Company
4198,ICT Equipment & Software,25022289,2025-07-10,Supply and delivery of ict equipment & software items,Ministry of Media
4199,Medical Supplies & Pharmaceuticals,2692859,2023-05-13,Supply and delivery of medical supplies & pharmaceuticals items,Ministry of Feeling
4200,Consultancy Services,5867204,2024-10-07,Supply and delivery of consultancy services items,Ministry of Region
4201,Consultancy Services,2018715,2025-02-21,Supply and delivery of consultancy services items,Ministry of Energy
4202,Medical Supplies & Pharmaceuticals,8980121,2020-06-19,Supply and delivery of medical supplies & pharmaceuticals items,Ministry of Both
4203,Office Stationery & Supplies,4367905,2025-04-21,Supply and delivery of office stationery & supplies items,Ministry of Tonight
4204,ICT Equipment & Software,2240584,2020-03-09,Supply and delivery of ict equipment & software items,Ministry of Apply
4205,Consultancy Services,5351208,2025-02-21,Supply and delivery of consultancy services items,Ministry of Your
4206,Cleaning & Sanitary Services,7167263,2021-08-23,Supply and delivery of cleaning & sanitary services items,Ministry of A
4207,Cleaning & Sanitary Services,146638,2021-10-26,Supply and delivery of cleaning & sanitary services items,Ministry of I
4208,Consultancy Services,5544555,2024-05-15,Supply and delivery of consultancy services items,Ministry of Collection
4209,Construction & Civil Works,332003947,2020-08-01,Supply and delivery of construction & civil works items,Ministry of Hold
4210,Cleaning & Sanitary Services,4251538,2021-04-16,Supply and delivery of cleaning & sanitary services items,Ministry of Cut
4211,Office Stationery & Supplies,2205039,2025-10-28,Supply and delivery of office stationery & supplies items,Ministry of Site
4212,Motor Vehicles & Spare Parts,2950418,2025-04-04,Supply and delivery of motor vehicles & spare parts items,Ministry of Bag
4213,Office Stationery & Supplies,921929,2021-09-05,Supply and delivery of office stationery & supplies items,Ministry of Ready
4214,Office Stationery & Supplies,5010673,2020-02-19,Supply and delivery of office stationery & supplies items,Ministry of Speech
4215,ICT Equipment & Software,4272217,2020-03-17,Supply and delivery of ict equipment & software items,Ministry of Call
4216,ICT Equipment & Software,36082274,2021-10-23,Supply and delivery of ict equipment & software items,Ministry of Everyone
4217,ICT Equipment & Software,34788891,2022-09-28,Supply and delivery of ict equipment & software items,Ministry of Work
4218,Motor Vehicles & Spare Parts,2406648,2025-04-28,Supply and delivery of motor vehicles & spare parts items,Ministry of Such
4219,Office Stationery & Supplies,9964683,2025-06-26,Supply and delivery of office stationery & supplies items,Ministry of Camera
4220,Motor Vehicles & Spare Parts,8797318,2025-07-07,Supply and delivery of motor vehicles & spare parts items,Ministry of Size
4221,Construction & Civil Works,310893757,2025-09-17,Supply and delivery of construction & civil works items,Ministry of Structure
4222,Construction & Civil Works,289454253,2020-03-07,Supply and delivery of construction & civil works items,Ministry of Word
4223,Consultancy Services,4780018,2025-08-04,Supply and delivery of consultancy services items,Ministry of Contain
4224,Consultancy Services,4140015,2020-02-01,Supply and delivery of consultancy services items,Ministry of Before
4225,Medical Supplies & Pharmaceuticals,222772,2024-05-07,Supply and delivery of medical supplies & pharmaceuticals items,Ministry of Lose
4226,Medical Supplies & Pharmaceuticals,5572295,2025-03-20,Supply and delivery of medical supplies & pharmaceuticals items,Ministry of Particularly
4227,Motor Vehicles & Spare Parts,7057038,2024-03-02,Supply and delivery of motor vehicles & spare parts items,Ministry of Explain
4228,Cleaning & Sanitary Services,5856157,2021-08-14,Supply and delivery of cleaning & sanitary services items,Ministry of Scientist
4229,Cleaning & Sanitary Services,9954349,2023-05-19,Supply and delivery of cleaning & sanitary services items,Ministry of At
4230,Consultancy Services,9195020,2024-05-21,Supply and delivery of consultancy services items,Ministry of Claim
4231,ICT Equipment & Software,20078545,2021-04-17,Supply and delivery of ict equipment & software items,Ministry of Information
4232,Consultancy Services,6625438,2024-01-25,Supply and delivery of consultancy services items,Ministry of All
4233,Medical Supplies & Pharmaceuticals,8780407,2020-03-22,Supply and delivery of medical supplies & pharmaceuticals items,Ministry of Lay
4234,Office Stationery & Supplies,7323153,2024-12-24,Supply and delivery of office stationery & supplies items,Ministry of Itself
4235,Consultancy Services,6827897,2021-01-18,Supply and delivery of consultancy services items,Ministry of Add
4236,Office Stationery & Supplies,573818,2023-06-17,Supply and delivery of office stationery & supplies items,Ministry of Another
4237,Motor Vehicles & Spare Parts,3135865,2023-12-09,Supply and delivery of motor vehicles & spare parts items,Ministry of Speech
4238,Consultancy Services,3983424,2025-04-04,Supply and delivery of consultancy services items,Ministry of Security
4239,Motor Vehicles & Spare Parts,9205775,2021-09-08,Supply and delivery of motor vehicles & spare parts items,Ministry of Measure
4240,Motor Vehicles & Spare Parts,3331365,2021-03-20,Supply and delivery of motor vehicles & spare parts items,Ministry of Example
4241,Medical Supplies & Pharmaceuticals,3928295,2020-02-23,Supply and delivery of medical supplies & pharmaceuticals items,Ministry of Expert
4242,Motor Vehicles & Spare Parts,1824833,2025-10-11,Supply and delivery of motor vehicles & spare parts items,Ministry of Cup
4243,Medical Supplies & Pharmaceuticals,8293421,2021-05-29,Supply and delivery of medical supplies & pharmaceuticals items,Ministry of Line
4244,Office Stationery & Supplies,9151251,2024-11-10,Supply and delivery of office stationery & supplies items,Ministry of Rate
4245,Construction & Civil Works,497650057,2020-04-06,Supply and delivery of construction & civil works items,Ministry of Order
4246,Construction & Civil Works,315586123,2025-01-04,Supply and delivery of construction & civil works items,Ministry of Learn
4247,Cleaning & Sanitary Services,1692210,2023-05-09,Supply and delivery of cleaning & sanitary services items,Ministry of Scientist
4248,Office Stationery & Supplies,6662344,2022-12-06,Supply and delivery of office stationery & supplies items,Ministry of Each
4249,Consultancy Services,7501628,2024-04-16,Supply and delivery of consultancy services items,Ministry of Situation
4250,Cleaning & Sanitary Services,2091226,2020-04-13,Supply and delivery of cleaning & sanitary services items,Ministry of Himself
4251,Construction & Civil Works,274264575,2020-07-12,Supply and delivery of construction & civil works items,Ministry of Hold
4252,Construction & Civil Works,485048527,2022-09-26,Supply and delivery of construction & civil works items,Ministry of Marriage
4253,Medical Supplies & Pharmaceuticals,1154853,2023-04-08,Supply and delivery of medical supplies & pharmaceuticals items,Ministry of Hour
4254,Consultancy Services,6524788,2023-12-13,Supply and delivery of consultancy services items,Ministry of Hot
4255,Medical Supplies & Pharmaceuticals,8224897,2024-05-10,Supply and delivery of medical supplies & pharmaceuticals items,Ministry of Now
4256,Medical Supplies & Pharmaceuticals,8775493,2020-11-15,Supply and delivery of medical supplies & pharmaceuticals items,Ministry of Simple
4257,Construction & Civil Works,176217243,2023-11-01,Supply and delivery of construction & civil works items,Ministry of Investment
4258,Construction & Civil Works,322104710,2021-01-16,Supply and delivery of construction & civil works items,Ministry of Interest
4259,Cleaning & Sanitary Services,1635410,2022-03-26,Supply and delivery of cleaning & sanitary services items,Ministry of Hand
4260,Construction & Civil Works,439044124,2024-08-08,Supply and delivery of construction & civil works items,Ministry of Choose
4261,Medical Supplies & Pharmaceuticals,7590526,2024-11-18,Supply and delivery of medical supplies & pharmaceuticals items,Ministry of Society
4262,Cleaning & Sanitary Services,9725272,2025-05-02,Supply and delivery of cleaning & sanitary services items,Ministry of Republican
4263,Motor Vehicles & Spare Parts,396177,2023-04-03,Supply and delivery of motor vehicles & spare parts items,Ministry of Here
4264,Cleaning & Sanitary Services,3506433,2025-10-07,Supply and delivery of cleaning & sanitary services items,Ministry of Before
4265,ICT Equipment & Software,35233850,2023-08-12,Supply and delivery of ict equipment & software items,Ministry of Value
4266,Office Stationery & Supplies,2019398,2020-10-28,Supply and delivery of office stationery & supplies items,Ministry of Window
4267,Office Stationery & Supplies,5233783,2022-02-24,Supply and delivery of office stationery & supplies items,Ministry of Man
4268,Office Stationery & Supplies,1285622,2022-09-14,Supply and delivery of office stationery & supplies items,Ministry of Notice
4269,Medical Supplies & Pharmaceuticals,6730064,2025-03-03,Supply and delivery of medical supplies & pharmaceuticals items,Ministry of Community
4270,Cleaning & Sanitary Services,5299039,2025-05-03,Supply and delivery of cleaning & sanitary services items,Ministry of Gun
4271,Consultancy Services,5667768,2023-01-14,Supply and delivery of consultancy services items,Ministry of Trade
4272,Medical Supplies & Pharmaceuticals,1611602,2025-11-23,Supply and delivery of medical supplies & pharmaceuticals items,Ministry of Check
4273,Cleaning & Sanitary Services,2446118,2023-08-04,Supply and delivery of cleaning & sanitary services items,Ministry of Now
4274,Consultancy Services,3565495,2023-10-18,Supply and delivery of consultancy services items,Ministry of Size
4275,Office Stationery & Supplies,789746,2020-12-15,Supply and delivery of office stationery & supplies items,Ministry of Success
4276,Medical Supplies & Pharmaceuticals,8844047,2023-06-10,Supply and delivery of medical supplies & pharmaceuticals items,Ministry of Team
4277,Office Stationery & Supplies,3080858,2024-10-01,Supply and delivery of office stationery & supplies items,Ministry of Thank
4278,Consultancy Services,2654293,2024-02-27,Supply and delivery of consultancy services items,Ministry of Beat
4279,ICT Equipment & Software,27290262,2024-12-09,Supply and delivery of ict equipment & software items,Ministry of Up
4280,Consultancy Services,3956397,2020-09-02,Supply and delivery of consultancy services items,Ministry of More
4281,Motor Vehicles & Spare Parts,2107708,2023-04-06,Supply and delivery of motor vehicles & spare parts items,Ministry of Nature
4282,Medical Supplies & Pharmaceuticals,8928452,2020-08-15,Supply and delivery of medical supplies & pharmaceuticals items,Ministry of Above
4283,Consultancy Services,387249,2021-07-12,Supply and delivery of consultancy services items,Ministry of Oil
4284,Motor Vehicles & Spare Parts,6905995,2023-12-27,Supply and delivery of motor vehicles & spare parts items,Ministry of Community
4285,Cleaning & Sanitary Services,1497955,2024-06-08,Supply and delivery of cleaning & sanitary services items,Ministry of Return
4286,Office Stationery & Supplies,4558795,2024-04-04,Supply and delivery of office stationery & supplies items,Ministry of Good
4287,Motor Vehicles & Spare Parts,3119579,2022-12-07,Supply and delivery of motor vehicles & spare parts items,Ministry of Gas
4288,ICT Equipment & Software,5150291,2024-05-22,Supply and delivery of ict equipment & software items,Ministry of Subject
4289,Motor Vehicles & Spare Parts,8569755,2022-03-28,Supply and delivery of motor vehicles & spare parts items,Ministry of Write
4290,Office Stationery & Supplies,6221602,2022-05-15,Supply and delivery of office stationery & supplies items,Ministry of Realize
4291,Consultancy Services,2317939,2024-11-30,Supply and delivery of consultancy services items,Ministry of Discuss
4292,Cleaning & Sanitary Services,6505883,2023-06-18,Supply and delivery of cleaning & sanitary services items,Ministry of So
4293,ICT Equipment & Software,23438234,2022-06-12,Supply and delivery of ict equipment & software items,Ministry of Society
4294,ICT Equipment & Software,12159943,2025-12-04,Supply and delivery of ict equipment & software items,Ministry of Draw
4295,Office Stationery & Supplies,6471332,2023-11-04,Supply and delivery of office stationery & supplies items,Ministry of Long
4296,Consultancy Services,267071,2020-12-07,Supply and delivery of consultancy services items,Ministry of Rule
4297,Construction & Civil Works,135479308,2025-05-15,Supply and delivery of construction & civil works items,Ministry of Cup
4298,Motor Vehicles & Spare Parts,7900757,2024-04-18,Supply and delivery of motor vehicles & spare parts items,Ministry of Walk
4299,Office Stationery & Supplies,6729383,2024-10-04,Supply and delivery of office stationery & supplies items,Ministry of Mother
4300,Construction & Civil Works,487900903,2024-10-18,Supply and delivery of construction & civil works items,Ministry of Mission
4301,Medical Supplies & Pharmaceuticals,2907501,2020-11-12,Supply and delivery of medical supplies & pharmaceuticals items,Ministry of Away
4302,Consultancy Services,3864610,2024-03-02,Supply and delivery of consultancy services items,Ministry of Follow
4303,Medical Supplies & Pharmaceuticals,5012894,2021-06-13,Supply and delivery of medical supplies & pharmaceuticals items,Ministry of Into
4304,Office Stationery & Supplies,5633395,2021-10-25,Supply and delivery of office stationery & supplies items,Ministry of Determine
4305,Motor Vehicles & Spare Parts,6551406,2023-04-02,Supply and delivery of motor vehicles & spare parts items,Ministry of Big
4306,Cleaning & Sanitary Services,5348794,2025-09-15,Supply and delivery of cleaning & sanitary services items,Ministry of Cut
4307,Consultancy Services,9826508,2020-02-21,Supply and delivery of consultancy services items,Ministry of Allow
4308,Construction & Civil Works,189367451,2021-10-10,Supply and delivery of construction & civil works items,Ministry of Despite
4309,Construction & Civil Works,48219177,2021-02-10,Supply and delivery of construction & civil works items,Ministry of Stand
4310,Consultancy Services,7627467,2024-01-30,Supply and delivery of consultancy services items,Ministry of Audience
4311,Cleaning & Sanitary Services,2603821,2021-07-09,Supply and delivery of cleaning & sanitary services items,Ministry of By
4312,Cleaning & Sanitary Services,2291951,2022-07-13,Supply and delivery of cleaning & sanitary services items,Ministry of Help
4313,ICT Equipment & Software,7551398,2023-12-20,Supply and delivery of ict equipment & software items,Ministry of Action
4314,Motor Vehicles & Spare Parts,7528951,2024-03-08,Supply and delivery of motor vehicles & spare parts items,Ministry of First
4315,Construction & Civil Works,304877758,2022-01-21,Supply and delivery of construction & civil works items,Ministry of House
4316,Office Stationery & Supplies,705750,2021-04-01,Supply and delivery of office stationery & supplies items,Ministry of Later
4317,Consultancy Services,7471191,2023-09-18,Supply and delivery of consultancy services items,Ministry of Wide
4318,Motor Vehicles & Spare Parts,9584984,2022-11-14,Supply and delivery of motor vehicles & spare parts items,Ministry of Possible
4319,ICT Equipment & Software,30479042,2023-07-23,Supply and delivery of ict equipment & software items,Ministry of Respond
4320,Construction & Civil Works,343340495,2022-12-12,Supply and delivery of construction & civil works items,Ministry of Almost
4321,Consultancy Services,5461878,2022-12-31,Supply and delivery of consultancy services items,Ministry of Have
4322,Consultancy Services,4722887,2020-03-09,Supply and delivery of consultancy services items,Ministry of School
4323,Construction & Civil Works,145383925,2022-11-03,Supply and delivery of construction & civil works items,Ministry of Subject
4324,Motor Vehicles & Spare Parts,8721837,2022-04-20,Supply and delivery of motor vehicles & spare parts items,Ministry of Nothing
4325,Office Stationery & Supplies,937876,2024-08-13,Supply and delivery of office stationery & supplies items,Ministry of Knowledge
4326,Cleaning & Sanitary Services,1188894,2024-02-17,Supply and delivery of cleaning & sanitary services items,Ministry of Pressure
4327,Office Stationery & Supplies,8612686,2025-04-13,Supply and delivery of office stationery & supplies items,Ministry of Reveal
4328,Office Stationery & Supplies,7935958,2022-12-10,Supply and delivery of office stationery & supplies items,Ministry of Agreement
4329,Construction & Civil Works,101848171,2022-04-12,Supply and delivery of construction & civil works items,Ministry of Method
4330,ICT Equipment & Software,38616111,2024-07-21,Supply and delivery of ict equipment & software items,Ministry of Before
4331,Medical Supplies & Pharmaceuticals,7076915,2022-11-06,Supply and delivery of medical supplies & pharmaceuticals items,Ministry of Of
4332,Consultancy Services,6825311,2020-07-20,Supply and delivery of consultancy services items,Ministry of Else
4333,Office Stationery & Supplies,7771388,2024-05-05,Supply and delivery of office stationery & supplies items,Ministry of Senior
4334,Cleaning & Sanitary Services,7207936,2023-10-15,Supply and delivery of cleaning & sanitary services items,Ministry of Between
4335,ICT Equipment & Software,13797966,2022-09-23,Supply and delivery of ict equipment & software items,Ministry of So
4336,Consultancy Services,7500236,2022-01-09,Supply and delivery of consultancy services items,Ministry of Pm
4337,Consultancy Services,4543131,2025-11-25,Supply and delivery of consultancy services items,Ministry of Already
4338,Construction & Civil Works,196184919,2021-12-08,Supply and delivery of construction & civil works items,Ministry of Old
4339,Motor Vehicles & Spare Parts,510275,2024-08-29,Supply and delivery of motor vehicles & spare parts items,Ministry of Top
4340,Consultancy Services,1929210,2022-09-15,Supply and delivery of consultancy services items,Ministry of Positive
4341,Medical Supplies & Pharmaceuticals,171524,2022-06-18,Supply and delivery of medical supplies & pharmaceuticals items,Ministry of Action
4342,Motor Vehicles & Spare Parts,9364612,2024-02-07,Supply and delivery of motor vehicles & spare parts items,Ministry of Personal
4343,Construction & Civil Works,462770445,2025-03-05,Supply and delivery of construction & civil works items,Ministry of Statement
4344,ICT Equipment & Software,40628075,2020-03-02,Supply and delivery of ict equipment & software items,Ministry of Move
4345,Medical Supplies & Pharmaceuticals,7442451,2022-08-31,Supply and delivery of medical supplies & pharmaceuticals items,Ministry of Morning
4346,Consultancy Services,9659015,2021-02-01,Supply and delivery of consultancy services items,Ministry of Face
4347,Construction & Civil Works,407230695,2024-03-07,Supply and delivery of construction & civil works items,Ministry of Important
4348,Consultancy Services,4731004,2024-10-21,Supply and delivery of consultancy services items,Ministry of North
4349,Cleaning & Sanitary Services,9713466,2023-12-03,Supply and delivery of cleaning & sanitary services items,Ministry of Anything
4350,Construction & Civil Works,447353395,2021-07-08,Supply and delivery of construction & civil works items,Ministry of Buy
4351,ICT Equipment & Software,43075939,2024-03-09,Supply and delivery of ict equipment & software items,Ministry of Military
4352,Consultancy Services,9437222,2021-01-16,Supply and delivery of consultancy services items,Ministry of Live
4353,Construction & Civil Works,288918312,2021-10-04,Supply and delivery of construction & civil works items,Ministry of Commercial
4354,Office Stationery & Supplies,3237358,2020-03-28,Supply and delivery of office stationery & supplies items,Ministry of Plant
4355,Motor Vehicles & Spare Parts,5284975,2021-12-27,Supply and delivery of motor vehicles & spare parts items,Ministry of Break
4356,ICT Equipment & Software,38597141,2024-02-13,Supply and delivery of ict equipment & software items,Ministry of Third
4357,Consultancy Services,7884197,2020-06-17,Supply and delivery of consultancy services items,Ministry of Meet
4358,Consultancy Services,3480795,2022-12-01,Supply and delivery of consultancy services items,Ministry of Accept
4359,Cleaning & Sanitary Services,4631536,2022-04-28,Supply and delivery of cleaning & sanitary services items,Ministry of Size
4360,Consultancy Services,5523666,2024-11-02,Supply and delivery of consultancy services items,Ministry of Western
4361,ICT Equipment & Software,41200855,2021-01-21,Supply and delivery of ict equipment & software items,Ministry of However
4362,Motor Vehicles & Spare Parts,2378569,2020-04-06,Supply and delivery of motor vehicles & spare parts items,Ministry of Cover
4363,Motor Vehicles & Spare Parts,443275,2021-05-04,Supply and delivery of motor vehicles & spare parts items,Ministry of Tree
4364,Consultancy Services,6218225,2024-02-05,Supply and delivery of consultancy services items,Ministry of Through
4365,Office Stationery & Supplies,1325619,2022-12-16,Supply and delivery of office stationery & supplies items,Ministry of Sell
4366,Motor Vehicles & Spare Parts,3762667,2022-09-01,Supply and delivery of motor vehicles & spare parts items,Ministry of School
4367,Cleaning & Sanitary Services,3856150,2025-09-08,Supply and delivery of cleaning & sanitary services items,Ministry of Business
4368,Consultancy Services,5271748,2020-08-10,Supply and delivery of consultancy services items,Ministry of Chair
4369,Cleaning & Sanitary Services,9809593,2020-10-16,Supply and delivery of cleaning & sanitary services items,Ministry of Your
4370,ICT Equipment & Software,30046479,2023-08-19,Supply and delivery of ict equipment & software items,Ministry of Agent
4371,Construction & Civil Works,133399322,2022-08-17,Supply and delivery of construction & civil works items,Ministry of Hit
4372,Medical Supplies & Pharmaceuticals,4612276,2024-10-06,Supply and delivery of medical supplies & pharmaceuticals items,Ministry of Law
4373,Motor Vehicles & Spare Parts,3624756,2020-02-14,Supply and delivery of motor vehicles & spare parts items,Ministry of Network
4374,Construction & Civil Works,153414438,2025-05-20,Supply and delivery of construction & civil works items,Ministry of Home
4375,Motor Vehicles & Spare Parts,1628362,2023-10-22,Supply and delivery of motor vehicles & spare parts items,Ministry of Born
4376,Construction & Civil Works,335572068,2022-07-06,Supply and delivery of construction & civil works items,Ministry of Along
4377,Construction & Civil Works,121714025,2021-09-03,Supply and delivery of construction & civil works items,Ministry of Onto
4378,Motor Vehicles & Spare Parts,3801339,2024-03-18,Supply and delivery of motor vehicles & spare parts items,Ministry of Audience
4379,Consultancy Services,981037,2020-05-22,Supply and delivery of consultancy services items,Ministry of Everyone
4380,Medical Supplies & Pharmaceuticals,8743155,2025-04-07,Supply and delivery of medical supplies & pharmaceuticals items,Ministry of Red
4381,ICT Equipment & Software,13879659,2022-02-22,Supply and delivery of ict equipment & software items,Ministry of Institution
4382,Construction & Civil Works,373732055,2023-01-16,Supply and delivery of construction & civil works items,Ministry of Either
4383,Medical Supplies & Pharmaceuticals,4750215,2025-06-09,Supply and delivery of medical supplies & pharmaceuticals items,Ministry of Type
4384,Motor Vehicles & Spare Parts,8323269,2020-10-28,Supply and delivery of motor vehicles & spare parts items,Ministry of Agent
4385,Medical Supplies & Pharmaceuticals,7759150,2020-12-20,Supply and delivery of medical supplies & pharmaceuticals items,Ministry of Own
4386,Cleaning & Sanitary Services,8512054,2021-02-13,Supply and delivery of cleaning & sanitary services items,Ministry of Debate
4387,Medical Supplies & Pharmaceuticals,9706364,2022-09-04,Supply and delivery of medical supplies & pharmaceuticals items,Ministry of Office
4388,Medical Supplies & Pharmaceuticals,2725263,2022-03-28,Supply and delivery of medical supplies & pharmaceuticals items,Ministry of Everyone
4389,Motor Vehicles & Spare Parts,5222028,2022-11-13,Supply and delivery of motor vehicles & spare parts items,Ministry of Strategy
4390,Office Stationery & Supplies,2863049,2023-12-08,Supply and delivery of office stationery & supplies items,Ministry of Pass
4391,Medical Supplies & Pharmaceuticals,2303087,2022-06-24,Supply and delivery of medical supplies & pharmaceuticals items,Ministry of Opportunity
4392,Motor Vehicles & Spare Parts,5052297,2020-03-28,Supply and delivery of motor vehicles & spare parts items,Ministry of Degree
4393,Motor Vehicles & Spare Parts,476924,2020-11-18,Supply and delivery of motor vehicles & spare parts items,Ministry of Cell
4394,Construction & Civil Works,200551540,2024-06-23,Supply and delivery of construction & civil works items,Ministry of Include
4395,Medical Supplies & Pharmaceuticals,2535016,2020-01-25,Supply and delivery of medical supplies & pharmaceuticals items,Ministry of As
4396,Consultancy Services,1170648,2023-01-22,Supply and delivery of consultancy services items,Ministry of Actually
4397,Medical Supplies & Pharmaceuticals,3990026,2020-09-04,Supply and delivery of medical supplies & pharmaceuticals items,Ministry of Reduce
4398,Office Stationery & Supplies,4658708,2021-08-05,Supply and delivery of office stationery & supplies items,Ministry of Nice
4399,ICT Equipment & Software,15308323,2020-01-20,Supply and delivery of ict equipment & software items,Ministry of Up
4400,Consultancy Services,9040164,2024-11-12,Supply and delivery of consultancy services items,Ministry of Front
4401,Office Stationery & Supplies,4288136,2025-07-10,Supply and delivery of office stationery & supplies items,Ministry of Traditional
4402,Medical Supplies & Pharmaceuticals,4590741,2022-11-18,Supply and delivery of medical supplies & pharmaceuticals items,Ministry of Different
4403,Cleaning & Sanitary Services,7447075,2021-02-17,Supply and delivery of cleaning & sanitary services items,Ministry of May
4404,Motor Vehicles & Spare Parts,7349602,2022-11-13,Supply and delivery of motor vehicles & spare parts items,Ministry of Difficult
4405,ICT Equipment & Software,32119220,2020-08-05,Supply and delivery of ict equipment & software items,Ministry of Important
4406,Cleaning & Sanitary Services,7959498,2023-04-26,Supply and delivery of cleaning & sanitary services items,Ministry of Product
4407,Consultancy Services,4158961,2023-04-01,Supply and delivery of consultancy services items,Ministry of Summer
4408,Medical Supplies & Pharmaceuticals,3346532,2020-06-04,Supply and delivery of medical supplies & pharmaceuticals items,Ministry of Region
4409,Construction & Civil Works,269325331,2020-10-05,Supply and delivery of construction & civil works items,Ministry of Mrs
4410,Medical Supplies & Pharmaceuticals,2000057,2020-11-14,Supply and delivery of medical supplies & pharmaceuticals items,Ministry of Soon
4411,ICT Equipment & Software,12509042,2020-05-28,Supply and delivery of ict equipment & software items,Ministry of Must
4412,Office Stationery & Supplies,9561064,2025-12-08,Supply and delivery of office stationery & supplies items,Ministry of Baby
4413,Medical Supplies & Pharmaceuticals,6860510,2023-05-25,Supply and delivery of medical supplies & pharmaceuticals items,Ministry of Employee
4414,Motor Vehicles & Spare Parts,4739848,2023-10-05,Supply and delivery of motor vehicles & spare parts items,Ministry of Job
4415,Construction & Civil Works,61166212,2025-01-13,Supply and delivery of construction & civil works items,Ministry of High
4416,Motor Vehicles & Spare Parts,4773794,2025-08-16,Supply and delivery of motor vehicles & spare parts items,Ministry of Their
4417,Office Stationery & Supplies,2253883,2021-07-29,Supply and delivery of office stationery & supplies items,Ministry of As
4418,Office Stationery & Supplies,2446243,2024-07-06,Supply and delivery of office stationery & supplies items,Ministry of And
4419,Motor Vehicles & Spare Parts,8826458,2025-03-22,Supply and delivery of motor vehicles & spare parts items,Ministry of Statement
4420,Consultancy Services,7555050,2022-05-14,Supply and delivery of consultancy services items,Ministry of Data
4421,Consultancy Services,588968,2024-01-11,Supply and delivery of consultancy services items,Ministry of Word
4422,Construction & Civil Works,93135029,2022-03-29,Supply and delivery of construction & civil works items,Ministry of Listen
4423,Construction & Civil Works,135494850,2023-08-21,Supply and delivery of construction & civil works items,Ministry of Trial
4424,Motor Vehicles & Spare Parts,1793465,2021-05-07,Supply and delivery of motor vehicles & spare parts items,Ministry of Whatever
4425,Consultancy Services,8076726,2020-10-05,Supply and delivery of consultancy services items,Ministry of Possible
4426,Cleaning & Sanitary Services,2207719,2025-09-11,Supply and delivery of cleaning & sanitary services items,Ministry of Mr
4427,Medical Supplies & Pharmaceuticals,7702495,2025-05-01,Supply and delivery of medical supplies & pharmaceuticals items,Ministry of Race
4428,Cleaning & Sanitary Services,6090266,2025-03-25,Supply and delivery of cleaning & sanitary services items,Ministry of Prove
4429,Construction & Civil Works,490495479,2020-12-10,Supply and delivery of construction & civil works items,Ministry of Place
4430,Construction & Civil Works,133057673,2023-02-16,Supply and delivery of construction & civil works items,Ministry of Modern
4431,Medical Supplies & Pharmaceuticals,799438,2024-08-20,Supply and delivery of medical supplies & pharmaceuticals items,Ministry of Lead
4432,Motor Vehicles & Spare Parts,3791316,2023-08-07,Supply and delivery of motor vehicles & spare parts items,Ministry of Key
4433,Consultancy Services,4292896,2020-05-25,Supply and delivery of consultancy services items,Ministry of Become
4434,ICT Equipment & Software,17076973,2024-03-23,Supply and delivery of ict equipment & software items,Ministry of Standard
4435,Cleaning & Sanitary Services,5668139,2020-11-14,Supply and delivery of cleaning & sanitary services items,Ministry of Put
4436,ICT Equipment & Software,17496378,2020-03-28,Supply and delivery of ict equipment & software items,Ministry of Fall
4437,Consultancy Services,4153492,2022-05-11,Supply and delivery of consultancy services items,Ministry of Majority
4438,Consultancy Services,3413723,2023-11-25,Supply and delivery of consultancy services items,Ministry of Whose
4439,Office Stationery & Supplies,1501051,2022-01-18,Supply and delivery of office stationery & supplies items,Ministry of Think
4440,Construction & Civil Works,482031170,2023-03-18,Supply and delivery of construction & civil works items,Ministry of General
4441,Office Stationery & Supplies,3838163,2025-07-07,Supply and delivery of office stationery & supplies items,Ministry of Top
4442,Medical Supplies & Pharmaceuticals,7449336,2025-09-09,Supply and delivery of medical supplies & pharmaceuticals items,Ministry of Much
4443,Medical Supplies & Pharmaceuticals,7822905,2022-12-04,Supply and delivery of medical supplies & pharmaceuticals items,Ministry of Sometimes
4444,Motor Vehicles & Spare Parts,3562087,2025-03-23,Supply and delivery of motor vehicles & spare parts items,Ministry of Rise
4445,Office Stationery & Supplies,7845769,2023-07-15,Supply and delivery of office stationery & supplies items,Ministry of Opportunity
4446,Cleaning & Sanitary Services,386172,2025-07-16,Supply and delivery of cleaning & sanitary services items,Ministry of Point
4447,Construction & Civil Works,187741669,2023-08-06,Supply and delivery of construction & civil works items,Ministry of Stock
4448,Consultancy Services,661133,2023-06-11,Supply and delivery of consultancy services items,Ministry of Manager
4449,Office Stationery & Supplies,1749258,2022-01-08,Supply and delivery of office stationery & supplies items,Ministry of Role
4450,Office Stationery & Supplies,7520754,2022-12-08,Supply and delivery of office stationery & supplies items,Ministry of Guess
4451,ICT Equipment & Software,21437178,2023-03-13,Supply and delivery of ict equipment & software items,Ministry of Practice
4452,Motor Vehicles & Spare Parts,1765418,2023-10-15,Supply and delivery of motor vehicles & spare parts items,Ministry of Enter
4453,Motor Vehicles & Spare Parts,795519,2023-10-10,Supply and delivery of motor vehicles & spare parts items,Ministry of World
4454,Consultancy Services,4549720,2021-08-17,Supply and delivery of consultancy services items,Ministry of Fight
4455,Construction & Civil Works,323464097,2023-07-26,Supply and delivery of construction & civil works items,Ministry of Drive
4456,Consultancy Services,6221263,2021-11-16,Supply and delivery of consultancy services items,Ministry of Western
4457,Motor Vehicles & Spare Parts,6496153,2021-12-11,Supply and delivery of motor vehicles & spare parts items,Ministry of Education
4458,Medical Supplies & Pharmaceuticals,7148586,2023-05-25,Supply and delivery of medical supplies & pharmaceuticals items,Ministry of Happen
4459,Medical Supplies & Pharmaceuticals,5321995,2025-10-31,Supply and delivery of medical supplies & pharmaceuticals items,Ministry of Dark
4460,Medical Supplies & Pharmaceuticals,7946989,2024-12-14,Supply and delivery of medical supplies & pharmaceuticals items,Ministry of National
4461,ICT Equipment & Software,14526520,2024-01-21,Supply and delivery of ict equipment & software items,Ministry of Family
4462,Consultancy Services,8746079,2021-08-01,Supply and delivery of consultancy services items,Ministry of Language
4463,Medical Supplies & Pharmaceuticals,1863190,2024-01-07,Supply and delivery of medical supplies & pharmaceuticals items,Ministry of Cup
4464,ICT Equipment & Software,1355817,2024-08-10,Supply and delivery of ict equipment & software items,Ministry of Voice
4465,Consultancy Services,3350881,2024-09-20,Supply and delivery of consultancy services items,Ministry of Suffer
4466,Office Stationery & Supplies,4928626,2024-08-13,Supply and delivery of office stationery & supplies items,Ministry of Find
4467,Cleaning & Sanitary Services,1757106,2021-02-20,Supply and delivery of cleaning & sanitary services items,Ministry of Rich
4468,Office Stationery & Supplies,1722964,2022-03-03,Supply and delivery of office stationery & supplies items,Ministry of Occur
4469,Medical Supplies & Pharmaceuticals,6254482,2023-04-26,Supply and delivery of medical supplies & pharmaceuticals items,Ministry of Democratic
4470,Cleaning & Sanitary Services,1161385,2024-10-14,Supply and delivery of cleaning & sanitary services items,Ministry of Party
4471,Office Stationery & Supplies,7403950,2023-02-13,Supply and delivery of office stationery & supplies items,Ministry of Buy
4472,Motor Vehicles & Spare Parts,9648310,2024-05-06,Supply and delivery of motor vehicles & spare parts items,Ministry of Under
4473,ICT Equipment & Software,5263090,2021-09-30,Supply and delivery of ict equipment & software items,Ministry of Employee
4474,Medical Supplies & Pharmaceuticals,3196750,2021-03-26,Supply and delivery of medical supplies & pharmaceuticals items,Ministry of Strategy
4475,Medical Supplies & Pharmaceuticals,6454054,2023-10-19,Supply and delivery of medical supplies & pharmaceuticals items,Ministry of Green
4476,Motor Vehicles & Spare Parts,5617263,2021-02-05,Supply and delivery of motor vehicles & spare parts items,Ministry of Raise
4477,Motor Vehicles & Spare Parts,918706,2024-11-08,Supply and delivery of motor vehicles & spare parts items,Ministry of House
4478,Medical Supplies & Pharmaceuticals,1834802,2021-06-22,Supply and delivery of medical supplies & pharmaceuticals items,Ministry of Member
4479,Consultancy Services,8937718,2024-04-20,Supply and delivery of consultancy services items,Ministry of Work
4480,Medical Supplies & Pharmaceuticals,1874474,2023-05-29,Supply and delivery of medical supplies & pharmaceuticals items,Ministry of Note
4481,Motor Vehicles & Spare Parts,653360,2022-01-18,Supply and delivery of motor vehicles & spare parts items,Ministry of Environmental
4482,Cleaning & Sanitary Services,484533,2023-08-20,Supply and delivery of cleaning & sanitary services items,Ministry of Entire
4483,Cleaning & Sanitary Services,3702294,2020-09-29,Supply and delivery of cleaning & sanitary services items,Ministry of However
4484,Consultancy Services,3250374,2024-11-16,Supply and delivery of consultancy services items,Ministry of Increase
4485,ICT Equipment & Software,35433088,2020-01-08,Supply and delivery of ict equipment & software items,Ministry of Current
4486,Medical Supplies & Pharmaceuticals,4578633,2024-11-14,Supply and delivery of medical supplies & pharmaceuticals items,Ministry of Environmental
4487,Construction & Civil Works,64296651,2025-07-25,Supply and delivery of construction & civil works items,Ministry of Look
4488,ICT Equipment & Software,14726505,2025-08-10,Supply and delivery of ict equipment & software items,Ministry of Oil
4489,Cleaning & Sanitary Services,1348720,2023-07-02,Supply and delivery of cleaning & sanitary services items,Ministry of Factor
4490,ICT Equipment & Software,42356578,2023-01-24,Supply and delivery of ict equipment & software items,Ministry of Kitchen
4491,Motor Vehicles & Spare Parts,7044075,2021-03-12,Supply and delivery of motor vehicles & spare parts items,Ministry of Approach
4492,Office Stationery & Supplies,9202683,2025-11-20,Supply and delivery of office stationery & supplies items,Ministry of Production
4493,Construction & Civil Works,341631561,2025-11-20,Supply and delivery of construction & civil works items,Ministry of Physical
4494,Cleaning & Sanitary Services,4029301,2020-08-24,Supply and delivery of cleaning & sanitary services items,Ministry of Leave
4495,Medical Supplies & Pharmaceuticals,2310980,2022-04-27,Supply and delivery of medical supplies & pharmaceuticals items,Ministry of Call
4496,Consultancy Services,8097018,2020-11-02,Supply and delivery of consultancy services items,Ministry of Can
4497,Motor Vehicles & Spare Parts,9477877,2022-03-02,Supply and delivery of motor vehicles & spare parts items,Ministry of Suddenly
4498,Cleaning & Sanitary Services,4070471,2025-12-18,Supply and delivery of cleaning & sanitary services items,Ministry of Analysis
4499,Consultancy Services,5608833,2025-01-30,Supply and delivery of consultancy services items,Ministry of Fall
4500,Medical Supplies & Pharmaceuticals,1969883,2020-08-23,Supply and delivery of medical supplies & pharmaceuticals items,Ministry of North
4501,ICT Equipment & Software,34326041,2021-08-11,Supply and delivery of ict equipment & software items,Ministry of Step
4502,Consultancy Services,2393474,2020-07-29,Supply and delivery of consultancy services items,Ministry of Situation
4503,ICT Equipment & Software,12573874,2024-02-13,Supply and delivery of ict equipment & software items,Ministry of Democratic
4504,Motor Vehicles & Spare Parts,8666304,2020-03-28,Supply and delivery of motor vehicles & spare parts items,Ministry of Recent
4505,Medical Supplies & Pharmaceuticals,526492,2023-05-26,Supply and delivery of medical supplies & pharmaceuticals items,Ministry of Action
4506,Medical Supplies & Pharmaceuticals,2407236,2020-09-01,Supply and delivery of medical supplies & pharmaceuticals items,Ministry of Probably
4507,Construction & Civil Works,321364067,2024-04-25,Supply and delivery of construction & civil works items,Ministry of Feel
4508,Construction & Civil Works,252936855,2022-07-30,Supply and delivery of construction & civil works items,Ministry of During
4509,Consultancy Services,6713889,2021-04-27,Supply and delivery of consultancy services items,Ministry of Pm
4510,Motor Vehicles & Spare Parts,563723,2023-06-04,Supply and delivery of motor vehicles & spare parts items,Ministry of Example
4511,Construction & Civil Works,295351389,2025-07-25,Supply and delivery of construction & civil works items,Ministry of Health
4512,Medical Supplies & Pharmaceuticals,786763,2025-01-16,Supply and delivery of medical supplies & pharmaceuticals items,Ministry of Civil
4513,Medical Supplies & Pharmaceuticals,9963986,2020-02-20,Supply and delivery of medical supplies & pharmaceuticals items,Ministry of Pattern
4514,Construction & Civil Works,179871472,2021-11-24,Supply and delivery of construction & civil works items,Ministry of Discussion
4515,Medical Supplies & Pharmaceuticals,2245943,2021-01-11,Supply and delivery of medical supplies & pharmaceuticals items,Ministry of Thank
4516,ICT Equipment & Software,12758491,2022-04-19,Supply and delivery of ict equipment & software items,Ministry of Number
4517,Office Stationery & Supplies,1423020,2023-09-12,Supply and delivery of office stationery & supplies items,Ministry of College
4518,Office Stationery & Supplies,5019495,2020-07-18,Supply and delivery of office stationery & supplies items,Ministry of Sit
4519,ICT Equipment & Software,9390111,2023-09-07,Supply and delivery of ict equipment & software items,Ministry of Expect
4520,Medical Supplies & Pharmaceuticals,1944040,2024-11-08,Supply and delivery of medical supplies & pharmaceuticals items,Ministry of Capital
4521,Motor Vehicles & Spare Parts,964845,2020-07-28,Supply and delivery of motor vehicles & spare parts items,Ministry of Through
4522,Medical Supplies & Pharmaceuticals,8077848,2022-06-09,Supply and delivery of medical supplies & pharmaceuticals items,Ministry of Effort
4523,Office Stationery & Supplies,1534636,2022-10-03,Supply and delivery of office stationery & supplies items,Ministry of Company
4524,Consultancy Services,7432827,2025-05-08,Supply and delivery of consultancy services items,Ministry of Whose
4525,Office Stationery & Supplies,3494070,2021-04-27,Supply and delivery of office stationery & supplies items,Ministry of Both
4526,Cleaning & Sanitary Services,9360797,2020-01-07,Supply and delivery of cleaning & sanitary services items,Ministry of Remain
4527,Motor Vehicles & Spare Parts,4057874,2021-11-06,Supply and delivery of motor vehicles & spare parts items,Ministry of Particularly
4528,Medical Supplies & Pharmaceuticals,3678687,2025-03-01,Supply and delivery of medical supplies & pharmaceuticals items,Ministry of Time
4529,Construction & Civil Works,110438515,2022-04-27,Supply and delivery of construction & civil works items,Ministry of Different
4530,Medical Supplies & Pharmaceuticals,9879138,2021-05-23,Supply and delivery of medical supplies & pharmaceuticals items,Ministry of Throw
4531,Consultancy Services,8163736,2020-06-28,Supply and delivery of consultancy services items,Ministry of Seem
4532,Motor Vehicles & Spare Parts,3748338,2022-08-31,Supply and delivery of motor vehicles & spare parts items,Ministry of Citizen
4533,ICT Equipment & Software,39080196,2024-06-07,Supply and delivery of ict equipment & software items,Ministry of If
4534,Cleaning & Sanitary Services,7389165,2025-02-06,Supply and delivery of cleaning & sanitary services items,Ministry of Social
4535,Medical Supplies & Pharmaceuticals,3553402,2022-04-12,Supply and delivery of medical supplies & pharmaceuticals items,Ministry of Number
4536,Cleaning & Sanitary Services,212035,2024-08-03,Supply and delivery of cleaning & sanitary services items,Ministry of Describe
4537,Cleaning & Sanitary Services,5798238,2025-04-16,Supply and delivery of cleaning & sanitary services items,Ministry of Million
4538,Construction & Civil Works,188133141,2022-08-14,Supply and delivery of construction & civil works items,Ministry of Type
4539,Motor Vehicles & Spare Parts,440526,2023-02-21,Supply and delivery of motor vehicles & spare parts items,Ministry of Fund
4540,Cleaning & Sanitary Services,5787453,2020-02-15,Supply and delivery of cleaning & sanitary services items,Ministry of Movement
4541,Medical Supplies & Pharmaceuticals,965144,2023-09-10,Supply and delivery of medical supplies & pharmaceuticals items,Ministry of This
4542,Medical Supplies & Pharmaceuticals,1518137,2022-08-26,Supply and delivery of medical supplies & pharmaceuticals items,Ministry of Describe
4543,Office Stationery & Supplies,9468140,2022-03-28,Supply and delivery of office stationery & supplies items,Ministry of Score
4544,Consultancy Services,622797,2020-06-18,Supply and delivery of consultancy services items,Ministry of Third
4545,Construction & Civil Works,198929104,2024-03-11,Supply and delivery of construction & civil works items,Ministry of Huge
4546,Motor Vehicles & Spare Parts,3597172,2021-01-03,Supply and delivery of motor vehicles & spare parts items,Ministry of International
4547,Motor Vehicles & Spare Parts,6660230,2021-03-29,Supply and delivery of motor vehicles & spare parts items,Ministry of Former
4548,Office Stationery & Supplies,6752469,2022-02-13,Supply and delivery of office stationery & supplies items,Ministry of Eye
4549,Cleaning & Sanitary Services,5488811,2021-06-29,Supply and delivery of cleaning & sanitary services items,Ministry of Fill
4550,Motor Vehicles & Spare Parts,7275173,2025-05-22,Supply and delivery of motor vehicles & spare parts items,Ministry of Hundred
4551,Consultancy Services,4549113,2023-08-08,Supply and delivery of consultancy services items,Ministry of Manager
4552,Consultancy Services,829672,2025-10-05,Supply and delivery of consultancy services items,Ministry of Rich
4553,Cleaning & Sanitary Services,8937389,2025-08-11,Supply and delivery of cleaning & sanitary services items,Ministry of Either
4554,Medical Supplies & Pharmaceuticals,1247417,2023-11-15,Supply and delivery of medical supplies & pharmaceuticals items,Ministry of Attention
4555,Consultancy Services,9783484,2022-09-17,Supply and delivery of consultancy services items,Ministry of Such
4556,Office Stationery & Supplies,2175414,2020-02-17,Supply and delivery of office stationery & supplies items,Ministry of Owner
4557,Consultancy Services,7698498,2022-01-26,Supply and delivery of consultancy services items,Ministry of I
4558,Motor Vehicles & Spare Parts,7983060,2020-02-14,Supply and delivery of motor vehicles & spare parts items,Ministry of Least
4559,Office Stationery & Supplies,1010175,2024-05-05,Supply and delivery of office stationery & supplies items,Ministry of Where
4560,ICT Equipment & Software,22778404,2022-07-18,Supply and delivery of ict equipment & software items,Ministry of Leave
4561,Construction & Civil Works,44610527,2021-07-12,Supply and delivery of construction & civil works items,Ministry of Drop
4562,Cleaning & Sanitary Services,7780223,2021-08-12,Supply and delivery of cleaning & sanitary services items,Ministry of Which
4563,Medical Supplies & Pharmaceuticals,5274895,2025-12-24,Supply and delivery of medical supplies & pharmaceuticals items,Ministry of Measure
4564,ICT Equipment & Software,1933043,2020-12-12,Supply and delivery of ict equipment & software items,Ministry of Discuss
4565,Motor Vehicles & Spare Parts,6737056,2025-02-13,Supply and delivery of motor vehicles & spare parts items,Ministry of Quite
4566,ICT Equipment & Software,34303356,2023-02-07,Supply and delivery of ict equipment & software items,Ministry of Nice
4567,Consultancy Services,8245618,2024-11-10,Supply and delivery of consultancy services items,Ministry of Throughout
4568,Medical Supplies & Pharmaceuticals,2040711,2020-03-20,Supply and delivery of medical supplies & pharmaceuticals items,Ministry of I
4569,Cleaning & Sanitary Services,1463307,2022-03-09,Supply and delivery of cleaning & sanitary services items,Ministry of Soon
4570,Motor Vehicles & Spare Parts,6025237,2021-05-15,Supply and delivery of motor vehicles & spare parts items,Ministry of Second
4571,Cleaning & Sanitary Services,6598391,2025-06-29,Supply and delivery of cleaning & sanitary services items,Ministry of Best
4572,Medical Supplies & Pharmaceuticals,3472021,2023-09-10,Supply and delivery of medical supplies & pharmaceuticals items,Ministry of On
4573,Cleaning & Sanitary Services,9703204,2020-04-19,Supply and delivery of cleaning & sanitary services items,Ministry of Base
4574,Construction & Civil Works,178985575,2023-02-24,Supply and delivery of construction & civil works items,Ministry of Especially
4575,ICT Equipment & Software,45010415,2022-09-19,Supply and delivery of ict equipment & software items,Ministry of Finally
4576,Consultancy Services,5015782,2020-11-06,Supply and delivery of consultancy services items,Ministry of Least
4577,Office Stationery & Supplies,5958893,2021-09-02,Supply and delivery of office stationery & supplies items,Ministry of Whole
4578,Cleaning & Sanitary Services,9881536,2021-02-11,Supply and delivery of cleaning & sanitary services items,Ministry of It
4579,Construction & Civil Works,367127147,2021-11-13,Supply and delivery of construction & civil works items,Ministry of Near
4580,Medical Supplies & Pharmaceuticals,1151636,2020-05-26,Supply and delivery of medical supplies & pharmaceuticals items,Ministry of Try
4581,Motor Vehicles & Spare Parts,7715907,2020-07-21,Supply and delivery of motor vehicles & spare parts items,Ministry of Area
4582,Motor Vehicles & Spare Parts,8013436,2023-06-08,Supply and delivery of motor vehicles & spare parts items,Ministry of Stay
4583,Cleaning & Sanitary Services,3137253,2024-09-14,Supply and delivery of cleaning & sanitary services items,Ministry of Trial
4584,Motor Vehicles & Spare Parts,115141,2025-08-24,Supply and delivery of motor vehicles & spare parts items,Ministry of Control
4585,ICT Equipment & Software,45360239,2021-09-23,Supply and delivery of ict equipment & software items,Ministry of Many
4586,Office Stationery & Supplies,3882700,2025-08-25,Supply and delivery of office stationery & supplies items,Ministry of Want
4587,Consultancy Services,3661669,2021-01-02,Supply and delivery of consultancy services items,Ministry of Adult
4588,Construction & Civil Works,363294836,2024-11-04,Supply and delivery of construction & civil works items,Ministry of Deal
4589,Office Stationery & Supplies,2437099,2023-08-13,Supply and delivery of office stationery & supplies items,Ministry of Ball
4590,Office Stationery & Supplies,2044741,2020-05-27,Supply and delivery of office stationery & supplies items,Ministry of Blood
4591,Cleaning & Sanitary Services,9372702,2021-08-12,Supply and delivery of cleaning & sanitary services items,Ministry of Stay
4592,Consultancy Services,924255,2021-01-26,Supply and delivery of consultancy services items,Ministry of Capital
4593,Motor Vehicles & Spare Parts,9521172,2024-09-02,Supply and delivery of motor vehicles & spare parts items,Ministry of On
4594,Cleaning & Sanitary Services,9062292,2024-07-25,Supply and delivery of cleaning & sanitary services items,Ministry of Several
4595,Construction & Civil Works,444385256,2021-01-27,Supply and delivery of construction & civil works items,Ministry of None
4596,Medical Supplies & Pharmaceuticals,9002284,2025-08-04,Supply and delivery of medical supplies & pharmaceuticals items,Ministry of Else
4597,ICT Equipment & Software,32938749,2024-09-20,Supply and delivery of ict equipment & software items,Ministry of Gas
4598,Consultancy Services,5650616,2025-02-17,Supply and delivery of consultancy services items,Ministry of Space
4599,ICT Equipment & Software,15181983,2021-08-19,Supply and delivery of ict equipment & software items,Ministry of Tax
4600,Medical Supplies & Pharmaceuticals,8629297,2020-02-15,Supply and delivery of medical supplies & pharmaceuticals items,Ministry of Mother
4601,Consultancy Services,1385801,2025-05-14,Supply and delivery of consultancy services items,Ministry of Indeed
4602,ICT Equipment & Software,34288157,2020-10-22,Supply and delivery of ict equipment & software items,Ministry of Anything
4603,Construction & Civil Works,123598687,2022-10-24,Supply and delivery of construction & civil works items,Ministry of Throughout
4604,Consultancy Services,9312964,2020-10-16,Supply and delivery of consultancy services items,Ministry of Training
4605,Construction & Civil Works,414294165,2023-08-27,Supply and delivery of construction & civil works items,Ministry of Hold
4606,Consultancy Services,7199574,2023-06-11,Supply and delivery of consultancy services items,Ministry of Family
4607,Construction & Civil Works,283404360,2022-10-10,Supply and delivery of construction & civil works items,Ministry of Look
4608,Medical Supplies & Pharmaceuticals,9134660,2021-01-18,Supply and delivery of medical supplies & pharmaceuticals items,Ministry of Break
4609,Office Stationery & Supplies,421243,2024-04-12,Supply and delivery of office stationery & supplies items,Ministry of Color
4610,Cleaning & Sanitary Services,4118920,2023-11-03,Supply and delivery of cleaning & sanitary services items,Ministry of Somebody
4611,Cleaning & Sanitary Services,7985766,2020-04-02,Supply and delivery of cleaning & sanitary services items,Ministry of Huge
4612,Office Stationery & Supplies,3088793,2020-10-24,Supply and delivery of office stationery & supplies items,Ministry of Field
4613,ICT Equipment & Software,7517191,2022-10-06,Supply and delivery of ict equipment & software items,Ministry of Successful
4614,Cleaning & Sanitary Services,4557005,2022-12-09,Supply and delivery of cleaning & sanitary services items,Ministry of Somebody
4615,Office Stationery & Supplies,2900212,2022-05-15,Supply and delivery of office stationery & supplies items,Ministry of Number
4616,Motor Vehicles & Spare Parts,7014887,2024-05-10,Supply and delivery of motor vehicles & spare parts items,Ministry of Visit
4617,Office Stationery & Supplies,2862108,2023-02-24,Supply and delivery of office stationery & supplies items,Ministry of Radio
4618,Consultancy Services,2993713,2025-08-28,Supply and delivery of consultancy services items,Ministry of Health
4619,Office Stationery & Supplies,6588574,2024-09-18,Supply and delivery of office stationery & supplies items,Ministry of Participant
4620,Consultancy Services,6981099,2024-04-22,Supply and delivery of consultancy services items,Ministry of So
4621,Motor Vehicles & Spare Parts,3443473,2022-06-06,Supply and delivery of motor vehicles & spare parts items,Ministry of Enter
4622,Consultancy Services,6878105,2023-02-20,Supply and delivery of consultancy services items,Ministry of Involve
4623,Office Stationery & Supplies,6465898,2020-12-31,Supply and delivery of office stationery & supplies items,Ministry of Toward
4624,Office Stationery & Supplies,2109326,2022-12-30,Supply and delivery of office stationery & supplies items,Ministry of Support
4625,ICT Equipment & Software,37780046,2020-03-20,Supply and delivery of ict equipment & software items,Ministry of Back
4626,Motor Vehicles & Spare Parts,6949502,2023-08-07,Supply and delivery of motor vehicles & spare parts items,Ministry of Hold
4627,Consultancy Services,4421613,2025-01-18,Supply and delivery of consultancy services items,Ministry of Business
4628,Construction & Civil Works,255074732,2023-08-17,Supply and delivery of construction & civil works items,Ministry of Itself
4629,ICT Equipment & Software,4200568,2022-04-18,Supply and delivery of ict equipment & software items,Ministry of Firm
4630,Construction & Civil Works,173175712,2022-03-29,Supply and delivery of construction & civil works items,Ministry of Forward
4631,Cleaning & Sanitary Services,7999151,2022-12-03,Supply and delivery of cleaning & sanitary services items,Ministry of Social
4632,Medical Supplies & Pharmaceuticals,9555545,2020-02-05,Supply and delivery of medical supplies & pharmaceuticals items,Ministry of Learn
4633,Cleaning & Sanitary Services,3916707,2024-08-25,Supply and delivery of cleaning & sanitary services items,Ministry of Social
4634,Medical Supplies & Pharmaceuticals,4174973,2020-11-18,Supply and delivery of medical supplies & pharmaceuticals items,Ministry of Treatment
4635,ICT Equipment & Software,12418810,2023-07-17,Supply and delivery of ict equipment & software items,Ministry of Son
4636,Motor Vehicles & Spare Parts,4974807,2024-06-29,Supply and delivery of motor vehicles & spare parts items,Ministry of Range
4637,Medical Supplies & Pharmaceuticals,8208262,2024-10-05,Supply and delivery of medical supplies & pharmaceuticals items,Ministry of Individual
4638,Medical Supplies & Pharmaceuticals,7693832,2021-06-19,Supply and delivery of medical supplies & pharmaceuticals items,Ministry of Admit
4639,Cleaning & Sanitary Services,3653952,2025-05-27,Supply and delivery of cleaning & sanitary services items,Ministry of Well
4640,Motor Vehicles & Spare Parts,8479702,2022-08-19,Supply and delivery of motor vehicles & spare parts items,Ministry of Message
4641,Medical Supplies & Pharmaceuticals,7841368,2022-05-24,Supply and delivery of medical supplies & pharmaceuticals items,Ministry of Seem
4642,ICT Equipment & Software,27705260,2022-10-16,Supply and delivery of ict equipment & software items,Ministry of Us
4643,Cleaning & Sanitary Services,4310563,2021-03-24,Supply and delivery of cleaning & sanitary services items,Ministry of Case
4644,Medical Supplies & Pharmaceuticals,1289297,2022-06-30,Supply and delivery of medical supplies & pharmaceuticals items,Ministry of Approach
4645,Office Stationery & Supplies,1113295,2021-06-21,Supply and delivery of office stationery & supplies items,Ministry of Child
4646,Office Stationery & Supplies,3417837,2025-05-19,Supply and delivery of office stationery & supplies items,Ministry of Win
4647,Cleaning & Sanitary Services,9580331,2020-08-09,Supply and delivery of cleaning & sanitary services items,Ministry of House
4648,Construction & Civil Works,102694693,2020-04-26,Supply and delivery of construction & civil works items,Ministry of Make
4649,ICT Equipment & Software,27336529,2025-06-15,Supply and delivery of ict equipment & software items,Ministry of Very
4650,ICT Equipment & Software,35752022,2023-12-02,Supply and delivery of ict equipment & software items,Ministry of Lead
4651,Cleaning & Sanitary Services,1506085,2020-06-20,Supply and delivery of cleaning & sanitary services items,Ministry of Financial
4652,ICT Equipment & Software,17239967,2022-02-16,Supply and delivery of ict equipment & software items,Ministry of Music
4653,Cleaning & Sanitary Services,8785116,2023-04-23,Supply and delivery of cleaning & sanitary services items,Ministry of Amount
4654,Medical Supplies & Pharmaceuticals,2711212,2025-08-08,Supply and delivery of medical supplies & pharmaceuticals items,Ministry of Trouble
4655,Office Stationery & Supplies,4861515,2025-01-30,Supply and delivery of office stationery & supplies items,Ministry of Author
4656,Construction & Civil Works,169079710,2022-02-11,Supply and delivery of construction & civil works items,Ministry of Daughter
4657,Office Stationery & Supplies,8404932,2021-11-10,Supply and delivery of office stationery & supplies items,Ministry of Move
4658,Construction & Civil Works,340193359,2020-12-29,Supply and delivery of construction & civil works items,Ministry of Blood
4659,Construction & Civil Works,144588773,2020-11-15,Supply and delivery of construction & civil works items,Ministry of Seek
4660,Office Stationery & Supplies,2598544,2023-05-15,Supply and delivery of office stationery & supplies items,Ministry of As
4661,ICT Equipment & Software,34580389,2020-02-24,Supply and delivery of ict equipment & software items,Ministry of Discover
4662,Construction & Civil Works,464131517,2023-10-13,Supply and delivery of construction & civil works items,Ministry of Hot
4663,Medical Supplies & Pharmaceuticals,3790339,2020-02-22,Supply and delivery of medical supplies & pharmaceuticals items,Ministry of International
4664,Motor Vehicles & Spare Parts,7970341,2022-01-01,Supply and delivery of motor vehicles & spare parts items,Ministry of Position
4665,Motor Vehicles & Spare Parts,401951,2022-10-05,Supply and delivery of motor vehicles & spare parts items,Ministry of Pretty
4666,ICT Equipment & Software,13071901,2021-12-16,Supply and delivery of ict equipment & software items,Ministry of Hold
4667,Medical Supplies & Pharmaceuticals,8984263,2020-04-21,Supply and delivery of medical supplies & pharmaceuticals items,Ministry of Nation
4668,Consultancy Services,3834049,2023-07-07,Supply and delivery of consultancy services items,Ministry of Use
4669,Medical Supplies & Pharmaceuticals,6215790,2022-08-18,Supply and delivery of medical supplies & pharmaceuticals items,Ministry of Method
4670,Medical Supplies & Pharmaceuticals,5529048,2022-08-07,Supply and delivery of medical supplies & pharmaceuticals items,Ministry of My
4671,Office Stationery & Supplies,8196173,2020-03-20,Supply and delivery of office stationery & supplies items,Ministry of State
4672,Cleaning & Sanitary Services,6678518,2023-04-15,Supply and delivery of cleaning & sanitary services items,Ministry of Smile
4673,Consultancy Services,2911318,2023-05-25,Supply and delivery of consultancy services items,Ministry of Audience
4674,Office Stationery & Supplies,1273077,2025-12-28,Supply and delivery of office stationery & supplies items,Ministry of Class
4675,Consultancy Services,4911102,2025-08-06,Supply and delivery of consultancy services items,Ministry of Huge
4676,Consultancy Services,9519257,2021-12-24,Supply and delivery of consultancy services items,Ministry of Send
4677,Medical Supplies & Pharmaceuticals,3127936,2022-08-21,Supply and delivery of medical supplies & pharmaceuticals items,Ministry of Seven
4678,Cleaning & Sanitary Services,9383926,2023-10-23,Supply and delivery of cleaning & sanitary services items,Ministry of Charge
4679,ICT Equipment & Software,10460710,2020-11-07,Supply and delivery of ict equipment & software items,Ministry of Who
4680,Cleaning & Sanitary Services,619676,2021-03-06,Supply and delivery of cleaning & sanitary services items,Ministry of Practice
4681,Medical Supplies & Pharmaceuticals,1710921,2022-04-21,Supply and delivery of medical supplies & pharmaceuticals items,Ministry of Indeed
4682,Cleaning & Sanitary Services,4563593,2021-04-27,Supply and delivery of cleaning & sanitary services items,Ministry of Another
4683,Motor Vehicles & Spare Parts,2794670,2021-10-25,Supply and delivery of motor vehicles & spare parts items,Ministry of Cell
4684,Motor Vehicles & Spare Parts,7070746,2021-03-02,Supply and delivery of motor vehicles & spare parts items,Ministry of Outside
4685,Construction & Civil Works,131985834,2021-02-28,Supply and delivery of construction & civil works items,Ministry of Successful
4686,ICT Equipment & Software,4661460,2024-12-14,Supply and delivery of ict equipment & software items,Ministry of Civil
4687,Construction & Civil Works,113065368,2022-07-24,Supply and delivery of construction & civil works items,Ministry of Out
4688,Consultancy Services,8993396,2021-07-13,Supply and delivery of consultancy services items,Ministry of Whom
4689,Construction & Civil Works,482943542,2021-04-06,Supply and delivery of construction & civil works items,Ministry of Attorney
4690,Cleaning & Sanitary Services,1577482,2020-12-23,Supply and delivery of cleaning & sanitary services items,Ministry of Always
4691,Motor Vehicles & Spare Parts,9722286,2021-08-04,Supply and delivery of motor vehicles & spare parts items,Ministry of Meeting
4692,Construction & Civil Works,86509173,2024-09-20,Supply and delivery of construction & civil works items,Ministry of Discuss
4693,Cleaning & Sanitary Services,1225664,2022-10-23,Supply and delivery of cleaning & sanitary services items,Ministry of Company
4694,Construction & Civil Works,300688683,2025-07-19,Supply and delivery of construction & civil works items,Ministry of Minute
4695,Medical Supplies & Pharmaceuticals,3825563,2020-09-07,Supply and delivery of medical supplies & pharmaceuticals items,Ministry of Relationship
4696,Cleaning & Sanitary Services,6257703,2022-10-03,Supply and delivery of cleaning & sanitary services items,Ministry of Way
4697,Medical Supplies & Pharmaceuticals,3059532,2022-01-20,Supply and delivery of medical supplies & pharmaceuticals items,Ministry of Should
4698,Office Stationery & Supplies,8298344,2025-11-15,Supply and delivery of office stationery & supplies items,Ministry of Today
4699,Construction & Civil Works,106564791,2022-10-24,Supply and delivery of construction & civil works items,Ministry of Evening
4700,ICT Equipment & Software,28643626,2023-06-18,Supply and delivery of ict equipment & software items,Ministry of Official
4701,Motor Vehicles & Spare Parts,5231131,2025-05-02,Supply and delivery of motor vehicles & spare parts items,Ministry of Teach
4702,Motor Vehicles & Spare Parts,4574445,2024-06-13,Supply and delivery of motor vehicles & spare parts items,Ministry of Program
4703,Office Stationery & Supplies,5268811,2023-12-27,Supply and delivery of office stationery & supplies items,Ministry of New
4704,ICT Equipment & Software,41600560,2020-12-06,Supply and delivery of ict equipment & software items,Ministry of Rest
4705,Office Stationery & Supplies,9471520,2025-01-04,Supply and delivery of office stationery & supplies items,Ministry of Perform
4706,Consultancy Services,2644306,2023-02-13,Supply and delivery of consultancy services items,Ministry of Family
4707,Consultancy Services,682787,2024-11-01,Supply and delivery of consultancy services items,Ministry of Star
4708,Motor Vehicles & Spare Parts,5717492,2025-05-18,Supply and delivery of motor vehicles & spare parts items,Ministry of Draw
4709,Consultancy Services,5040560,2024-11-20,Supply and delivery of consultancy services items,Ministry of Leader
4710,Consultancy Services,1442643,2022-11-25,Supply and delivery of consultancy services items,Ministry of Get
4711,ICT Equipment & Software,2430719,2025-08-21,Supply and delivery of ict equipment & software items,Ministry of First
4712,Consultancy Services,9399953,2022-12-29,Supply and delivery of consultancy services items,Ministry of Shake
4713,Motor Vehicles & Spare Parts,3528811,2025-12-11,Supply and delivery of motor vehicles & spare parts items,Ministry of Approach
4714,Consultancy Services,9555984,2025-09-17,Supply and delivery of consultancy services items,Ministry of First
4715,Construction & Civil Works,443721230,2024-10-22,Supply and delivery of construction & civil works items,Ministry of Even
4716,ICT Equipment & Software,4291343,2020-08-21,Supply and delivery of ict equipment & software items,Ministry of Choose
4717,Construction & Civil Works,122293560,2023-05-01,Supply and delivery of construction & civil works items,Ministry of Three
4718,Medical Supplies & Pharmaceuticals,6292072,2024-09-12,Supply and delivery of medical supplies & pharmaceuticals items,Ministry of Up
4719,Office Stationery & Supplies,5110500,2025-09-25,Supply and delivery of office stationery & supplies items,Ministry of Majority
4720,Motor Vehicles & Spare Parts,6561029,2025-06-06,Supply and delivery of motor vehicles & spare parts items,Ministry of With
4721,Cleaning & Sanitary Services,5477168,2020-08-04,Supply and delivery of cleaning & sanitary services items,Ministry of Occur
4722,Construction & Civil Works,152942994,2023-01-13,Supply and delivery of construction & civil works items,Ministry of Itself
4723,Construction & Civil Works,174469312,2024-06-14,Supply and delivery of construction & civil works items,Ministry of Kind
4724,Consultancy Services,1259149,2023-05-26,Supply and delivery of consultancy services items,Ministry of Firm
4725,Office Stationery & Supplies,4181093,2020-06-26,Supply and delivery of office stationery & supplies items,Ministry of Commercial
4726,Office Stationery & Supplies,1939968,2023-09-27,Supply and delivery of office stationery & supplies items,Ministry of Without
4727,Cleaning & Sanitary Services,1386793,2023-12-23,Supply and delivery of cleaning & sanitary services items,Ministry of Stage
4728,Office Stationery & Supplies,7955506,2021-11-18,Supply and delivery of office stationery & supplies items,Ministry of Visit
4729,Office Stationery & Supplies,2751222,2020-05-04,Supply and delivery of office stationery & supplies items,Ministry of Into
4730,Medical Supplies & Pharmaceuticals,3918067,2024-11-20,Supply and delivery of medical supplies & pharmaceuticals items,Ministry of Class
4731,Office Stationery & Supplies,8749769,2022-06-26,Supply and delivery of office stationery & supplies items,Ministry of Allow
4732,Office Stationery & Supplies,7835491,2022-01-01,Supply and delivery of office stationery & supplies items,Ministry of Hospital
4733,Cleaning & Sanitary Services,3957469,2020-09-16,Supply and delivery of cleaning & sanitary services items,Ministry of Eat
4734,Motor Vehicles & Spare Parts,435983,2022-12-01,Supply and delivery of motor vehicles & spare parts items,Ministry of Million
4735,Consultancy Services,2566993,2025-07-25,Supply and delivery of consultancy services items,Ministry of Individual
4736,Medical Supplies & Pharmaceuticals,8888377,2023-07-13,Supply and delivery of medical supplies & pharmaceuticals items,Ministry of Into
4737,Cleaning & Sanitary Services,7651506,2022-07-31,Supply and delivery of cleaning & sanitary services items,Ministry of Easy
4738,Construction & Civil Works,98367612,2021-09-19,Supply and delivery of construction & civil works items,Ministry of Popular
4739,Medical Supplies & Pharmaceuticals,4563721,2024-10-28,Supply and delivery of medical supplies & pharmaceuticals items,Ministry of Great
4740,Consultancy Services,5025233,2020-12-14,Supply and delivery of consultancy services items,Ministry of General
4741,Cleaning & Sanitary Services,5868076,2023-07-24,Supply and delivery of cleaning & sanitary services items,Ministry of Tonight
4742,Medical Supplies & Pharmaceuticals,3446953,2020-06-30,Supply and delivery of medical supplies & pharmaceuticals items,Ministry of Beautiful
4743,Construction & Civil Works,92127775,2020-06-29,Supply and delivery of construction & civil works items,Ministry of Sing
4744,Cleaning & Sanitary Services,312628,2020-01-19,Supply and delivery of cleaning & sanitary services items,Ministry of Now
4745,Cleaning & Sanitary Services,6743509,2022-07-27,Supply and delivery of cleaning & sanitary services items,Ministry of Watch
4746,ICT Equipment & Software,8263412,2020-07-21,Supply and delivery of ict equipment & software items,Ministry of Student
4747,Cleaning & Sanitary Services,4871873,2024-11-05,Supply and delivery of cleaning & sanitary services items,Ministry of Raise
4748,ICT Equipment & Software,47096911,2020-11-28,Supply and delivery of ict equipment & software items,Ministry of Approach
4749,Motor Vehicles & Spare Parts,9630218,2020-01-05,Supply and delivery of motor vehicles & spare parts items,Ministry of Cost
4750,ICT Equipment & Software,11272941,2020-03-12,Supply and delivery of ict equipment & software items,Ministry of Film
4751,Motor Vehicles & Spare Parts,6006512,2025-11-25,Supply and delivery of motor vehicles & spare parts items,Ministry of Hit
4752,Consultancy Services,1074687,2024-01-27,Supply and delivery of consultancy services items,Ministry of Why
4753,Cleaning & Sanitary Services,924726,2024-12-16,Supply and delivery of cleaning & sanitary services items,Ministry of Heavy
4754,Cleaning & Sanitary Services,8493302,2023-12-30,Supply and delivery of cleaning & sanitary services items,Ministry of Begin
4755,Office Stationery & Supplies,2779590,2020-03-29,Supply and delivery of office stationery & supplies items,Ministry of Walk
4756,Motor Vehicles & Spare Parts,4840148,2021-11-09,Supply and delivery of motor vehicles & spare parts items,Ministry of Black
4757,Motor Vehicles & Spare Parts,9162875,2020-03-26,Supply and delivery of motor vehicles & spare parts items,Ministry of Pass
4758,Motor Vehicles & Spare Parts,2086373,2020-06-29,Supply and delivery of motor vehicles & spare parts items,Ministry of Among
4759,ICT Equipment & Software,45569813,2023-09-08,Supply and delivery of ict equipment & software items,Ministry of Term
4760,Consultancy Services,3016971,2025-07-14,Supply and delivery of consultancy services items,Ministry of Strategy
4761,Motor Vehicles & Spare Parts,5935770,2021-01-07,Supply and delivery of motor vehicles & spare parts items,Ministry of Include
4762,Construction & Civil Works,467397886,2024-12-10,Supply and delivery of construction & civil works items,Ministry of Military
4763,ICT Equipment & Software,3113456,2020-08-23,Supply and delivery of ict equipment & software items,Ministry of Personal
4764,Office Stationery & Supplies,4366660,2021-09-30,Supply and delivery of office stationery & supplies items,Ministry of Think
4765,Office Stationery & Supplies,6651381,2023-02-26,Supply and delivery of office stationery & supplies items,Ministry of Theory
4766,Office Stationery & Supplies,708919,2023-09-04,Supply and delivery of office stationery & supplies items,Ministry of Certainly
4767,Motor Vehicles & Spare Parts,6827830,2020-05-22,Supply and delivery of motor vehicles & spare parts items,Ministry of Police
4768,Motor Vehicles & Spare Parts,6024216,2025-02-10,Supply and delivery of motor vehicles & spare parts items,Ministry of Coach
4769,Consultancy Services,8829430,2023-11-10,Supply and delivery of consultancy services items,Ministry of Scene
4770,Cleaning & Sanitary Services,4804863,2023-02-02,Supply and delivery of cleaning & sanitary services items,Ministry of Model
4771,Consultancy Services,7185282,2023-08-21,Supply and delivery of consultancy services items,Ministry of Risk
4772,Construction & Civil Works,288966766,2021-09-13,Supply and delivery of construction & civil works items,Ministry of Increase
4773,ICT Equipment & Software,615064,2025-02-10,Supply and delivery of ict equipment & software items,Ministry of Red
4774,Consultancy Services,7309403,2020-12-22,Supply and delivery of consultancy services items,Ministry of Material
4775,Office Stationery & Supplies,3158321,2024-11-10,Supply and delivery of office stationery & supplies items,Ministry of Her
4776,Consultancy Services,6547726,2025-09-16,Supply and delivery of consultancy services items,Ministry of Follow
4777,Consultancy Services,4447864,2021-10-05,Supply and delivery of consultancy services items,Ministry of Season
4778,Medical Supplies & Pharmaceuticals,3203800,2024-11-19,Supply and delivery of medical supplies & pharmaceuticals items,Ministry of Kid
4779,Office Stationery & Supplies,7835167,2024-11-03,Supply and delivery of office stationery & supplies items,Ministry of Easy
4780,Motor Vehicles & Spare Parts,686901,2024-10-06,Supply and delivery of motor vehicles & spare parts items,Ministry of Throw
4781,Medical Supplies & Pharmaceuticals,8862529,2021-11-08,Supply and delivery of medical supplies & pharmaceuticals items,Ministry of General
4782,Cleaning & Sanitary Services,8012798,2021-04-06,Supply and delivery of cleaning & sanitary services items,Ministry of Main
4783,Office Stationery & Supplies,5772745,2020-11-21,Supply and delivery of office stationery & supplies items,Ministry of Clear
4784,Motor Vehicles & Spare Parts,9683105,2020-03-21,Supply and delivery of motor vehicles & spare parts items,Ministry of Artist
4785,Construction & Civil Works,218367148,2023-07-11,Supply and delivery of construction & civil works items,Ministry of Buy
4786,Construction & Civil Works,253255813,2020-11-19,Supply and delivery of construction & civil works items,Ministry of List
4787,Consultancy Services,3919128,2020-10-03,Supply and delivery of consultancy services items,Ministry of Several
4788,Consultancy Services,8226710,2020-06-09,Supply and delivery of consultancy services items,Ministry of Speech
4789,ICT Equipment & Software,25800235,2021-12-30,Supply and delivery of ict equipment & software items,Ministry of Front
4790,Motor Vehicles & Spare Parts,2777678,2023-06-23,Supply and delivery of motor vehicles & spare parts items,Ministry of Serious
4791,Office Stationery & Supplies,7278560,2022-11-21,Supply and delivery of office stationery & supplies items,Ministry of It
4792,Office Stationery & Supplies,152055,2020-09-25,Supply and delivery of office stationery & supplies items,Ministry of Quickly
4793,Cleaning & Sanitary Services,7043122,2024-01-04,Supply and delivery of cleaning & sanitary services items,Ministry of Remain
4794,Office Stationery & Supplies,1236263,2023-04-24,Supply and delivery of office stationery & supplies items,Ministry of People
4795,Motor Vehicles & Spare Parts,2597838,2021-10-24,Supply and delivery of motor vehicles & spare parts items,Ministry of Security
4796,ICT Equipment & Software,31011356,2021-04-04,Supply and delivery of ict equipment & software items,Ministry of Material
4797,Cleaning & Sanitary Services,5229584,2023-12-08,Supply and delivery of cleaning & sanitary services items,Ministry of Himself
4798,Motor Vehicles & Spare Parts,2399820,2020-12-08,Supply and delivery of motor vehicles & spare parts items,Ministry of Dark
4799,Construction & Civil Works,82315237,2022-01-26,Supply and delivery of construction & civil works items,Ministry of Appear
4800,Consultancy Services,1938346,2020-03-09,Supply and delivery of consultancy services items,Ministry of Tonight
4801,ICT Equipment & Software,29996687,2024-10-26,Supply and delivery of ict equipment & software items,Ministry of Improve
4802,Office Stationery & Supplies,7666169,2021-02-12,Supply and delivery of office stationery & supplies items,Ministry of Modern
4803,Motor Vehicles & Spare Parts,5998131,2022-10-12,Supply and delivery of motor vehicles & spare parts items,Ministry of Information
4804,Construction & Civil Works,155841411,2024-09-13,Supply and delivery of construction & civil works items,Ministry of Travel
4805,Consultancy Services,9153883,2021-12-09,Supply and delivery of consultancy services items,Ministry of Cell
4806,Motor Vehicles & Spare Parts,9888041,2024-11-22,Supply and delivery of motor vehicles & spare parts items,Ministry of Skill
4807,Cleaning & Sanitary Services,3510331,2025-10-19,Supply and delivery of cleaning & sanitary services items,Ministry of Knowledge
4808,Construction & Civil Works,202195434,2023-12-13,Supply and delivery of construction & civil works items,Ministry of Whole
4809,ICT Equipment & Software,27682774,2024-07-04,Supply and delivery of ict equipment & software items,Ministry of Trip
4810,ICT Equipment & Software,2680122,2024-03-13,Supply and delivery of ict equipment & software items,Ministry of Account
4811,ICT Equipment & Software,5912199,2025-03-19,Supply and delivery of ict equipment & software items,Ministry of Community
4812,Medical Supplies & Pharmaceuticals,9540105,2025-09-21,Supply and delivery of medical supplies & pharmaceuticals items,Ministry of Just
4813,Consultancy Services,579177,2020-07-23,Supply and delivery of consultancy services items,Ministry of Type
4814,ICT Equipment & Software,34575749,2025-12-05,Supply and delivery of ict equipment & software items,Ministry of Choose
4815,Office Stationery & Supplies,8267399,2020-04-02,Supply and delivery of office stationery & supplies items,Ministry of Challenge
4816,Motor Vehicles & Spare Parts,1608797,2021-06-09,Supply and delivery of motor vehicles & spare parts items,Ministry of Pm
4817,Construction & Civil Works,275460132,2022-12-21,Supply and delivery of construction & civil works items,Ministry of Fall
4818,Consultancy Services,9136545,2025-06-10,Supply and delivery of consultancy services items,Ministry of Set
4819,ICT Equipment & Software,14482694,2021-01-30,Supply and delivery of ict equipment & software items,Ministry of American
4820,Construction & Civil Works,264218345,2024-08-15,Supply and delivery of construction & civil works items,Ministry of Program
4821,Medical Supplies & Pharmaceuticals,6614849,2022-03-01,Supply and delivery of medical supplies & pharmaceuticals items,Ministry of Gun
4822,ICT Equipment & Software,25476147,2024-10-19,Supply and delivery of ict equipment & software items,Ministry of Hotel
4823,Construction & Civil Works,73092995,2022-01-08,Supply and delivery of construction & civil works items,Ministry of Book
4824,Consultancy Services,7849611,2022-11-23,Supply and delivery of consultancy services items,Ministry of Thank
4825,Office Stationery & Supplies,8040312,2025-10-24,Supply and delivery of office stationery & supplies items,Ministry of Defense
4826,Construction & Civil Works,499220411,2021-04-07,Supply and delivery of construction & civil works items,Ministry of Go
4827,Consultancy Services,9710401,2024-01-30,Supply and delivery of consultancy services items,Ministry of Toward
4828,Construction & Civil Works,469829893,2024-06-01,Supply and delivery of construction & civil works items,Ministry of Mouth
4829,ICT Equipment & Software,49614573,2021-08-22,Supply and delivery of ict equipment & software items,Ministry of Include
4830,Office Stationery & Supplies,6461293,2025-05-03,Supply and delivery of office stationery & supplies items,Ministry of Performance
4831,Construction & Civil Works,370123259,2023-09-03,Supply and delivery of construction & civil works items,Ministry of Population
4832,Office Stationery & Supplies,739068,2021-03-06,Supply and delivery of office stationery & supplies items,Ministry of Speech
4833,ICT Equipment & Software,44302064,2025-09-12,Supply and delivery of ict equipment & software items,Ministry of Such
4834,Office Stationery & Supplies,1471242,2020-03-27,Supply and delivery of office stationery & supplies items,Ministry of Serve
4835,Construction & Civil Works,35351724,2023-07-18,Supply and delivery of construction & civil works items,Ministry of Fill
4836,Consultancy Services,1260675,2023-03-26,Supply and delivery of consultancy services items,Ministry of Someone
4837,Motor Vehicles & Spare Parts,4136589,2022-09-27,Supply and delivery of motor vehicles & spare parts items,Ministry of Feel
4838,Consultancy Services,2826427,2021-12-29,Supply and delivery of consultancy services items,Ministry of Involve
4839,Cleaning & Sanitary Services,8179850,2023-07-15,Supply and delivery of cleaning & sanitary services items,Ministry of Strong
4840,Construction & Civil Works,107713572,2020-05-17,Supply and delivery of construction & civil works items,Ministry of Themselves
4841,Medical Supplies & Pharmaceuticals,2909858,2025-04-08,Supply and delivery of medical supplies & pharmaceuticals items,Ministry of Woman
4842,Consultancy Services,6073721,2022-10-12,Supply and delivery of consultancy services items,Ministry of Usually
4843,Motor Vehicles & Spare Parts,4687826,2023-08-26,Supply and delivery of motor vehicles & spare parts items,Ministry of During
4844,Consultancy Services,8107599,2025-07-15,Supply and delivery of consultancy services items,Ministry of They
4845,Office Stationery & Supplies,474344,2023-07-18,Supply and delivery of office stationery & supplies items,Ministry of Listen
4846,Motor Vehicles & Spare Parts,2951957,2021-08-02,Supply and delivery of motor vehicles & spare parts items,Ministry of Vote
4847,ICT Equipment & Software,18825712,2023-11-29,Supply and delivery of ict equipment & software items,Ministry of American
4848,ICT Equipment & Software,27808680,2024-11-24,Supply and delivery of ict equipment & software items,Ministry of Relate
4849,Cleaning & Sanitary Services,8296722,2025-06-04,Supply and delivery of cleaning & sanitary services items,Ministry of Environmental
4850,Consultancy Services,326884,2022-05-15,Supply and delivery of consultancy services items,Ministry of Above
4851,Construction & Civil Works,343962252,2023-03-08,Supply and delivery of construction & civil works items,Ministry of Amount
4852,Construction & Civil Works,280774552,2021-04-30,Supply and delivery of construction & civil works items,Ministry of Term
4853,Motor Vehicles & Spare Parts,4606371,2022-09-11,Supply and delivery of motor vehicles & spare parts items,Ministry of Industry
4854,Medical Supplies & Pharmaceuticals,1238355,2020-01-05,Supply and delivery of medical supplies & pharmaceuticals items,Ministry of Anyone
4855,ICT Equipment & Software,39559069,2025-10-01,Supply and delivery of ict equipment & software items,Ministry of Suffer
4856,Cleaning & Sanitary Services,1472407,2024-10-25,Supply and delivery of cleaning & sanitary services items,Ministry of North
4857,Medical Supplies & Pharmaceuticals,3101519,2024-11-19,Supply and delivery of medical supplies & pharmaceuticals items,Ministry of Office
4858,Office Stationery & Supplies,7313741,2025-08-21,Supply and delivery of office stationery & supplies items,Ministry of Admit
4859,Construction & Civil Works,169082249,2023-01-04,Supply and delivery of construction & civil works items,Ministry of Significant
4860,Motor Vehicles & Spare Parts,8013614,2024-10-07,Supply and delivery of motor vehicles & spare parts items,Ministry of Push
4861,Motor Vehicles & Spare Parts,4633027,2024-09-22,Supply and delivery of motor vehicles & spare parts items,Ministry of Specific
4862,Cleaning & Sanitary Services,1001111,2023-08-08,Supply and delivery of cleaning & sanitary services items,Ministry of Approach
4863,Cleaning & Sanitary Services,8778768,2022-12-24,Supply and delivery of cleaning & sanitary services items,Ministry of Partner
4864,Consultancy Services,7877901,2021-04-12,Supply and delivery of consultancy services items,Ministry of Recently
4865,ICT Equipment & Software,21681525,2023-04-25,Supply and delivery of ict equipment & software items,Ministry of State
4866,Office Stationery & Supplies,1720706,2020-09-10,Supply and delivery of office stationery & supplies items,Ministry of Easy
4867,Medical Supplies & Pharmaceuticals,870569,2025-07-21,Supply and delivery of medical supplies & pharmaceuticals items,Ministry of Improve
4868,Construction & Civil Works,203367136,2023-05-13,Supply and delivery of construction & civil works items,Ministry of Get
4869,Consultancy Services,215042,2021-01-23,Supply and delivery of consultancy services items,Ministry of Reality
4870,Office Stationery & Supplies,192447,2021-03-14,Supply and delivery of office stationery & supplies items,Ministry of Reveal
4871,Office Stationery & Supplies,5647631,2022-07-30,Supply and delivery of office stationery & supplies items,Ministry of Get
4872,Cleaning & Sanitary Services,7452855,2023-11-18,Supply and delivery of cleaning & sanitary services items,Ministry of Your
4873,Office Stationery & Supplies,2843122,2022-11-17,Supply and delivery of office stationery & supplies items,Ministry of Bit
4874,Cleaning & Sanitary Services,3635797,2020-10-11,Supply and delivery of cleaning & sanitary services items,Ministry of So
4875,Consultancy Services,7497803,2024-05-20,Supply and delivery of consultancy services items,Ministry of Condition
4876,Cleaning & Sanitary Services,6377609,2023-12-11,Supply and delivery of cleaning & sanitary services items,Ministry of Remain
4877,Office Stationery & Supplies,8265571,2021-07-17,Supply and delivery of office stationery & supplies items,Ministry of Color
4878,Construction & Civil Works,182744588,2025-06-07,Supply and delivery of construction & civil works items,Ministry of Democrat
4879,Medical Supplies & Pharmaceuticals,4461909,2024-05-16,Supply and delivery of medical supplies & pharmaceuticals items,Ministry of High
4880,Office Stationery & Supplies,6908210,2020-08-01,Supply and delivery of office stationery & supplies items,Ministry of Work
4881,Office Stationery & Supplies,1249707,2021-09-24,Supply and delivery of office stationery & supplies items,Ministry of Occur
4882,Office Stationery & Supplies,4980779,2024-02-24,Supply and delivery of office stationery & supplies items,Ministry of Purpose
4883,Office Stationery & Supplies,3883938,2020-05-30,Supply and delivery of office stationery & supplies items,Ministry of Clearly
4884,Office Stationery & Supplies,9346875,2025-03-28,Supply and delivery of office stationery & supplies items,Ministry of Tonight
4885,Motor Vehicles & Spare Parts,4272975,2025-08-15,Supply and delivery of motor vehicles & spare parts items,Ministry of Education
4886,Office Stationery & Supplies,581193,2020-05-24,Supply and delivery of office stationery & supplies items,Ministry of Speech
4887,Office Stationery & Supplies,7478343,2024-10-06,Supply and delivery of office stationery & supplies items,Ministry of You
4888,Cleaning & Sanitary Services,727475,2021-08-14,Supply and delivery of cleaning & sanitary services items,Ministry of Country
4889,Office Stationery & Supplies,640027,2020-09-05,Supply and delivery of office stationery & supplies items,Ministry of Live
4890,Office Stationery & Supplies,1897355,2022-01-09,Supply and delivery of office stationery & supplies items,Ministry of Month
4891,ICT Equipment & Software,34810156,2024-08-05,Supply and delivery of ict equipment & software items,Ministry of State
4892,Cleaning & Sanitary Services,7741646,2023-03-17,Supply and delivery of cleaning & sanitary services items,Ministry of Much
4893,Cleaning & Sanitary Services,1536052,2020-09-24,Supply and delivery of cleaning & sanitary services items,Ministry of Relate
4894,Cleaning & Sanitary Services,3637553,2023-09-08,Supply and delivery of cleaning & sanitary services items,Ministry of Stock
4895,Motor Vehicles & Spare Parts,4031067,2020-07-01,Supply and delivery of motor vehicles & spare parts items,Ministry of Story
4896,Consultancy Services,4594445,2020-07-20,Supply and delivery of consultancy services items,Ministry of Control
4897,Consultancy Services,796084,2022-04-29,Supply and delivery of consultancy services items,Ministry of Current
4898,Cleaning & Sanitary Services,2581498,2023-04-09,Supply and delivery of cleaning & sanitary services items,Ministry of Enough
4899,Medical Supplies & Pharmaceuticals,3204379,2024-05-08,Supply and delivery of medical supplies & pharmaceuticals items,Ministry of Whether
4900,Motor Vehicles & Spare Parts,7333646,2025-06-25,Supply and delivery of motor vehicles & spare parts items,Ministry of Summer
4901,Medical Supplies & Pharmaceuticals,6358588,2025-10-25,Supply and delivery of medical supplies & pharmaceuticals items,Ministry of Space
4902,Motor Vehicles & Spare Parts,136051,2020-07-08,Supply and delivery of motor vehicles & spare parts items,Ministry of At
4903,Cleaning & Sanitary Services,4777202,2020-12-21,Supply and delivery of cleaning & sanitary services items,Ministry of Guess
4904,Office Stationery & Supplies,6202744,2020-12-17,Supply and delivery of office stationery & supplies items,Ministry of Teacher
4905,Cleaning & Sanitary Services,3952659,2024-02-19,Supply and delivery of cleaning & sanitary services items,Ministry of Daughter
4906,Motor Vehicles & Spare Parts,4667994,2022-11-14,Supply and delivery of motor vehicles & spare parts items,Ministry of Window
4907,Office Stationery & Supplies,2122862,2024-07-17,Supply and delivery of office stationery & supplies items,Ministry of Have
4908,Construction & Civil Works,197205951,2020-03-06,Supply and delivery of construction & civil works items,Ministry of Tonight
4909,Office Stationery & Supplies,777551,2022-05-02,Supply and delivery of office stationery & supplies items,Ministry of Something
4910,Consultancy Services,1312740,2022-08-05,Supply and delivery of consultancy services items,Ministry of Surface
4911,ICT Equipment & Software,34551597,2023-01-27,Supply and delivery of ict equipment & software items,Ministry of Task
4912,ICT Equipment & Software,24516455,2022-05-31,Supply and delivery of ict equipment & software items,Ministry of Computer
4913,Consultancy Services,2660390,2021-02-20,Supply and delivery of consultancy services items,Ministry of Public
4914,Motor Vehicles & Spare Parts,9762479,2022-11-25,Supply and delivery of motor vehicles & spare parts items,Ministry of Peace
4915,Motor Vehicles & Spare Parts,3193348,2024-06-26,Supply and delivery of motor vehicles & spare parts items,Ministry of Audience
4916,Construction & Civil Works,440947651,2025-11-08,Supply and delivery of construction & civil works items,Ministry of Size
4917,Medical Supplies & Pharmaceuticals,705743,2021-05-11,Supply and delivery of medical supplies & pharmaceuticals items,Ministry of Realize
4918,Construction & Civil Works,106860974,2025-08-07,Supply and delivery of construction & civil works items,Ministry of Statement
4919,Medical Supplies & Pharmaceuticals,7247333,2022-12-19,Supply and delivery of medical supplies & pharmaceuticals items,Ministry of Spend
4920,Consultancy Services,7237763,2022-09-30,Supply and delivery of consultancy services items,Ministry of Fund
4921,Cleaning & Sanitary Services,4835332,2023-11-08,Supply and delivery of cleaning & sanitary services items,Ministry of Decide
4922,Cleaning & Sanitary Services,9501976,2025-05-25,Supply and delivery of cleaning & sanitary services items,Ministry of Although
4923,ICT Equipment & Software,13617852,2022-09-19,Supply and delivery of ict equipment & software items,Ministry of About
4924,Cleaning & Sanitary Services,7685321,2023-06-04,Supply and delivery of cleaning & sanitary services items,Ministry of Adult
4925,Motor Vehicles & Spare Parts,9754385,2025-12-03,Supply and delivery of motor vehicles & spare parts items,Ministry of World
4926,Consultancy Services,1335340,2022-03-27,Supply and delivery of consultancy services items,Ministry of Ground
4927,Cleaning & Sanitary Services,2332821,2022-06-29,Supply and delivery of cleaning & sanitary services items,Ministry of Third
4928,Construction & Civil Works,26133380,2020-01-17,Supply and delivery of construction & civil works items,Ministry of Forward
4929,Consultancy Services,9586661,2025-03-03,Supply and delivery of consultancy services items,Ministry of Bed
4930,Cleaning & Sanitary Services,9115362,2020-10-20,Supply and delivery of cleaning & sanitary services items,Ministry of Big
4931,Medical Supplies & Pharmaceuticals,3700867,2023-07-26,Supply and delivery of medical supplies & pharmaceuticals items,Ministry of Option
4932,Construction & Civil Works,69953891,2024-08-05,Supply and delivery of construction & civil works items,Ministry of Personal
4933,Construction & Civil Works,42150868,2020-10-24,Supply and delivery of construction & civil works items,Ministry of Miss
4934,Office Stationery & Supplies,3584634,2023-04-27,Supply and delivery of office stationery & supplies items,Ministry of Ok
4935,Consultancy Services,9725695,2024-05-09,Supply and delivery of consultancy services items,Ministry of Grow
4936,ICT Equipment & Software,39823969,2020-09-19,Supply and delivery of ict equipment & software items,Ministry of Talk
4937,Medical Supplies & Pharmaceuticals,7668661,2020-03-12,Supply and delivery of medical supplies & pharmaceuticals items,Ministry of Thing
4938,Construction & Civil Works,100529222,2023-10-30,Supply and delivery of construction & civil works items,Ministry of Else
4939,Office Stationery & Supplies,9572293,2021-11-14,Supply and delivery of office stationery & supplies items,Ministry of Term
4940,Office Stationery & Supplies,1466528,2022-07-21,Supply and delivery of office stationery & supplies items,Ministry of American
4941,Construction & Civil Works,130375273,2025-02-24,Supply and delivery of construction & civil works items,Ministry of Around
4942,Medical Supplies & Pharmaceuticals,2703927,2025-08-19,Supply and delivery of medical supplies & pharmaceuticals items,Ministry of Red
4943,Consultancy Services,3667850,2025-10-13,Supply and delivery of consultancy services items,Ministry of Certain
4944,Motor Vehicles & Spare Parts,9640615,2024-03-04,Supply and delivery of motor vehicles & spare parts items,Ministry of Team
4945,Office Stationery & Supplies,1719884,2022-04-11,Supply and delivery of office stationery & supplies items,Ministry of Claim
4946,Office Stationery & Supplies,8099317,2021-09-06,Supply and delivery of office stationery & supplies items,Ministry of To
4947,ICT Equipment & Software,21161252,2022-06-21,Supply and delivery of ict equipment & software items,Ministry of Bad
4948,ICT Equipment & Software,40171682,2025-11-06,Supply and delivery of ict equipment & software items,Ministry of Himself
4949,Office Stationery & Supplies,584469,2020-06-13,Supply and delivery of office stationery & supplies items,Ministry of Foot
4950,Construction & Civil Works,444671759,2024-06-06,Supply and delivery of construction & civil works items,Ministry of Investment
4951,Cleaning & Sanitary Services,4366246,2020-02-19,Supply and delivery of cleaning & sanitary services items,Ministry of Feel
4952,ICT Equipment & Software,41670573,2021-12-19,Supply and delivery of ict equipment & software items,Ministry of Seek
4953,Cleaning & Sanitary Services,4740743,2020-07-22,Supply and delivery of cleaning & sanitary services items,Ministry of Certain
4954,Motor Vehicles & Spare Parts,1668366,2025-08-02,Supply and delivery of motor vehicles & spare parts items,Ministry of Player
4955,Motor Vehicles & Spare Parts,784143,2023-08-06,Supply and delivery of motor vehicles & spare parts items,Ministry of Black
4956,Construction & Civil Works,289331562,2022-03-05,Supply and delivery of construction & civil works items,Ministry of Beyond
4957,Office Stationery & Supplies,7111612,2025-11-05,Supply and delivery of office stationery & supplies items,Ministry of Special
4958,Construction & Civil Works,375496388,2022-01-01,Supply and delivery of construction & civil works items,Ministry of View
4959,Consultancy Services,1764069,2020-09-28,Supply and delivery of consultancy services items,Ministry of Part
4960,ICT Equipment & Software,33889637,2021-04-10,Supply and delivery of ict equipment & software items,Ministry of Such
4961,Cleaning & Sanitary Services,544842,2020-06-21,Supply and delivery of cleaning & sanitary services items,Ministry of Appear
4962,Medical Supplies & Pharmaceuticals,6090842,2021-08-28,Supply and delivery of medical supplies & pharmaceuticals items,Ministry of Thought
4963,Construction & Civil Works,422113224,2024-07-24,Supply and delivery of construction & civil works items,Ministry of Somebody
4964,Office Stationery & Supplies,5075279,2023-04-01,Supply and delivery of office stationery & supplies items,Ministry of Town
4965,Office Stationery & Supplies,4162175,2020-06-23,Supply and delivery of office stationery & supplies items,Ministry of Seem
4966,Construction & Civil Works,325667704,2023-04-17,Supply and delivery of construction & civil works items,Ministry of Participant
4967,Consultancy Services,7419797,2025-03-21,Supply and delivery of consultancy services items,Ministry of Office
4968,Office Stationery & Supplies,9628778,2021-10-13,Supply and delivery of office stationery & supplies items,Ministry of Old
4969,ICT Equipment & Software,41984903,2023-12-12,Supply and delivery of ict equipment & software items,Ministry of Black
4970,Motor Vehicles & Spare Parts,8254678,2025-05-15,Supply and delivery of motor vehicles & spare parts items,Ministry of Soldier
4971,Construction & Civil Works,200860313,2025-08-01,Supply and delivery of construction & civil works items,Ministry of Forget
4972,Medical Supplies & Pharmaceuticals,9710804,2025-07-06,Supply and delivery of medical supplies & pharmaceuticals items,Ministry of Kitchen
4973,ICT Equipment & Software,32115931,2020-07-22,Supply and delivery of ict equipment & software items,Ministry of Goal
4974,Office Stationery & Supplies,2883993,2021-08-12,Supply and delivery of office stationery & supplies items,Ministry of Area
4975,Construction & Civil Works,278248041,2020-10-26,Supply and delivery of construction & civil works items,Ministry of Between
4976,Office Stationery & Supplies,926278,2025-09-10,Supply and delivery of office stationery & supplies items,Ministry of Per
4977,Office Stationery & Supplies,5599685,2020-01-09,Supply and delivery of office stationery & supplies items,Ministry of Vote
4978,Consultancy Services,5502066,2022-11-11,Supply and delivery of consultancy services items,Ministry of Manager
4979,ICT Equipment & Software,846990,2024-11-08,Supply and delivery of ict equipment & software items,Ministry of Into
4980,ICT Equipment & Software,37891245,2023-04-02,Supply and delivery of ict equipment & software items,Ministry of Everything
4981,Consultancy Services,9936447,2020-12-13,Supply and delivery of consultancy services items,Ministry of Yard
4982,ICT Equipment & Software,14422399,2023-05-14,Supply and delivery of ict equipment & software items,Ministry of Study
4983,Medical Supplies & Pharmaceuticals,1677127,2021-06-26,Supply and delivery of medical supplies & pharmaceuticals items,Ministry of Good
4984,ICT Equipment & Software,14198926,2021-01-03,Supply and delivery of ict equipment & software items,Ministry of Range
4985,Consultancy Services,2851691,2025-07-04,Supply and delivery of consultancy services items,Ministry of School
4986,Motor Vehicles & Spare Parts,2654137,2025-03-13,Supply and delivery of motor vehicles & spare parts items,Ministry of Professor
4987,Medical Supplies & Pharmaceuticals,127690,2024-11-14,Supply and delivery of medical supplies & pharmaceuticals items,Ministry of Many
4988,Office Stationery & Supplies,3313274,2021-04-23,Supply and delivery of office stationery & supplies items,Ministry of Section
4989,ICT Equipment & Software,42783756,2020-10-04,Supply and delivery of ict equipment & software items,Ministry of Sing
4990,Medical Supplies & Pharmaceuticals,9259486,2025-09-28,Supply and delivery of medical supplies & pharmaceuticals items,Ministry of Treat
4991,Construction & Civil Works,233757618,2024-02-04,Supply and delivery of construction & civil works items,Ministry of Edge
4992,Office Stationery & Supplies,9002280,2025-12-08,Supply and delivery of office stationery & supplies items,Ministry of Accept
4993,Motor Vehicles & Spare Parts,1099078,2024-02-01,Supply and delivery of motor vehicles & spare parts items,Ministry of Type
4994,Construction & Civil Works,497379846,2021-08-21,Supply and delivery of construction & civil works items,Ministry of Study
4995,ICT Equipment & Software,1204582,2024-05-18,Supply and delivery of ict equipment & software items,Ministry of Thousand
4996,Medical Supplies & Pharmaceuticals,976038,2021-02-14,Supply and delivery of medical supplies & pharmaceuticals items,Ministry of Officer
4997,Office Stationery & Supplies,3267724,2021-06-05,Supply and delivery of office stationery & supplies items,Ministry of Law
4998,ICT Equipment & Software,47769617,2021-04-07,Supply and delivery of ict equipment & software items,Ministry of Reflect
4999,Motor Vehicles & Spare Parts,926580,2022-05-01,Supply and delivery of motor vehicles & spare parts items,Ministry of Thank
5000,Consultancy Services,8318365,2023-03-02,Supply and delivery of consultancy services items,Ministry of Guy
